,metabolite,log_fold_change,p,n,comparison,q,name,-log10q_val,enrichment
0,2omfuc[e],0.28768810362266883,0.40302703814967455,46,recipient vs. donor,0.865286381571741,2-o-methylfucose (rare sugar in rhamnogalacturonan II),0.06284013143438048,n.s.
1,13ppd[e],1.7635279108001445,0.004023039274533794,46,recipient vs. donor,0.04171950267289297,"Propane-1,3-diol",1.379660877323782,enriched
2,2obut[e],-1.1198594576048528,0.00010184125839129438,46,recipient vs. donor,0.002389632384395729,2-Oxobutanoate,2.62166890478748,depleted
3,12ppd_S[e],0.7236030020692742,0.039002209543407086,46,recipient vs. donor,0.23383551454332094,"(S)-propane-1,2-diol",0.6310895282517484,n.s.
4,2mbut[e],2.0213938668894187,0.0004822784210795528,46,recipient vs. donor,0.007728217625591858,2-methylbutyrate,2.1119206567448785,enriched
5,2hyoxplac[e],1.078809390726832,0.00962047029425874,46,recipient vs. donor,0.0734959184107906,2-Hydroxyphenylacetate,1.1337367787510573,n.s.
6,34dhpha[e],1.425973699355275,0.20544797943310655,46,recipient vs. donor,0.799913202518681,"(3,4-dihydroxyphenyl)acetate",0.09695713514837949,n.s.
7,26dap_M[e],0.43691137048583095,0.00327610845723215,46,recipient vs. donor,0.03471618155486327,"meso-2,6-Diaminoheptanedioate",1.4594680490729974,enriched
8,2omxyl[e],0.28768810362266883,0.40302703814967455,46,recipient vs. donor,0.865286381571741,2-O-methylxylose (rare sugar in rhamnogalacturonan II),0.06284013143438048,n.s.
9,2ddglcn[e],2.566557770008778,0.08097633527752884,46,recipient vs. donor,0.42772688077047377,2-Dehydro-3-deoxy-D-gluconate,0.3688334553699296,n.s.
10,15dap[e],4.265101861605677,0.03999371619145794,46,recipient vs. donor,0.23383551454332094,"1,5-Diaminopentane",0.6310895282517484,n.s.
11,12dhchol[e],0.9471161856484438,0.005075719993579333,46,recipient vs. donor,0.04977235874300928,12-Dehydrocholate,1.3030117772829095,enriched
12,3dhcdchol[e],0.46174120145746383,0.18479378870597285,46,recipient vs. donor,0.7723289294466347,3-Dehydrochenodeoxycholate,0.11219769730751812,n.s.
13,3ddlhept[e],0.28768810362266883,0.40302703814967455,46,recipient vs. donor,0.865286381571741,3-deoxy-d-lyxo-heptulosaric acid (rare sugar in rhamnogalacturonan II),0.06284013143438048,n.s.
14,3dhchol[e],0.42593137150152666,0.22596355093035736,46,recipient vs. donor,0.8532072009266942,3-Dehydrocholate,0.06894548783403548,n.s.
15,3mop[e],1.6773716408727415,5.238611671337341e-06,46,recipient vs. donor,0.00029537687729264383,3-methyl-2-oxopentanoate,3.5296235051556124,enriched
16,4abut[e],2.2215174114164538,3.475196654696705e-05,46,recipient vs. donor,0.000951335084223223,4-Aminobutanoate,3.02166648664063,enriched
17,4hbz[e],1.491180171221668,0.019236136999891993,46,recipient vs. donor,0.13029012380339217,4-hydroxybenzoate,0.885088503245574,n.s.
18,4hoxpacd[e],2.951544313143634,0.14463691215819816,46,recipient vs. donor,0.688597473100987,(4-hydroxyphenyl)acetaldehyde,0.16203457532915425,n.s.
19,4hphac[e],2.276253789742957,7.683097471475708e-05,46,recipient vs. donor,0.0018695537180590887,4-hydroxyphenylacetate,2.7282620517071545,enriched
20,4mcat[e],0.5049735385008773,0.02924530304285633,46,recipient vs. donor,0.18475157787650587,4-Methylcatechol,0.7334118438119818,n.s.
21,5mta[e],0.019549238112290368,0.27645040241026075,46,recipient vs. donor,0.865286381571741,5-Methylthioadenosine,0.06284013143438048,n.s.
22,5aptn[e],7.638102100003334,0.0006304404724204624,46,recipient vs. donor,0.009632543962331251,5-Aminopentanoate,2.016259000217447,enriched
23,5mthf[e],0.12908447169881754,0.683565387323813,46,recipient vs. donor,0.865286381571741,5-Methyltetrahydrofolate,0.06284013143438048,n.s.
24,7ocholate[e],0.5078526132213164,0.07767459592202886,46,recipient vs. donor,0.4148960123640078,"3alpha,12alpha-Dihydroxy-7-oxo-5beta-cholanate",0.3820607392289435,n.s.
25,7dhcdchol[e],0.4170578795902423,0.3157389570068424,46,recipient vs. donor,0.865286381571741,7-Dehydrochenodeoxycholate,0.06284013143438048,n.s.
26,C02528[e],0.28849954436923053,0.541082457650242,46,recipient vs. donor,0.865286381571741,chenodeoxycholate,0.06284013143438048,n.s.
27,HC02191[e],1.3402524437259125,0.015765395172808772,46,recipient vs. donor,0.11137488847887488,lithocholate,0.9532127178195672,n.s.
28,Lcystin[e],0.7785330029616171,0.01594758987349087,46,recipient vs. donor,0.11146347390301599,L-cystine,0.9528674257208735,n.s.
29,Lkynr[e],0.00020072254112335486,0.3117405816203951,46,recipient vs. donor,0.865286381571741,L-kynurenine,0.06284013143438048,n.s.
30,M03134[e],7.172685403082525,0.0007240283573286923,46,recipient vs. donor,0.01063036950740077,Valeric Acid,1.9734516393114991,enriched
31,HC02194[e],3.3547336608801537,0.00012301619308850703,46,recipient vs. donor,0.0024491405714893674,Ursodiol,2.6109862872843883,enriched
32,MGlcn100[e],1.2608292281476174,0.6007876839072319,46,recipient vs. donor,0.865286381571741,mucin-type O-glycan No 100,0.06284013143438048,n.s.
33,MGlcn100_rl[e],0.9592467805959295,0.6342893396994933,46,recipient vs. donor,0.865286381571741,released mucin-type O-glycan No 100,0.06284013143438048,n.s.
34,MGlcn101[e],0.5544531323909503,0.42299934931716276,46,recipient vs. donor,0.865286381571741,mucin-type O-glycan No 101,0.06284013143438048,n.s.
35,MGlcn101_rl[e],0.90347435805106,0.664804847426417,46,recipient vs. donor,0.865286381571741,released mucin-type O-glycan No 101,0.06284013143438048,n.s.
36,MGlcn102[e],1.4109150694973138,0.33253663786936116,46,recipient vs. donor,0.865286381571741,mucin-type O-glycan No 102,0.06284013143438048,n.s.
37,MGlcn102_rl[e],1.6328951856894243,0.1910961973104084,46,recipient vs. donor,0.7846887602058645,released mucin-type O-glycan No 102,0.10530256813185676,n.s.
38,MGlcn103_rl[e],1.1699383653695392,0.6363965435162853,46,recipient vs. donor,0.865286381571741,released mucin-type O-glycan No 103,0.06284013143438048,n.s.
39,MGlcn103[e],0.9892786066703252,0.6537925516423102,46,recipient vs. donor,0.865286381571741,mucin-type O-glycan No 103,0.06284013143438048,n.s.
40,MGlcn104[e],0.8649392999701746,0.6465430953003872,46,recipient vs. donor,0.865286381571741,mucin-type O-glycan No 104,0.06284013143438048,n.s.
41,MGlcn104_rl[e],0.570449764545149,0.6235672814573332,46,recipient vs. donor,0.865286381571741,released mucin-type O-glycan No 104,0.06284013143438048,n.s.
42,MGlcn105[e],1.018906648632445,0.4777005467795341,46,recipient vs. donor,0.865286381571741,mucin-type O-glycan No 105,0.06284013143438048,n.s.
43,MGlcn105_rl[e],0.3248820063634881,0.7151453655912563,46,recipient vs. donor,0.865286381571741,released mucin-type O-glycan No 105,0.06284013143438048,n.s.
44,MGlcn106[e],1.280743033187786,0.1785540664983668,46,recipient vs. donor,0.7723289294466347,mucin-type O-glycan No 106,0.11219769730751812,n.s.
45,MGlcn106_rl[e],0.4057832890781796,0.6721200501066753,46,recipient vs. donor,0.865286381571741,released mucin-type O-glycan No 106,0.06284013143438048,n.s.
46,MGlcn107[e],0.42295860703394794,0.43197187875679544,46,recipient vs. donor,0.865286381571741,mucin-type O-glycan No 107,0.06284013143438048,n.s.
47,MGlcn107_rl[e],-0.37183533815571934,0.7793034674550947,46,recipient vs. donor,0.8692595879846294,released mucin-type O-glycan No 107,0.0608505103244826,n.s.
48,MGlcn108_rl[e],0.8274865108913403,0.677237316775448,46,recipient vs. donor,0.865286381571741,released mucin-type O-glycan No 108,0.06284013143438048,n.s.
49,MGlcn108[e],0.7447231371751286,0.7108228362038651,46,recipient vs. donor,0.865286381571741,mucin-type O-glycan No 108,0.06284013143438048,n.s.
50,MGlcn109_rl[e],0.9262590835989499,0.5418978730316092,46,recipient vs. donor,0.865286381571741,released mucin-type O-glycan No 109,0.06284013143438048,n.s.
51,MGlcn110[e],0.758177644460865,0.5578579601434146,46,recipient vs. donor,0.865286381571741,mucin-type O-glycan No 110,0.06284013143438048,n.s.
52,MGlcn10[e],1.4588932684330516,0.6823801524997495,46,recipient vs. donor,0.865286381571741,mucin-type O-glycan No 10,0.06284013143438048,n.s.
53,MGlcn109[e],0.4567659142252616,0.6581205417836247,46,recipient vs. donor,0.865286381571741,mucin-type O-glycan No 109,0.06284013143438048,n.s.
54,MGlcn10_rl[e],1.00611855338229,0.693085962746043,46,recipient vs. donor,0.865286381571741,released mucin-type O-glycan No 10,0.06284013143438048,n.s.
55,MGlcn110_rl[e],0.9272435110362558,0.6581205417836247,46,recipient vs. donor,0.865286381571741,released mucin-type O-glycan No 110,0.06284013143438048,n.s.
56,MGlcn111[e],0.5320831126182242,0.7543331414731826,46,recipient vs. donor,0.8679454885251856,mucin-type O-glycan No 111,0.06150754991120708,n.s.
57,MGlcn111_rl[e],0.8251624176890608,0.6070647554930899,46,recipient vs. donor,0.865286381571741,released mucin-type O-glycan No 111,0.06284013143438048,n.s.
58,MGlcn112[e],0.3239138528086585,0.6132050281245285,46,recipient vs. donor,0.865286381571741,mucin-type O-glycan No 112,0.06284013143438048,n.s.
59,MGlcn112_rl[e],0.12654216084860792,0.6755157348929844,46,recipient vs. donor,0.865286381571741,released mucin-type O-glycan No 112,0.06284013143438048,n.s.
60,MGlcn113[e],0.4154093272797894,0.7287176950309839,46,recipient vs. donor,0.866824000983678,mucin-type O-glycan No 113,0.062069072259389436,n.s.
61,MGlcn114[e],0.2267576952466719,0.7726890383190211,46,recipient vs. donor,0.8692595879846294,mucin-type O-glycan No 114,0.0608505103244826,n.s.
62,MGlcn114_rl[e],0.11067011197319232,0.7467616203299265,46,recipient vs. donor,0.866824000983678,released mucin-type O-glycan No 114,0.062069072259389436,n.s.
63,MGlcn113_rl[e],0.0108413796385598,0.7832597809541866,46,recipient vs. donor,0.8692595879846294,released mucin-type O-glycan No 113,0.0608505103244826,n.s.
64,MGlcn115[e],0.752399792927033,0.664804847426417,46,recipient vs. donor,0.865286381571741,mucin-type O-glycan No 115,0.06284013143438048,n.s.
65,MGlcn116[e],1.0438276945549667,0.6755157348929844,46,recipient vs. donor,0.865286381571741,mucin-type O-glycan No 116,0.06284013143438048,n.s.
66,MGlcn117[e],0.8725980015277379,0.4475054097465291,46,recipient vs. donor,0.865286381571741,mucin-type O-glycan No 117,0.06284013143438048,n.s.
67,MGlcn115_rl[e],0.39249591497075187,0.7911730079464955,46,recipient vs. donor,0.8713915167623819,released mucin-type O-glycan No 115,0.05978667235667942,n.s.
68,MGlcn116_rl[e],0.8895306504635769,0.8397824393160982,46,recipient vs. donor,0.8757731152867881,released mucin-type O-glycan No 116,0.05760839102538253,n.s.
69,MGlcn117_rl[e],0.09771886929380713,0.9702101490749658,46,recipient vs. donor,0.9794458396283218,released mucin-type O-glycan No 117,0.009019574167336465,n.s.
70,MGlcn118[e],0.4718412994735388,0.7181002257526398,46,recipient vs. donor,0.8656731161825401,mucin-type O-glycan No 118,0.06264606945841443,n.s.
71,MGlcn118_rl[e],0.6892820361766034,0.7804004981064266,46,recipient vs. donor,0.8692595879846294,released mucin-type O-glycan No 118,0.0608505103244826,n.s.
72,MGlcn119_rl[e],0.43973004443127195,0.7108228362038651,46,recipient vs. donor,0.865286381571741,released mucin-type O-glycan No 119,0.06284013143438048,n.s.
73,MGlcn119[e],0.7301761144540428,0.6823801524997495,46,recipient vs. donor,0.865286381571741,mucin-type O-glycan No 119,0.06284013143438048,n.s.
74,MGlcn120_rl[e],0.7855658993211563,0.526168935141665,46,recipient vs. donor,0.865286381571741,released mucin-type O-glycan No 120,0.06284013143438048,n.s.
75,MGlcn121[e],0.7276124244258391,0.683565387323813,46,recipient vs. donor,0.865286381571741,mucin-type O-glycan No 121,0.06284013143438048,n.s.
76,MGlcn120[e],1.0928282586745333,0.6132050281245285,46,recipient vs. donor,0.865286381571741,mucin-type O-glycan No 120,0.06284013143438048,n.s.
77,MGlcn121_rl[e],0.1335437837345701,0.9705011287641362,46,recipient vs. donor,0.9794458396283218,released mucin-type O-glycan No 121,0.009019574167336465,n.s.
78,MGlcn122[e],0.9521668236350855,0.6823801524997495,46,recipient vs. donor,0.865286381571741,mucin-type O-glycan No 122,0.06284013143438048,n.s.
79,MGlcn123[e],0.527626884206633,0.7361149889298535,46,recipient vs. donor,0.866824000983678,mucin-type O-glycan No 123,0.062069072259389436,n.s.
80,MGlcn122_rl[e],0.43409118289824633,0.7287176950309839,46,recipient vs. donor,0.866824000983678,released mucin-type O-glycan No 122,0.062069072259389436,n.s.
81,MGlcn123_rl[e],0.6426094649548055,0.6581205417836247,46,recipient vs. donor,0.865286381571741,released mucin-type O-glycan No 123,0.06284013143438048,n.s.
82,MGlcn124[e],0.9936990401506627,0.6755157348929844,46,recipient vs. donor,0.865286381571741,mucin-type O-glycan No 124,0.06284013143438048,n.s.
83,MGlcn124_rl[e],0.8361582201816269,0.6238873914262112,46,recipient vs. donor,0.865286381571741,released mucin-type O-glycan No 124,0.06284013143438048,n.s.
84,MGlcn126_rl[e],0.7575267662335321,0.5904477774239176,46,recipient vs. donor,0.865286381571741,released mucin-type O-glycan No 126,0.06284013143438048,n.s.
85,MGlcn127[e],0.1580991274178416,0.30680188930525587,46,recipient vs. donor,0.865286381571741,mucin-type O-glycan No 127,0.06284013143438048,n.s.
86,MGlcn126[e],0.19446056663615963,0.7832597809541866,46,recipient vs. donor,0.8692595879846294,mucin-type O-glycan No 126,0.0608505103244826,n.s.
87,MGlcn127_rl[e],0.8510723818427124,0.5047811890539323,46,recipient vs. donor,0.865286381571741,released mucin-type O-glycan No 127,0.06284013143438048,n.s.
88,MGlcn128[e],0.6480492270975589,0.4165278144855268,46,recipient vs. donor,0.865286381571741,mucin-type O-glycan No 128,0.06284013143438048,n.s.
89,MGlcn128_rl[e],0.22429159546924282,0.8898997826974784,46,recipient vs. donor,0.9106918336950831,released mucin-type O-glycan No 128,0.04062855778790376,n.s.
90,MGlcn129_rl[e],1.3110220044719902,0.8340172831498733,46,recipient vs. donor,0.8757731152867881,released mucin-type O-glycan No 129,0.05760839102538253,n.s.
91,MGlcn12[e],0.7722825480999447,0.48866817604898705,46,recipient vs. donor,0.865286381571741,mucin-type O-glycan No 12,0.06284013143438048,n.s.
92,MGlcn129[e],0.5200251095097386,0.31937082106807646,46,recipient vs. donor,0.865286381571741,mucin-type O-glycan No 129,0.06284013143438048,n.s.
93,MGlcn12_rl[e],0.7459418390964689,0.6138037069112392,46,recipient vs. donor,0.865286381571741,released mucin-type O-glycan No 12,0.06284013143438048,n.s.
94,MGlcn130[e],1.233111345120367,0.2027490474878424,46,recipient vs. donor,0.799913202518681,mucin-type O-glycan No 130,0.09695713514837949,n.s.
95,MGlcn130_rl[e],-0.13076888486770244,0.8851611986544488,46,recipient vs. donor,0.9072557059531556,released mucin-type O-glycan No 130,0.04227029173454075,n.s.
96,MGlcn131[e],0.8526090418533769,0.1171794876270829,46,recipient vs. donor,0.587686437946515,mucin-type O-glycan No 131,0.23085433139373845,n.s.
97,MGlcn131_rl[e],0.9812724427519299,0.48042243608415613,46,recipient vs. donor,0.865286381571741,released mucin-type O-glycan No 131,0.06284013143438048,n.s.
98,MGlcn132_rl[e],0.7697291505946708,0.5418978730316092,46,recipient vs. donor,0.865286381571741,released mucin-type O-glycan No 132,0.06284013143438048,n.s.
99,MGlcn133[e],1.4877655450298946,0.16238787145020295,46,recipient vs. donor,0.7397201533423068,mucin-type O-glycan No 133,0.13093254897941434,n.s.
100,MGlcn133_rl[e],1.0055913988126193,0.3814715659318374,46,recipient vs. donor,0.865286381571741,released mucin-type O-glycan No 133,0.06284013143438048,n.s.
101,MGlcn132[e],0.6186150067192777,0.6474118907339166,46,recipient vs. donor,0.865286381571741,mucin-type O-glycan No 132,0.06284013143438048,n.s.
102,MGlcn134_rl[e],0.8062239668488971,0.7767846611306712,46,recipient vs. donor,0.8692595879846294,released mucin-type O-glycan No 134,0.0608505103244826,n.s.
103,MGlcn135[e],1.4222358862268365,0.7693418868791995,46,recipient vs. donor,0.8692595879846294,mucin-type O-glycan No 135,0.0608505103244826,n.s.
104,MGlcn134[e],0.5033781828790076,0.28265973344526407,46,recipient vs. donor,0.865286381571741,mucin-type O-glycan No 134,0.06284013143438048,n.s.
105,MGlcn135_rl[e],0.38506747908959227,0.6755157348929844,46,recipient vs. donor,0.865286381571741,released mucin-type O-glycan No 135,0.06284013143438048,n.s.
106,MGlcn136_rl[e],0.4467780380358697,0.6755157348929844,46,recipient vs. donor,0.865286381571741,released mucin-type O-glycan No 136,0.06284013143438048,n.s.
107,MGlcn136[e],0.36583588926303534,0.5578579601434146,46,recipient vs. donor,0.865286381571741,mucin-type O-glycan No 136,0.06284013143438048,n.s.
108,MGlcn137[e],0.8528457435977153,0.6755157348929844,46,recipient vs. donor,0.865286381571741,mucin-type O-glycan No 137,0.06284013143438048,n.s.
109,MGlcn137_rl[e],0.9179810646992266,0.801695006763405,46,recipient vs. donor,0.8713915167623819,released mucin-type O-glycan No 137,0.05978667235667942,n.s.
110,MGlcn138_rl[e],0.7400312412001355,0.7649454476807861,46,recipient vs. donor,0.8692595879846294,released mucin-type O-glycan No 138,0.0608505103244826,n.s.
111,MGlcn138[e],0.7723189171020657,0.8472934880958625,46,recipient vs. donor,0.8808098444287684,mucin-type O-glycan No 138,0.05511784008853047,n.s.
112,MGlcn139[e],0.9130759446470051,0.8747869758991097,46,recipient vs. donor,0.9022528150168211,mucin-type O-glycan No 139,0.04467175427331562,n.s.
113,MGlcn139_rl[e],0.6432975752191403,0.7649454476807861,46,recipient vs. donor,0.8692595879846294,released mucin-type O-glycan No 139,0.0608505103244826,n.s.
114,MGlcn13[e],0.882997708475191,0.6124378025432353,46,recipient vs. donor,0.865286381571741,mucin-type O-glycan No 13,0.06284013143438048,n.s.
115,MGlcn13_rl[e],0.7254123122219855,0.6812465014371545,46,recipient vs. donor,0.865286381571741,released mucin-type O-glycan No 13,0.06284013143438048,n.s.
116,MGlcn140[e],0.746424363153249,0.8284854134096598,46,recipient vs. donor,0.8757731152867881,mucin-type O-glycan No 140,0.05760839102538253,n.s.
117,MGlcn140_rl[e],0.3358724732504328,0.8661889465075596,46,recipient vs. donor,0.894789524929979,released mucin-type O-glycan No 140,0.048279108719055795,n.s.
118,MGlcn141[e],0.34472345119135284,0.8178503520850294,46,recipient vs. donor,0.8757731152867881,mucin-type O-glycan No 141,0.05760839102538253,n.s.
119,MGlcn141_rl[e],0.8943571477592727,0.6070647554930899,46,recipient vs. donor,0.865286381571741,released mucin-type O-glycan No 141,0.06284013143438048,n.s.
120,MGlcn142[e],0.9301723233959258,0.7832597809541866,46,recipient vs. donor,0.8692595879846294,mucin-type O-glycan No 142,0.0608505103244826,n.s.
121,MGlcn142_rl[e],0.820623183664619,0.7662287553731423,46,recipient vs. donor,0.8692595879846294,released mucin-type O-glycan No 142,0.0608505103244826,n.s.
122,MGlcn144[e],0.6725302464514513,0.37219253638374894,46,recipient vs. donor,0.865286381571741,mucin-type O-glycan No 144,0.06284013143438048,n.s.
123,MGlcn143[e],0.8406378212819305,0.6755157348929844,46,recipient vs. donor,0.865286381571741,mucin-type O-glycan No 143,0.06284013143438048,n.s.
124,MGlcn143_rl[e],0.7429287813262704,0.6961693824535566,46,recipient vs. donor,0.865286381571741,released mucin-type O-glycan No 143,0.06284013143438048,n.s.
125,MGlcn145[e],0.449958463585876,0.8388886870465307,46,recipient vs. donor,0.8757731152867881,mucin-type O-glycan No 145,0.05760839102538253,n.s.
126,MGlcn144_rl[e],0.4308129542048782,0.8097751624655358,46,recipient vs. donor,0.8735103018745467,released mucin-type O-glycan No 144,0.05873196873384234,n.s.
127,MGlcn145_rl[e],0.7502340649950447,0.8212351074728638,46,recipient vs. donor,0.8757731152867881,released mucin-type O-glycan No 145,0.05760839102538253,n.s.
128,MGlcn146[e],0.7586475474724246,0.7832597809541866,46,recipient vs. donor,0.8692595879846294,mucin-type O-glycan No 146,0.0608505103244826,n.s.
129,MGlcn146_rl[e],0.7678913111810388,0.693085962746043,46,recipient vs. donor,0.865286381571741,released mucin-type O-glycan No 146,0.06284013143438048,n.s.
130,MGlcn147[e],1.167746908428171,0.5904477774239176,46,recipient vs. donor,0.865286381571741,mucin-type O-glycan No 147,0.06284013143438048,n.s.
131,MGlcn147_rl[e],0.8817841858478204,0.693085962746043,46,recipient vs. donor,0.865286381571741,released mucin-type O-glycan No 147,0.06284013143438048,n.s.
132,MGlcn148_rl[e],0.8986576441012168,0.3622117661667812,46,recipient vs. donor,0.865286381571741,released mucin-type O-glycan No 148,0.06284013143438048,n.s.
133,MGlcn148[e],0.9723753389953238,0.3796107364914548,46,recipient vs. donor,0.865286381571741,mucin-type O-glycan No 148,0.06284013143438048,n.s.
134,MGlcn149[e],0.3419860465715203,0.6216819464449166,46,recipient vs. donor,0.865286381571741,mucin-type O-glycan No 149,0.06284013143438048,n.s.
135,MGlcn149_rl[e],0.34226950535650147,0.8388886870465307,46,recipient vs. donor,0.8757731152867881,released mucin-type O-glycan No 149,0.05760839102538253,n.s.
136,MGlcn14_rl[e],0.5184175111554197,0.5339338582503457,46,recipient vs. donor,0.865286381571741,released mucin-type O-glycan No 14,0.06284013143438048,n.s.
137,MGlcn14[e],0.8608498155451532,0.41806120083166554,46,recipient vs. donor,0.865286381571741,mucin-type O-glycan No 14,0.06284013143438048,n.s.
138,MGlcn150_rl[e],0.49832578980302955,0.7108228362038651,46,recipient vs. donor,0.865286381571741,released mucin-type O-glycan No 150,0.06284013143438048,n.s.
139,MGlcn150[e],0.7224828013340598,0.6238873914262112,46,recipient vs. donor,0.865286381571741,mucin-type O-glycan No 150,0.06284013143438048,n.s.
140,MGlcn151[e],0.9730429433971857,0.6409084897598556,46,recipient vs. donor,0.865286381571741,mucin-type O-glycan No 151,0.06284013143438048,n.s.
141,MGlcn151_rl[e],0.7698498666927982,0.678754706718287,46,recipient vs. donor,0.865286381571741,released mucin-type O-glycan No 151,0.06284013143438048,n.s.
142,MGlcn152[e],0.6110644678666617,0.6238873914262112,46,recipient vs. donor,0.865286381571741,mucin-type O-glycan No 152,0.06284013143438048,n.s.
143,MGlcn152_rl[e],0.930628792208271,0.6755157348929844,46,recipient vs. donor,0.865286381571741,released mucin-type O-glycan No 152,0.06284013143438048,n.s.
144,MGlcn153[e],1.0527653693624828,0.6581205417836247,46,recipient vs. donor,0.865286381571741,mucin-type O-glycan No 153,0.06284013143438048,n.s.
145,MGlcn153_rl[e],0.9354167432242271,0.6174390163621403,46,recipient vs. donor,0.865286381571741,released mucin-type O-glycan No 153,0.06284013143438048,n.s.
146,MGlcn154[e],0.6898053808806779,0.5681094971753233,46,recipient vs. donor,0.865286381571741,mucin-type O-glycan No 154,0.06284013143438048,n.s.
147,MGlcn154_rl[e],0.3542254128954774,0.6800857076947875,46,recipient vs. donor,0.865286381571741,released mucin-type O-glycan No 154,0.06284013143438048,n.s.
148,MGlcn155[e],0.7451985703923789,0.7108228362038651,46,recipient vs. donor,0.865286381571741,mucin-type O-glycan No 155,0.06284013143438048,n.s.
149,MGlcn155_rl[e],0.7311422533611704,0.6755157348929844,46,recipient vs. donor,0.865286381571741,released mucin-type O-glycan No 155,0.06284013143438048,n.s.
150,MGlcn156_rl[e],0.6034596104842969,0.6629028892183693,46,recipient vs. donor,0.865286381571741,released mucin-type O-glycan No 156,0.06284013143438048,n.s.
151,MGlcn156[e],0.6861831919546866,0.7108228362038651,46,recipient vs. donor,0.865286381571741,mucin-type O-glycan No 156,0.06284013143438048,n.s.
152,MGlcn157[e],1.1856263006400845,0.7251931348048142,46,recipient vs. donor,0.866824000983678,mucin-type O-glycan No 157,0.062069072259389436,n.s.
153,MGlcn158[e],0.6798969321466224,0.6409084897598556,46,recipient vs. donor,0.865286381571741,mucin-type O-glycan No 158,0.06284013143438048,n.s.
154,MGlcn157_rl[e],0.6196866828353684,0.8367382146940086,46,recipient vs. donor,0.8757731152867881,released mucin-type O-glycan No 157,0.05760839102538253,n.s.
155,MGlcn158_rl[e],0.7438658369063411,0.6070647554930899,46,recipient vs. donor,0.865286381571741,released mucin-type O-glycan No 158,0.06284013143438048,n.s.
156,MGlcn159[e],1.194287070009949,0.6755157348929844,46,recipient vs. donor,0.865286381571741,mucin-type O-glycan No 159,0.06284013143438048,n.s.
157,MGlcn159_rl[e],1.0304702699356802,0.5106766645999963,46,recipient vs. donor,0.865286381571741,released mucin-type O-glycan No 159,0.06284013143438048,n.s.
158,MGlcn15_rl[e],0.5900875265964132,0.7662287553731423,46,recipient vs. donor,0.8692595879846294,released mucin-type O-glycan No 15,0.0608505103244826,n.s.
159,MGlcn15[e],0.7856134888751392,0.6755157348929844,46,recipient vs. donor,0.865286381571741,mucin-type O-glycan No 15,0.06284013143438048,n.s.
160,MGlcn161_rl[e],0.2796903725921993,0.8212351074728638,46,recipient vs. donor,0.8757731152867881,released mucin-type O-glycan No 161,0.05760839102538253,n.s.
161,MGlcn160[e],0.8153957174654209,0.6409084897598556,46,recipient vs. donor,0.865286381571741,mucin-type O-glycan No 160,0.06284013143438048,n.s.
162,MGlcn160_rl[e],0.8318843519211505,0.5578579601434146,46,recipient vs. donor,0.865286381571741,released mucin-type O-glycan No 160,0.06284013143438048,n.s.
163,MGlcn161[e],0.4025761658889735,0.801695006763405,46,recipient vs. donor,0.8713915167623819,mucin-type O-glycan No 161,0.05978667235667942,n.s.
164,MGlcn162[e],0.7032463702675606,0.5634540979131741,46,recipient vs. donor,0.865286381571741,mucin-type O-glycan No 162,0.06284013143438048,n.s.
165,MGlcn163[e],0.7403495107671532,0.5740433309037023,46,recipient vs. donor,0.865286381571741,mucin-type O-glycan No 163,0.06284013143438048,n.s.
166,MGlcn162_rl[e],0.46871068805186056,0.39280466930172375,46,recipient vs. donor,0.865286381571741,released mucin-type O-glycan No 162,0.06284013143438048,n.s.
167,MGlcn163_rl[e],0.44730679137262896,0.5207480781866634,46,recipient vs. donor,0.865286381571741,released mucin-type O-glycan No 163,0.06284013143438048,n.s.
168,MGlcn164[e],0.7591957993164122,0.7180440206568459,46,recipient vs. donor,0.8656731161825401,mucin-type O-glycan No 164,0.06264606945841443,n.s.
169,MGlcn164_rl[e],0.6360018111105852,0.5520955946636577,46,recipient vs. donor,0.865286381571741,released mucin-type O-glycan No 164,0.06284013143438048,n.s.
170,MGlcn165[e],0.5656805775261056,0.693085962746043,46,recipient vs. donor,0.865286381571741,mucin-type O-glycan No 165,0.06284013143438048,n.s.
171,MGlcn166[e],0.5806458539408546,0.6303891180100261,46,recipient vs. donor,0.865286381571741,mucin-type O-glycan No 166,0.06284013143438048,n.s.
172,MGlcn166_rl[e],0.6303076664861837,0.5652453996541227,46,recipient vs. donor,0.865286381571741,released mucin-type O-glycan No 166,0.06284013143438048,n.s.
173,MGlcn165_rl[e],0.7898766889008648,0.6755157348929844,46,recipient vs. donor,0.865286381571741,released mucin-type O-glycan No 165,0.06284013143438048,n.s.
174,MGlcn167[e],1.1917846082542596,0.6238873914262112,46,recipient vs. donor,0.865286381571741,mucin-type O-glycan No 167,0.06284013143438048,n.s.
175,MGlcn167_rl[e],0.6613777807486088,0.7467616203299265,46,recipient vs. donor,0.866824000983678,released mucin-type O-glycan No 167,0.062069072259389436,n.s.
176,MGlcn168[e],0.4628564632875616,0.8202413095189462,46,recipient vs. donor,0.8757731152867881,mucin-type O-glycan No 168,0.05760839102538253,n.s.
177,MGlcn168_rl[e],0.5450225292026865,0.7467616203299265,46,recipient vs. donor,0.866824000983678,released mucin-type O-glycan No 168,0.062069072259389436,n.s.
178,MGlcn169[e],0.9506131929376593,0.6581205417836247,46,recipient vs. donor,0.865286381571741,mucin-type O-glycan No 169,0.06284013143438048,n.s.
179,MGlcn169_rl[e],0.5300629605221694,0.8202413095189462,46,recipient vs. donor,0.8757731152867881,released mucin-type O-glycan No 169,0.05760839102538253,n.s.
180,MGlcn16[e],0.718313144313484,0.6581205417836247,46,recipient vs. donor,0.865286381571741,mucin-type O-glycan No 16,0.06284013143438048,n.s.
181,MGlcn16_rl[e],0.6678574095106207,0.6174390163621403,46,recipient vs. donor,0.865286381571741,released mucin-type O-glycan No 16,0.06284013143438048,n.s.
182,MGlcn170[e],0.2392872202145746,0.801695006763405,46,recipient vs. donor,0.8713915167623819,mucin-type O-glycan No 170,0.05978667235667942,n.s.
183,MGlcn170_rl[e],0.2808936007876994,0.8764458221166566,46,recipient vs. donor,0.9025468732455225,released mucin-type O-glycan No 170,0.04453023400594866,n.s.
184,MGlcn171_rl[e],0.6854793046641596,0.7137457372972382,46,recipient vs. donor,0.865286381571741,released mucin-type O-glycan No 171,0.06284013143438048,n.s.
185,MGlcn171[e],0.8437195546404688,0.6007876839072319,46,recipient vs. donor,0.865286381571741,mucin-type O-glycan No 171,0.06284013143438048,n.s.
186,MGlcn172[e],0.9660304433728619,0.7990676503848021,46,recipient vs. donor,0.8713915167623819,mucin-type O-glycan No 172,0.05978667235667942,n.s.
187,MGlcn172_rl[e],0.5761307968691298,0.9232930814355984,46,recipient vs. donor,0.9404706271367258,released mucin-type O-glycan No 172,0.02665476382613954,n.s.
188,MGlcn173_rl[e],0.6473760996482731,0.7108228362038651,46,recipient vs. donor,0.865286381571741,released mucin-type O-glycan No 173,0.06284013143438048,n.s.
189,MGlcn173[e],0.37909160355606275,0.8388886870465307,46,recipient vs. donor,0.8757731152867881,mucin-type O-glycan No 173,0.05760839102538253,n.s.
190,MGlcn174[e],0.8940429125013871,0.677237316775448,46,recipient vs. donor,0.865286381571741,mucin-type O-glycan No 174,0.06284013143438048,n.s.
191,MGlcn174_rl[e],0.8144563984196012,0.5943829693363447,46,recipient vs. donor,0.865286381571741,released mucin-type O-glycan No 174,0.06284013143438048,n.s.
192,MGlcn175_rl[e],0.7194769619620267,0.6138037069112392,46,recipient vs. donor,0.865286381571741,released mucin-type O-glycan No 175,0.06284013143438048,n.s.
193,MGlcn175[e],0.8273933864168797,0.5652453996541227,46,recipient vs. donor,0.865286381571741,mucin-type O-glycan No 175,0.06284013143438048,n.s.
194,MGlcn176_rl[e],1.0317983477169008,0.6755157348929844,46,recipient vs. donor,0.865286381571741,released mucin-type O-glycan No 176,0.06284013143438048,n.s.
195,MGlcn176[e],0.44080090078968226,0.801695006763405,46,recipient vs. donor,0.8713915167623819,mucin-type O-glycan No 176,0.05978667235667942,n.s.
196,MGlcn177_rl[e],0.6803907999457479,0.693085962746043,46,recipient vs. donor,0.865286381571741,released mucin-type O-glycan No 177,0.06284013143438048,n.s.
197,MGlcn177[e],0.6951116323607103,0.7108228362038651,46,recipient vs. donor,0.865286381571741,mucin-type O-glycan No 177,0.06284013143438048,n.s.
198,MGlcn178[e],1.1271397274551376,0.693085962746043,46,recipient vs. donor,0.865286381571741,mucin-type O-glycan No 178,0.06284013143438048,n.s.
199,MGlcn178_rl[e],0.5603872512626147,0.7467616203299265,46,recipient vs. donor,0.866824000983678,released mucin-type O-glycan No 178,0.062069072259389436,n.s.
200,MGlcn179[e],1.3237766700207843,0.49268733292814004,46,recipient vs. donor,0.865286381571741,mucin-type O-glycan No 179,0.06284013143438048,n.s.
201,MGlcn179_rl[e],0.825466476958649,0.7108228362038651,46,recipient vs. donor,0.865286381571741,released mucin-type O-glycan No 179,0.06284013143438048,n.s.
202,MGlcn17[e],0.23760147516935604,0.7467616203299265,46,recipient vs. donor,0.866824000983678,mucin-type O-glycan No 17,0.062069072259389436,n.s.
203,MGlcn17_rl[e],0.11010307493098992,0.7832597809541866,46,recipient vs. donor,0.8692595879846294,released mucin-type O-glycan No 17,0.0608505103244826,n.s.
204,MGlcn180_rl[e],0.9055420224632655,0.6755157348929844,46,recipient vs. donor,0.865286381571741,released mucin-type O-glycan No 180,0.06284013143438048,n.s.
205,MGlcn180[e],1.0380166835357585,0.6070647554930899,46,recipient vs. donor,0.865286381571741,mucin-type O-glycan No 180,0.06284013143438048,n.s.
206,MGlcn181[e],0.5389641821830118,0.7108228362038651,46,recipient vs. donor,0.865286381571741,mucin-type O-glycan No 181,0.06284013143438048,n.s.
207,MGlcn182[e],0.8938305723623472,0.6755157348929844,46,recipient vs. donor,0.865286381571741,mucin-type O-glycan No 182,0.06284013143438048,n.s.
208,MGlcn181_rl[e],0.7372519217407785,0.7108228362038651,46,recipient vs. donor,0.865286381571741,released mucin-type O-glycan No 181,0.06284013143438048,n.s.
209,MGlcn183[e],0.6899949733212871,0.5172679631888806,46,recipient vs. donor,0.865286381571741,mucin-type O-glycan No 183,0.06284013143438048,n.s.
210,MGlcn182_rl[e],0.7986037764422562,0.6974362796784701,46,recipient vs. donor,0.865286381571741,released mucin-type O-glycan No 182,0.06284013143438048,n.s.
211,MGlcn183_rl[e],0.5278806793927195,0.7804004981064266,46,recipient vs. donor,0.8692595879846294,released mucin-type O-glycan No 183,0.0608505103244826,n.s.
212,MGlcn185[e],0.4782207995091028,0.5418978730316092,46,recipient vs. donor,0.865286381571741,mucin-type O-glycan No 185,0.06284013143438048,n.s.
213,MGlcn185_rl[e],0.6123707859691407,0.6961693824535566,46,recipient vs. donor,0.865286381571741,released mucin-type O-glycan No 185,0.06284013143438048,n.s.
214,MGlcn186[e],0.24493621313873248,0.7361149889298535,46,recipient vs. donor,0.866824000983678,mucin-type O-glycan No 186,0.062069072259389436,n.s.
215,MGlcn186_rl[e],0.42472400396937005,0.526168935141665,46,recipient vs. donor,0.865286381571741,released mucin-type O-glycan No 186,0.06284013143438048,n.s.
216,MGlcn187[e],0.15985214713381524,0.664804847426417,46,recipient vs. donor,0.865286381571741,mucin-type O-glycan No 187,0.06284013143438048,n.s.
217,MGlcn187_rl[e],0.23273994936586462,0.5740433309037023,46,recipient vs. donor,0.865286381571741,released mucin-type O-glycan No 187,0.06284013143438048,n.s.
218,MGlcn188[e],0.5156609979739031,0.47317397002701433,46,recipient vs. donor,0.865286381571741,mucin-type O-glycan No 188,0.06284013143438048,n.s.
219,MGlcn188_rl[e],0.6094164443992831,0.545841610182361,46,recipient vs. donor,0.865286381571741,released mucin-type O-glycan No 188,0.06284013143438048,n.s.
220,MGlcn189[e],0.4328829815873654,0.47550707183480334,46,recipient vs. donor,0.865286381571741,mucin-type O-glycan No 189,0.06284013143438048,n.s.
221,MGlcn189_rl[e],0.409405288560599,0.30537508716649964,46,recipient vs. donor,0.865286381571741,released mucin-type O-glycan No 189,0.06284013143438048,n.s.
222,MGlcn18[e],0.8223434248456591,0.49999723816806685,46,recipient vs. donor,0.865286381571741,mucin-type O-glycan No 18,0.06284013143438048,n.s.
223,MGlcn190[e],0.7570160736963096,0.8957595210821946,46,recipient vs. donor,0.9152628388040464,mucin-type O-glycan No 190,0.03845417035941236,n.s.
224,MGlcn18_rl[e],0.5130465849879009,0.5461796287998024,46,recipient vs. donor,0.865286381571741,released mucin-type O-glycan No 18,0.06284013143438048,n.s.
225,MGlcn190_rl[e],0.43185274323547773,0.497795397811602,46,recipient vs. donor,0.865286381571741,released mucin-type O-glycan No 190,0.06284013143438048,n.s.
226,MGlcn191_rl[e],0.3844786357339913,0.5493797259936744,46,recipient vs. donor,0.865286381571741,released mucin-type O-glycan No 191,0.06284013143438048,n.s.
227,MGlcn191[e],0.6607268797191317,0.6602793884629348,46,recipient vs. donor,0.865286381571741,mucin-type O-glycan No 191,0.06284013143438048,n.s.
228,MGlcn192[e],0.9809104349261197,0.6796876232419788,46,recipient vs. donor,0.865286381571741,mucin-type O-glycan No 192,0.06284013143438048,n.s.
229,MGlcn193[e],0.4063137467751723,0.693085962746043,46,recipient vs. donor,0.865286381571741,mucin-type O-glycan No 193,0.06284013143438048,n.s.
230,MGlcn192_rl[e],0.4941568473822393,0.38718606184793125,46,recipient vs. donor,0.865286381571741,released mucin-type O-glycan No 192,0.06284013143438048,n.s.
231,MGlcn193_rl[e],0.5498987184550721,0.47550707183480334,46,recipient vs. donor,0.865286381571741,released mucin-type O-glycan No 193,0.06284013143438048,n.s.
232,MGlcn194[e],0.7751697035041438,0.6755157348929844,46,recipient vs. donor,0.865286381571741,mucin-type O-glycan No 194,0.06284013143438048,n.s.
233,MGlcn194_rl[e],0.321932550736836,0.7137457372972382,46,recipient vs. donor,0.865286381571741,released mucin-type O-glycan No 194,0.06284013143438048,n.s.
234,MGlcn195_rl[e],0.6190527484604793,0.7361149889298535,46,recipient vs. donor,0.866824000983678,released mucin-type O-glycan No 195,0.062069072259389436,n.s.
235,MGlcn195[e],0.6544060078379665,0.8097751624655358,46,recipient vs. donor,0.8735103018745467,mucin-type O-glycan No 195,0.05873196873384234,n.s.
236,MGlcn196[e],0.7549793593962235,0.6581205417836247,46,recipient vs. donor,0.865286381571741,mucin-type O-glycan No 196,0.06284013143438048,n.s.
237,MGlcn196_rl[e],0.6921997120347996,0.5740433309037023,46,recipient vs. donor,0.865286381571741,released mucin-type O-glycan No 196,0.06284013143438048,n.s.
238,MGlcn19[e],0.8048778015067093,0.6755157348929844,46,recipient vs. donor,0.865286381571741,mucin-type O-glycan No 19,0.06284013143438048,n.s.
239,MGlcn19_rl[e],0.43010580852323343,0.7035307826009245,46,recipient vs. donor,0.865286381571741,released mucin-type O-glycan No 19,0.06284013143438048,n.s.
240,MGlcn20[e],0.77572682203742,0.6174390163621403,46,recipient vs. donor,0.865286381571741,mucin-type O-glycan No 20,0.06284013143438048,n.s.
241,MGlcn20_rl[e],0.6522324176259584,0.5974135863878898,46,recipient vs. donor,0.865286381571741,released mucin-type O-glycan No 20,0.06284013143438048,n.s.
242,MGlcn21[e],0.2802483819929975,0.513993753784736,46,recipient vs. donor,0.865286381571741,mucin-type O-glycan No 21,0.06284013143438048,n.s.
243,MGlcn21_rl[e],-0.21093963988248632,0.8285676828781378,46,recipient vs. donor,0.8757731152867881,released mucin-type O-glycan No 21,0.05760839102538253,n.s.
244,MGlcn22_rl[e],0.6340011663483232,0.6458956468997312,46,recipient vs. donor,0.865286381571741,released mucin-type O-glycan No 22,0.06284013143438048,n.s.
245,MGlcn22[e],0.7890401720034568,0.6581205417836247,46,recipient vs. donor,0.865286381571741,mucin-type O-glycan No 22,0.06284013143438048,n.s.
246,MGlcn23[e],0.6871578696300702,0.7649454476807861,46,recipient vs. donor,0.8692595879846294,mucin-type O-glycan No 23,0.0608505103244826,n.s.
247,MGlcn23_rl[e],0.5643486186690545,0.8037492529041148,46,recipient vs. donor,0.8713915167623819,released mucin-type O-glycan No 23,0.05978667235667942,n.s.
248,MGlcn24[e],0.7850460696461496,0.6409084897598556,46,recipient vs. donor,0.865286381571741,mucin-type O-glycan No 24,0.06284013143438048,n.s.
249,MGlcn24_rl[e],0.5978236605524359,0.8027871836240128,46,recipient vs. donor,0.8713915167623819,released mucin-type O-glycan No 24,0.05978667235667942,n.s.
250,MGlcn25_rl[e],0.2189959988242549,0.8557206676183658,46,recipient vs. donor,0.8853676828744352,released mucin-type O-glycan No 25,0.052876334407601935,n.s.
251,MGlcn25[e],0.5411251179399343,0.28065900102498875,46,recipient vs. donor,0.865286381571741,mucin-type O-glycan No 25,0.06284013143438048,n.s.
252,MGlcn26[e],0.8261969721232312,0.7108228362038651,46,recipient vs. donor,0.865286381571741,mucin-type O-glycan No 26,0.06284013143438048,n.s.
253,MGlcn27[e],0.359352600637056,0.2128087551296075,46,recipient vs. donor,0.8176336381295446,mucin-type O-glycan No 27,0.08744124960475336,n.s.
254,MGlcn26_rl[e],0.7868335013287933,0.7481373797223682,46,recipient vs. donor,0.8668893447576648,released mucin-type O-glycan No 26,0.062036335082217266,n.s.
255,MGlcn27_rl[e],0.32625918321985736,0.7287176950309839,46,recipient vs. donor,0.866824000983678,released mucin-type O-glycan No 27,0.062069072259389436,n.s.
256,MGlcn28[e],0.7933368488622037,0.5904477774239176,46,recipient vs. donor,0.865286381571741,mucin-type O-glycan No 28,0.06284013143438048,n.s.
257,MGlcn28_rl[e],0.8422087693138103,0.6409084897598556,46,recipient vs. donor,0.865286381571741,released mucin-type O-glycan No 28,0.06284013143438048,n.s.
258,MGlcn29[e],0.7744299215916897,0.5079909188979514,46,recipient vs. donor,0.865286381571741,mucin-type O-glycan No 29,0.06284013143438048,n.s.
259,MGlcn2[e],1.0221939144309253,0.6124378025432353,46,recipient vs. donor,0.865286381571741,mucin-type O-glycan No 2,0.06284013143438048,n.s.
260,MGlcn29_rl[e],1.1722157920514107,0.6070647554930899,46,recipient vs. donor,0.865286381571741,released mucin-type O-glycan No 29,0.06284013143438048,n.s.
261,MGlcn2_rl[e],0.8318931191490151,0.6641178583260832,46,recipient vs. donor,0.865286381571741,released mucin-type O-glycan No 2,0.06284013143438048,n.s.
262,MGlcn30[e],0.5967041838326921,0.7108228362038651,46,recipient vs. donor,0.865286381571741,mucin-type O-glycan No 30,0.06284013143438048,n.s.
263,MGlcn30_rl[e],0.5837089957704258,0.8397824393160982,46,recipient vs. donor,0.8757731152867881,released mucin-type O-glycan No 30,0.05760839102538253,n.s.
264,MGlcn31[e],1.1800557764714377,0.4077027988946549,46,recipient vs. donor,0.865286381571741,mucin-type O-glycan No 31,0.06284013143438048,n.s.
265,MGlcn31_rl[e],0.6038128065554638,0.4670611930184303,46,recipient vs. donor,0.865286381571741,released mucin-type O-glycan No 31,0.06284013143438048,n.s.
266,MGlcn32[e],0.6236419782787515,0.7649454476807861,46,recipient vs. donor,0.8692595879846294,mucin-type O-glycan No 32,0.0608505103244826,n.s.
267,MGlcn32_rl[e],0.7475459193260576,0.7467616203299265,46,recipient vs. donor,0.866824000983678,released mucin-type O-glycan No 32,0.062069072259389436,n.s.
268,MGlcn33[e],1.5983969603457382,0.24892039534289012,46,recipient vs. donor,0.865286381571741,mucin-type O-glycan No 33,0.06284013143438048,n.s.
269,MGlcn34[e],0.7147140658777715,0.4165278144855268,46,recipient vs. donor,0.865286381571741,mucin-type O-glycan No 34,0.06284013143438048,n.s.
270,MGlcn33_rl[e],1.541295085076836,0.42563262881997477,46,recipient vs. donor,0.865286381571741,released mucin-type O-glycan No 33,0.06284013143438048,n.s.
271,MGlcn35[e],1.0782625788729412,0.344327136724644,46,recipient vs. donor,0.865286381571741,mucin-type O-glycan No 35,0.06284013143438048,n.s.
272,MGlcn34_rl[e],0.7345940618434561,0.6414792111684424,46,recipient vs. donor,0.865286381571741,released mucin-type O-glycan No 34,0.06284013143438048,n.s.
273,MGlcn35_rl[e],0.5815813659944062,0.5669026668676926,46,recipient vs. donor,0.865286381571741,released mucin-type O-glycan No 35,0.06284013143438048,n.s.
274,MGlcn36[e],1.2274526508018155,0.37219253638374894,46,recipient vs. donor,0.865286381571741,mucin-type O-glycan No 36,0.06284013143438048,n.s.
275,MGlcn36_rl[e],0.7475781250526339,0.7937740030193523,46,recipient vs. donor,0.8713915167623819,released mucin-type O-glycan No 36,0.05978667235667942,n.s.
276,MGlcn37[e],1.125122181923981,0.35906944510686334,46,recipient vs. donor,0.865286381571741,mucin-type O-glycan No 37,0.06284013143438048,n.s.
277,MGlcn38[e],1.342966694641305,0.20576153915625128,46,recipient vs. donor,0.799913202518681,mucin-type O-glycan No 38,0.09695713514837949,n.s.
278,MGlcn37_rl[e],0.9424626947670909,0.6540545877751831,46,recipient vs. donor,0.865286381571741,released mucin-type O-glycan No 37,0.06284013143438048,n.s.
279,MGlcn38_rl[e],0.3167107295336393,0.6964450169205783,46,recipient vs. donor,0.865286381571741,released mucin-type O-glycan No 38,0.06284013143438048,n.s.
280,MGlcn39[e],0.25041998906372953,0.7467616203299265,46,recipient vs. donor,0.866824000983678,mucin-type O-glycan No 39,0.062069072259389436,n.s.
281,MGlcn39_rl[e],0.1922681714531187,0.8388886870465307,46,recipient vs. donor,0.8757731152867881,released mucin-type O-glycan No 39,0.05760839102538253,n.s.
282,MGlcn40[e],1.234692832076032,0.30680188930525587,46,recipient vs. donor,0.865286381571741,mucin-type O-glycan No 40,0.06284013143438048,n.s.
283,MGlcn3_rl[e],0.840044852370319,0.5186133639880481,46,recipient vs. donor,0.865286381571741,released mucin-type O-glycan No 3,0.06284013143438048,n.s.
284,MGlcn3[e],1.072437638979821,0.5797691109584344,46,recipient vs. donor,0.865286381571741,mucin-type O-glycan No 3,0.06284013143438048,n.s.
285,MGlcn40_rl[e],0.5442884128790269,0.566515183728908,46,recipient vs. donor,0.865286381571741,released mucin-type O-glycan No 40,0.06284013143438048,n.s.
286,MGlcn41[e],1.213800183368452,0.40141445875387627,46,recipient vs. donor,0.865286381571741,mucin-type O-glycan No 41,0.06284013143438048,n.s.
287,MGlcn41_rl[e],0.4270449261167002,0.6513973165658911,46,recipient vs. donor,0.865286381571741,released mucin-type O-glycan No 41,0.06284013143438048,n.s.
288,MGlcn42[e],1.1915981429594993,0.34550513982611464,46,recipient vs. donor,0.865286381571741,mucin-type O-glycan No 42,0.06284013143438048,n.s.
289,MGlcn42_rl[e],0.44382882323876416,0.7530532641465466,46,recipient vs. donor,0.8679454885251856,released mucin-type O-glycan No 42,0.06150754991120708,n.s.
290,MGlcn45_rl[e],0.015217536533892684,0.7235233393079057,46,recipient vs. donor,0.866824000983678,released mucin-type O-glycan No 45,0.062069072259389436,n.s.
291,MGlcn46[e],0.7480696509286666,0.4704008381399146,46,recipient vs. donor,0.865286381571741,mucin-type O-glycan No 46,0.06284013143438048,n.s.
292,MGlcn46_rl[e],0.6490199855007006,0.5479417062820817,46,recipient vs. donor,0.865286381571741,released mucin-type O-glycan No 46,0.06284013143438048,n.s.
293,MGlcn47[e],1.1301632089512452,0.42416185398780093,46,recipient vs. donor,0.865286381571741,mucin-type O-glycan No 47,0.06284013143438048,n.s.
294,MGlcn47_rl[e],0.7819032027510602,0.6661551918761932,46,recipient vs. donor,0.865286381571741,released mucin-type O-glycan No 47,0.06284013143438048,n.s.
295,MGlcn48[e],0.6613061887163632,0.3582637134554836,46,recipient vs. donor,0.865286381571741,mucin-type O-glycan No 48,0.06284013143438048,n.s.
296,MGlcn48_rl[e],0.2854619174784716,0.7108228362038651,46,recipient vs. donor,0.865286381571741,released mucin-type O-glycan No 48,0.06284013143438048,n.s.
297,MGlcn4_rl[e],0.7542586651300418,0.7137457372972382,46,recipient vs. donor,0.865286381571741,released mucin-type O-glycan No 4,0.06284013143438048,n.s.
298,MGlcn4[e],0.8546732611033541,0.6238873914262112,46,recipient vs. donor,0.865286381571741,mucin-type O-glycan No 4,0.06284013143438048,n.s.
299,MGlcn50[e],1.335133044899706,0.16196403274034743,46,recipient vs. donor,0.7397201533423068,mucin-type O-glycan No 50,0.13093254897941434,n.s.
300,MGlcn50_rl[e],0.3903817958040676,0.8110217414664742,46,recipient vs. donor,0.8735103018745467,released mucin-type O-glycan No 50,0.05873196873384234,n.s.
301,MGlcn51[e],0.6620396315195194,0.5235403036864528,46,recipient vs. donor,0.865286381571741,mucin-type O-glycan No 51,0.06284013143438048,n.s.
302,MGlcn53[e],0.7029728496998082,0.47029575836161597,46,recipient vs. donor,0.865286381571741,mucin-type O-glycan No 53,0.06284013143438048,n.s.
303,MGlcn51_rl[e],0.48421639640633884,0.7467616203299265,46,recipient vs. donor,0.866824000983678,released mucin-type O-glycan No 51,0.062069072259389436,n.s.
304,MGlcn53_rl[e],0.9877630652571341,0.5657962497127276,46,recipient vs. donor,0.865286381571741,released mucin-type O-glycan No 53,0.06284013143438048,n.s.
305,MGlcn54_rl[e],1.35630253595955,0.6465551735878835,46,recipient vs. donor,0.865286381571741,released mucin-type O-glycan No 54,0.06284013143438048,n.s.
306,MGlcn54[e],1.5204378895505712,0.170107510539393,46,recipient vs. donor,0.7604613572595171,mucin-type O-glycan No 54,0.11892284966534963,n.s.
307,MGlcn55_rl[e],-0.04180883490442966,0.801695006763405,46,recipient vs. donor,0.8713915167623819,released mucin-type O-glycan No 55,0.05978667235667942,n.s.
308,MGlcn55[e],0.3825842371360224,0.7287176950309839,46,recipient vs. donor,0.866824000983678,mucin-type O-glycan No 55,0.062069072259389436,n.s.
309,MGlcn56[e],1.1314005259813236,0.30680188930525587,46,recipient vs. donor,0.865286381571741,mucin-type O-glycan No 56,0.06284013143438048,n.s.
310,MGlcn56_rl[e],0.29528517160433054,0.5711839352453609,46,recipient vs. donor,0.865286381571741,released mucin-type O-glycan No 56,0.06284013143438048,n.s.
311,MGlcn57[e],0.28108245567869616,0.7726890383190211,46,recipient vs. donor,0.8692595879846294,mucin-type O-glycan No 57,0.0608505103244826,n.s.
312,MGlcn57_rl[e],0.9860382006804151,0.5740433309037023,46,recipient vs. donor,0.865286381571741,released mucin-type O-glycan No 57,0.06284013143438048,n.s.
313,MGlcn58[e],1.5856360508591898,0.47020331154550843,46,recipient vs. donor,0.865286381571741,mucin-type O-glycan No 58,0.06284013143438048,n.s.
314,MGlcn58_rl[e],0.09851420972577074,0.6755157348929844,46,recipient vs. donor,0.865286381571741,released mucin-type O-glycan No 58,0.06284013143438048,n.s.
315,MGlcn59[e],1.1210333747569265,0.250589606047699,46,recipient vs. donor,0.865286381571741,mucin-type O-glycan No 59,0.06284013143438048,n.s.
316,MGlcn5[e],0.5256415807161119,0.5578579601434146,46,recipient vs. donor,0.865286381571741,mucin-type O-glycan No 5,0.06284013143438048,n.s.
317,MGlcn59_rl[e],1.4043140788273298,0.272518279974577,46,recipient vs. donor,0.865286381571741,released mucin-type O-glycan No 59,0.06284013143438048,n.s.
318,MGlcn5_rl[e],0.8093251814851747,0.5418978730316092,46,recipient vs. donor,0.865286381571741,released mucin-type O-glycan No 5,0.06284013143438048,n.s.
319,MGlcn60_rl[e],0.726832666720373,0.3078107547879231,46,recipient vs. donor,0.865286381571741,released mucin-type O-glycan No 60,0.06284013143438048,n.s.
320,MGlcn60[e],1.2201946117019347,0.28265973344526407,46,recipient vs. donor,0.865286381571741,mucin-type O-glycan No 60,0.06284013143438048,n.s.
321,MGlcn61[e],0.23897241721284246,0.46566974302158193,46,recipient vs. donor,0.865286381571741,mucin-type O-glycan No 61,0.06284013143438048,n.s.
322,MGlcn61_rl[e],1.334729009598398,0.5473137716496537,46,recipient vs. donor,0.865286381571741,released mucin-type O-glycan No 61,0.06284013143438048,n.s.
323,MGlcn62[e],0.5867463756716447,0.700129430533379,46,recipient vs. donor,0.865286381571741,mucin-type O-glycan No 62,0.06284013143438048,n.s.
324,MGlcn62_rl[e],1.2416634994947273,0.6070647554930899,46,recipient vs. donor,0.865286381571741,released mucin-type O-glycan No 62,0.06284013143438048,n.s.
325,MGlcn63_rl[e],1.1000473523684136,0.7767846611306712,46,recipient vs. donor,0.8692595879846294,released mucin-type O-glycan No 63,0.0608505103244826,n.s.
326,MGlcn63[e],1.4205040967526656,0.4779834355174002,46,recipient vs. donor,0.865286381571741,mucin-type O-glycan No 63,0.06284013143438048,n.s.
327,MGlcn66[e],0.5737874433985439,0.6342893396994933,46,recipient vs. donor,0.865286381571741,mucin-type O-glycan No 66,0.06284013143438048,n.s.
328,MGlcn64[e],1.3868339257787312,0.3506318610936935,46,recipient vs. donor,0.865286381571741,mucin-type O-glycan No 64,0.06284013143438048,n.s.
329,MGlcn64_rl[e],1.7492880100563646,0.5634540979131741,46,recipient vs. donor,0.865286381571741,released mucin-type O-glycan No 64,0.06284013143438048,n.s.
330,MGlcn65[e],1.0219607022847796,0.420012867367092,46,recipient vs. donor,0.865286381571741,mucin-type O-glycan No 65,0.06284013143438048,n.s.
331,MGlcn65_rl[e],0.4155549395653182,0.31780835182068323,46,recipient vs. donor,0.865286381571741,released mucin-type O-glycan No 65,0.06284013143438048,n.s.
332,MGlcn67_rl[e],1.6739883274316973,0.24301937814175611,46,recipient vs. donor,0.865286381571741,released mucin-type O-glycan No 67,0.06284013143438048,n.s.
333,MGlcn67[e],0.7118969830039426,0.3552289272782988,46,recipient vs. donor,0.865286381571741,mucin-type O-glycan No 67,0.06284013143438048,n.s.
334,MGlcn66_rl[e],0.5582171737764909,0.6800857076947875,46,recipient vs. donor,0.865286381571741,released mucin-type O-glycan No 66,0.06284013143438048,n.s.
335,MGlcn68[e],0.09732052140074643,0.7911730079464955,46,recipient vs. donor,0.8713915167623819,mucin-type O-glycan No 68,0.05978667235667942,n.s.
336,MGlcn68_rl[e],0.2866303802166499,0.6238873914262112,46,recipient vs. donor,0.865286381571741,released mucin-type O-glycan No 68,0.06284013143438048,n.s.
337,MGlcn69_rl[e],-0.012091863411011872,0.8284854134096598,46,recipient vs. donor,0.8757731152867881,released mucin-type O-glycan No 69,0.05760839102538253,n.s.
338,MGlcn6[e],0.7733153819767118,0.250589606047699,46,recipient vs. donor,0.865286381571741,mucin-type O-glycan No 6,0.06284013143438048,n.s.
339,MGlcn69[e],0.9117253199278004,0.6713787307011527,46,recipient vs. donor,0.865286381571741,mucin-type O-glycan No 69,0.06284013143438048,n.s.
340,MGlcn6_rl[e],1.0153215509518283,0.3193185636919026,46,recipient vs. donor,0.865286381571741,released mucin-type O-glycan No 6,0.06284013143438048,n.s.
341,MGlcn70_rl[e],0.9112849618352463,0.6164101341946464,46,recipient vs. donor,0.865286381571741,released mucin-type O-glycan No 70,0.06284013143438048,n.s.
342,MGlcn70[e],0.5606491793994053,0.5612985330658297,46,recipient vs. donor,0.865286381571741,mucin-type O-glycan No 70,0.06284013143438048,n.s.
343,MGlcn71[e],1.0654818038880087,0.44627335851015393,46,recipient vs. donor,0.865286381571741,mucin-type O-glycan No 71,0.06284013143438048,n.s.
344,MGlcn71_rl[e],0.23523141517718216,0.6374332180642367,46,recipient vs. donor,0.865286381571741,released mucin-type O-glycan No 71,0.06284013143438048,n.s.
345,MGlcn72[e],0.8409698257875178,0.6755157348929844,46,recipient vs. donor,0.865286381571741,mucin-type O-glycan No 72,0.06284013143438048,n.s.
346,MGlcn72_rl[e],0.5290260351378144,0.7467616203299265,46,recipient vs. donor,0.866824000983678,released mucin-type O-glycan No 72,0.062069072259389436,n.s.
347,MGlcn73[e],0.8046817309427468,0.6581205417836247,46,recipient vs. donor,0.865286381571741,mucin-type O-glycan No 73,0.06284013143438048,n.s.
348,MGlcn73_rl[e],0.6919142183237117,0.6629028892183693,46,recipient vs. donor,0.865286381571741,released mucin-type O-glycan No 73,0.06284013143438048,n.s.
349,MGlcn74[e],0.8615234698712584,0.2415881923157558,46,recipient vs. donor,0.865286381571741,mucin-type O-glycan No 74,0.06284013143438048,n.s.
350,MGlcn74_rl[e],0.43266679133384756,0.6409084897598556,46,recipient vs. donor,0.865286381571741,released mucin-type O-glycan No 74,0.06284013143438048,n.s.
351,MGlcn75[e],0.9225379611177509,0.31937082106807646,46,recipient vs. donor,0.865286381571741,mucin-type O-glycan No 75,0.06284013143438048,n.s.
352,MGlcn75_rl[e],0.9727043991549422,0.4888399326080407,46,recipient vs. donor,0.865286381571741,released mucin-type O-glycan No 75,0.06284013143438048,n.s.
353,MGlcn76[e],1.0904534499922818,0.30680188930525587,46,recipient vs. donor,0.865286381571741,mucin-type O-glycan No 76,0.06284013143438048,n.s.
354,MGlcn76_rl[e],1.0383443840232047,0.6540545877751831,46,recipient vs. donor,0.865286381571741,released mucin-type O-glycan No 76,0.06284013143438048,n.s.
355,MGlcn77[e],0.727319668994955,0.1632563504332336,46,recipient vs. donor,0.7397201533423068,mucin-type O-glycan No 77,0.13093254897941434,n.s.
356,MGlcn78[e],0.5568615910740036,0.6409084897598556,46,recipient vs. donor,0.865286381571741,mucin-type O-glycan No 78,0.06284013143438048,n.s.
357,MGlcn78_rl[e],0.41540710258324864,0.5740433309037023,46,recipient vs. donor,0.865286381571741,released mucin-type O-glycan No 78,0.06284013143438048,n.s.
358,MGlcn77_rl[e],0.5190189763603037,0.7287176950309839,46,recipient vs. donor,0.866824000983678,released mucin-type O-glycan No 77,0.062069072259389436,n.s.
359,MGlcn79[e],0.5113709574883849,0.6409084897598556,46,recipient vs. donor,0.865286381571741,mucin-type O-glycan No 79,0.06284013143438048,n.s.
360,MGlcn79_rl[e],0.9883712334574284,0.6581205417836247,46,recipient vs. donor,0.865286381571741,released mucin-type O-glycan No 79,0.06284013143438048,n.s.
361,MGlcn7[e],1.372957729196365,0.19914350675811732,46,recipient vs. donor,0.799913202518681,mucin-type O-glycan No 7,0.09695713514837949,n.s.
362,MGlcn7_rl[e],1.1528421390579773,0.3266943482307588,46,recipient vs. donor,0.865286381571741,released mucin-type O-glycan No 7,0.06284013143438048,n.s.
363,MGlcn80[e],0.7757960640481372,0.18573511545291976,46,recipient vs. donor,0.7723289294466347,mucin-type O-glycan No 80,0.11219769730751812,n.s.
364,MGlcn80_rl[e],0.4546357112429611,0.7151453655912563,46,recipient vs. donor,0.865286381571741,released mucin-type O-glycan No 80,0.06284013143438048,n.s.
365,MGlcn81[e],0.3093167500575156,0.3062873211903854,46,recipient vs. donor,0.865286381571741,mucin-type O-glycan No 81,0.06284013143438048,n.s.
366,MGlcn81_rl[e],1.3672224018694017,0.45553458914490197,46,recipient vs. donor,0.865286381571741,released mucin-type O-glycan No 81,0.06284013143438048,n.s.
367,MGlcn82[e],0.9082951977432536,0.1701488881539559,46,recipient vs. donor,0.7604613572595171,mucin-type O-glycan No 82,0.11892284966534963,n.s.
368,MGlcn82_rl[e],0.8445096166080255,0.6238873914262112,46,recipient vs. donor,0.865286381571741,released mucin-type O-glycan No 82,0.06284013143438048,n.s.
369,MGlcn83[e],0.4493558627946861,0.7108228362038651,46,recipient vs. donor,0.865286381571741,mucin-type O-glycan No 83,0.06284013143438048,n.s.
370,MGlcn83_rl[e],0.5090369768783383,0.5904477774239176,46,recipient vs. donor,0.865286381571741,released mucin-type O-glycan No 83,0.06284013143438048,n.s.
371,MGlcn84[e],0.6413254756860063,0.5634540979131741,46,recipient vs. donor,0.865286381571741,mucin-type O-glycan No 84,0.06284013143438048,n.s.
372,MGlcn84_rl[e],0.5624078658880229,0.6755157348929844,46,recipient vs. donor,0.865286381571741,released mucin-type O-glycan No 84,0.06284013143438048,n.s.
373,MGlcn86[e],0.855501011925849,0.664255058987189,46,recipient vs. donor,0.865286381571741,mucin-type O-glycan No 86,0.06284013143438048,n.s.
374,MGlcn85_rl[e],0.26073255599762035,0.6868016236520484,46,recipient vs. donor,0.865286381571741,released mucin-type O-glycan No 85,0.06284013143438048,n.s.
375,MGlcn85[e],1.0818021566076546,0.37307160326006983,46,recipient vs. donor,0.865286381571741,mucin-type O-glycan No 85,0.06284013143438048,n.s.
376,MGlcn86_rl[e],0.5810972944427455,0.7911730079464955,46,recipient vs. donor,0.8713915167623819,released mucin-type O-glycan No 86,0.05978667235667942,n.s.
377,MGlcn87[e],0.9495904794043497,0.13137509772324513,46,recipient vs. donor,0.6489732270990379,mucin-type O-glycan No 87,0.18777321932133692,n.s.
378,MGlcn87_rl[e],0.7914486535569445,0.6512171656169427,46,recipient vs. donor,0.865286381571741,released mucin-type O-glycan No 87,0.06284013143438048,n.s.
379,MGlcn88[e],0.8448866673871613,0.7507336266069403,46,recipient vs. donor,0.8679454885251856,mucin-type O-glycan No 88,0.06150754991120708,n.s.
380,MGlcn89[e],0.6897409239108399,0.5740433309037023,46,recipient vs. donor,0.865286381571741,mucin-type O-glycan No 89,0.06284013143438048,n.s.
381,MGlcn88_rl[e],0.41410478031831843,0.7543331414731826,46,recipient vs. donor,0.8679454885251856,released mucin-type O-glycan No 88,0.06150754991120708,n.s.
382,MGlcn89_rl[e],0.6699613226563024,0.6238873914262112,46,recipient vs. donor,0.865286381571741,released mucin-type O-glycan No 89,0.06284013143438048,n.s.
383,MGlcn8[e],0.6582571642912569,0.6132050281245285,46,recipient vs. donor,0.865286381571741,mucin-type O-glycan No 8,0.06284013143438048,n.s.
384,MGlcn8_rl[e],0.8563737942906187,0.5578579601434146,46,recipient vs. donor,0.865286381571741,released mucin-type O-glycan No 8,0.06284013143438048,n.s.
385,MGlcn90[e],0.9246368073960269,0.43101207042044565,46,recipient vs. donor,0.865286381571741,mucin-type O-glycan No 90,0.06284013143438048,n.s.
386,MGlcn91[e],0.822938411163495,0.5554656911174352,46,recipient vs. donor,0.865286381571741,mucin-type O-glycan No 91,0.06284013143438048,n.s.
387,MGlcn90_rl[e],0.5176927823691493,0.5174323162423815,46,recipient vs. donor,0.865286381571741,released mucin-type O-glycan No 90,0.06284013143438048,n.s.
388,MGlcn91_rl[e],0.31008608696988205,0.7767846611306712,46,recipient vs. donor,0.8692595879846294,released mucin-type O-glycan No 91,0.0608505103244826,n.s.
389,MGlcn92_rl[e],-0.09398285250567895,0.8533083378708209,46,recipient vs. donor,0.884264318582223,released mucin-type O-glycan No 92,0.05341789907792554,n.s.
390,MGlcn92[e],0.9253875418605446,0.21708434608956217,46,recipient vs. donor,0.8292117173304788,mucin-type O-glycan No 92,0.0813345696558233,n.s.
391,MGlcn93[e],0.9800250256537133,0.18730876632789883,46,recipient vs. donor,0.7739739589775442,mucin-type O-glycan No 93,0.11127365128430641,n.s.
392,MGlcn93_rl[e],0.11320501786153159,0.7340182711481738,46,recipient vs. donor,0.866824000983678,released mucin-type O-glycan No 93,0.062069072259389436,n.s.
393,MGlcn94_rl[e],0.024186393772293258,0.9805045774250813,46,recipient vs. donor,0.9865107310387112,released mucin-type O-glycan No 94,0.005898186229783182,n.s.
394,MGlcn94[e],-0.012278554344355541,0.5703791440968333,46,recipient vs. donor,0.865286381571741,mucin-type O-glycan No 94,0.06284013143438048,n.s.
395,MGlcn95[e],0.2747769174930923,0.5788293854378903,46,recipient vs. donor,0.865286381571741,mucin-type O-glycan No 95,0.06284013143438048,n.s.
396,MGlcn95_rl[e],0.24881067701118553,1.0,46,recipient vs. donor,1.0,released mucin-type O-glycan No 95,-0.0,n.s.
397,MGlcn96[e],0.7211647055147843,0.5688911375368737,46,recipient vs. donor,0.865286381571741,mucin-type O-glycan No 96,0.06284013143438048,n.s.
398,MGlcn97[e],0.605364056253098,0.6581205417836247,46,recipient vs. donor,0.865286381571741,mucin-type O-glycan No 97,0.06284013143438048,n.s.
399,MGlcn96_rl[e],0.1623227905897089,0.9805045774250813,46,recipient vs. donor,0.9865107310387112,released mucin-type O-glycan No 96,0.005898186229783182,n.s.
400,MGlcn97_rl[e],0.8657161992769531,0.6755157348929844,46,recipient vs. donor,0.865286381571741,released mucin-type O-glycan No 97,0.06284013143438048,n.s.
401,MGlcn98[e],0.5745169556505445,0.07249461827590341,46,recipient vs. donor,0.3917917918405898,mucin-type O-glycan No 98,0.40694466684990815,n.s.
402,MGlcn99[e],-0.04432655699933008,0.46312443440256945,46,recipient vs. donor,0.865286381571741,mucin-type O-glycan No 99,0.06284013143438048,n.s.
403,MGlcn98_rl[e],0.307526865151857,0.7649454476807861,46,recipient vs. donor,0.8692595879846294,released mucin-type O-glycan No 98,0.0608505103244826,n.s.
404,MGlcn9[e],1.4123501904743918,0.30509710788076294,46,recipient vs. donor,0.865286381571741,mucin-type O-glycan No 9,0.06284013143438048,n.s.
405,MGlcn99_rl[e],-0.19477117540130706,0.8472934880958625,46,recipient vs. donor,0.8808098444287684,released mucin-type O-glycan No 99,0.05511784008853047,n.s.
406,MGlcn9_rl[e],1.5807515619420265,0.38354845118850656,46,recipient vs. donor,0.865286381571741,released mucin-type O-glycan No 9,0.06284013143438048,n.s.
407,Ser_Thr[e],0.440290100325754,0.8250462163577947,46,recipient vs. donor,0.8757731152867881,protein-linked serine or threonine residue (O-glycosylation site),0.05760839102538253,n.s.
408,T_antigen[e],0.8070848524449321,0.48866817604898705,46,recipient vs. donor,0.865286381571741,T antigen (core 1),0.06284013143438048,n.s.
409,Tn_antigen[e],0.80062182166753,0.5974135863878898,46,recipient vs. donor,0.865286381571741,Tn antigen,0.06284013143438048,n.s.
410,Tyr_ggn[e],0.7905603131285694,0.5960014388522521,46,recipient vs. donor,0.865286381571741,Tyr-194 of apo-glycogenin protein (primer for glycogen synthesis),0.06284013143438048,n.s.
411,ac[e],0.2146222269782223,0.006276057930641308,46,recipient vs. donor,0.058075634653962524,acetate,1.2360060355060687,n.s.
412,acac[e],2.477097491936411,2.142419203408565e-06,46,recipient vs. donor,0.0002195397102779974,acetoacetate,3.6584869132587916,enriched
413,acald[e],0.993901808252732,3.0073932914794165e-06,46,recipient vs. donor,0.0002195397102779974,acetaldehyde,3.6584869132587916,enriched
414,acerA[e],0.2828362483242106,0.40302703814967455,46,recipient vs. donor,0.865286381571741,Aceric acid (3-C-carboxy-5-deoxy-l-xylose) (rare sugar in rhamnogalacturonan II),0.06284013143438048,n.s.
415,acgal[e],0.5174120403020073,0.6303891180100261,46,recipient vs. donor,0.865286381571741,N-acetyl-D-galactosamine,0.06284013143438048,n.s.
416,acgalglcur[e],-0.012686114072941734,0.18561504257338968,46,recipient vs. donor,0.7723289294466347,Dimer GalNAc-GlcA,0.11219769730751812,n.s.
417,acgalidour2s[e],-0.050085326516057904,0.6477853303777237,46,recipient vs. donor,0.865286381571741,Dimer GalNAc-IdoA2S,0.06284013143438048,n.s.
418,acgalidour[e],0.013468707274704173,0.6953700427559136,46,recipient vs. donor,0.865286381571741,Dimer GalNAc-IdoA,0.06284013143438048,n.s.
419,acgam[e],-0.7014262991837505,0.00011195740920839281,46,recipient vs. donor,0.0024491405714893674,N-acetyl-D-glucosamine,2.6109862872843883,depleted
420,acmana[e],-0.8506525441879048,0.0020773300190588583,46,recipient vs. donor,0.024814651318575815,N-acetyl-D-mannosamine,1.6052918228838398,depleted
421,acnam2a6agal[e],0.9466548999730122,0.6138037069112392,46,recipient vs. donor,0.865286381571741,"Alpha-2,6-N-acetylneuraminate-N-acetylgalactosamine",0.06284013143438048,n.s.
422,acnam[e],-0.7094660070244414,3.475196654696705e-05,46,recipient vs. donor,0.000951335084223223,N-acetylneuraminate,3.02166648664063,depleted
423,actn_R[e],2.909706853314158,0.008603442469628637,46,recipient vs. donor,0.06893245978714652,(R)-Acetoin,1.1615762238571254,n.s.
424,adchac[e],2.5806481554585083,0.0005743006086452949,46,recipient vs. donor,0.008983702378094255,Allodeoxycholic acid,2.0465446442902757,enriched
425,ade[e],-0.6004567907328306,0.002243975845276049,46,recipient vs. donor,0.026326645184756504,Adenine,1.579604479692859,depleted
426,agal1b3agal[e],0.15396093933539134,0.8533083378708209,46,recipient vs. donor,0.884264318582223,"Beta-1,3-N,N-diacetylgalactosamine",0.05341789907792554,n.s.
427,adn[e],-0.6542805932115963,0.0016431424342981294,46,recipient vs. donor,0.02159089158667742,Adenosine,1.6657294232897075,depleted
428,agal1b6agal[e],0.47268353695239895,0.800459938111769,46,recipient vs. donor,0.8713915167623819,"Beta-1,6-N,N-diacetylgalactosamine",0.05978667235667942,n.s.
429,agam1b6agal[e],0.6549063230862178,0.6138037069112392,46,recipient vs. donor,0.865286381571741,"Beta-1,6-N-acetylglucosamine-N-acetylgalactosamine",0.06284013143438048,n.s.
430,agam1b3agal[e],0.7358985733356693,0.6138037069112392,46,recipient vs. donor,0.865286381571741,"Beta-1,3-N-acetylglucosamine-N-acetylgalactosamine",0.06284013143438048,n.s.
431,akg[e],1.869573721991653,0.18479378870597285,46,recipient vs. donor,0.7723289294466347,2-Oxoglutarate,0.11219769730751812,n.s.
432,ala_D[e],0.32754441014461744,0.16291681596456753,46,recipient vs. donor,0.7397201533423068,D-alanine,0.13093254897941434,n.s.
433,alchac[e],1.726244192708755,0.007652783587918945,46,recipient vs. donor,0.06345096454295178,Allolithocholic acid,1.1975617716386602,n.s.
434,ala_L[e],0.13362139729948552,0.42621621324028924,46,recipient vs. donor,0.865286381571741,L-alanine,0.06284013143438048,n.s.
435,apio_D[e],0.28930809761856935,0.4374557174246615,46,recipient vs. donor,0.865286381571741,D-Apiose (rare sugar in rhamnogalacturonan II),0.06284013143438048,n.s.
436,arab_L[e],0.6966284844656281,0.8990606715133246,46,recipient vs. donor,0.9172094117767923,L-arabinose,0.03753149748575964,n.s.
437,arab_D[e],2.39393739006396,0.04302344794901188,46,recipient vs. donor,0.24367590778017936,D-Arabinose,0.6131874073575478,n.s.
438,asp_L[e],0.9622331352997873,3.0073932914794165e-06,46,recipient vs. donor,0.0002195397102779974,L-aspartate(1-),3.6584869132587916,enriched
439,asn_L[e],0.009705545591282227,0.6199928192812989,46,recipient vs. donor,0.865286381571741,L-asparagine,0.06284013143438048,n.s.
440,arg_L[e],-0.4057933974230614,0.03483337250323978,46,recipient vs. donor,0.21795738794884317,L-argininium(1+),0.661628405421082,n.s.
441,btd_RR[e],2.178478980242687,0.026339398882377765,46,recipient vs. donor,0.16800956374487566,R_R__2_3_Butanediol,0.7746659958729015,n.s.
442,bhb[e],2.0039043647933994,6.739390268698081e-05,46,recipient vs. donor,0.0017029920794363997,(R)-3-hydroxybutyrate,2.768787371922933,enriched
443,btoh[e],1.9703905790998917,0.014967021251134463,46,recipient vs. donor,0.10688405393473198,butanol,0.9710870824873982,n.s.
444,but[e],1.6904569072040498,2.2463036220804472e-07,46,recipient vs. donor,0.00012902365950943646,butyrate,3.889330644334577,enriched
445,cbl1[e],0.07900949276153924,0.20544797943310655,46,recipient vs. donor,0.799913202518681,Cob(I)alamin,0.09695713514837949,n.s.
446,ca2[e],0.002926634900155989,0.3117405816203951,46,recipient vs. donor,0.865286381571741,calcium(2+),0.06284013143438048,n.s.
447,cellb[e],-0.07820642846415993,0.4802464855031199,46,recipient vs. donor,0.865286381571741,cellobiose,0.06284013143438048,n.s.
448,ch4s[e],1.1074772066476726,0.0010681219841668936,46,recipient vs. donor,0.015255568339079328,Methanethiol,1.816571608281932,enriched
449,cholate[e],0.7697732802944386,0.0020773300190588583,46,recipient vs. donor,0.024814651318575815,Cholate,1.6052918228838398,enriched
450,ch4[e],5.080567903012646,0.011064289438036414,46,recipient vs. donor,0.0826049790998855,Methane,1.0829937743450717,n.s.
451,chol[e],-0.5051007722431495,0.006732183938949595,46,recipient vs. donor,0.060589655450546356,Choline,1.2176015171577352,n.s.
452,chor[e],-0.8002701716005749,0.007726144845412698,46,recipient vs. donor,0.06345096454295178,chorismate,1.1975617716386602,n.s.
453,chsterol[e],10.365854717078458,0.0918263954507239,46,recipient vs. donor,0.47132767039941875,cholesterol,0.32667706321293666,n.s.
454,cit[e],1.8461231726392762,5.8445957455165444e-06,46,recipient vs. donor,0.00029537687729264383,Citrate,3.5296235051556124,enriched
455,cl[e],0.00016279045329525843,0.3117405816203951,46,recipient vs. donor,0.865286381571741,Chloride,0.06284013143438048,n.s.
456,co2[e],0.5029429882562377,1.8837814174636594e-05,46,recipient vs. donor,0.0006513917848808549,carbon dioxide,3.1861577229025713,enriched
457,cobalt2[e],0.09687964688864881,0.3117405816203951,46,recipient vs. donor,0.865286381571741,Co2+,0.06284013143438048,n.s.
458,coprost[e],10.365604930240151,0.04057419887053057,46,recipient vs. donor,0.23383551454332094,Coprostanol,0.6310895282517484,n.s.
459,core2[e],0.8278080240418966,0.5797691109584344,46,recipient vs. donor,0.865286381571741,Core 2,0.06284013143438048,n.s.
460,core2_rl[e],0.9049539222651042,0.41421830967352513,46,recipient vs. donor,0.865286381571741,released Core 2,0.06284013143438048,n.s.
461,core4_rl[e],0.9543518325694507,0.6474118907339166,46,recipient vs. donor,0.865286381571741,released Core 4,0.06284013143438048,n.s.
462,core3[e],0.8527014245416673,0.6138037069112392,46,recipient vs. donor,0.865286381571741,Core 3,0.06284013143438048,n.s.
463,core6[e],0.7872397924920111,0.5494796616459989,46,recipient vs. donor,0.865286381571741,Core 6,0.06284013143438048,n.s.
464,crn[e],5.376193674408571,0.04011505793952115,46,recipient vs. donor,0.23383551454332094,L-Carnitine,0.6310895282517484,n.s.
465,csn[e],0.6274187690788495,0.018079485022701305,46,recipient vs. donor,0.12503391220962903,cytosine,0.9029721798875298,n.s.
466,cspg_a_degr[e],-0.05939556268556245,0.24669198615223564,46,recipient vs. donor,0.865286381571741,Dimer GalNAc4S-GlcA,0.06284013143438048,n.s.
467,cspg_b_degr[e],0.013645891220072315,0.4935627897033893,46,recipient vs. donor,0.865286381571741,Dimer GalNAc4S-IdoA2S,0.06284013143438048,n.s.
468,cspg_c_degr[e],0.005564624531047002,0.4935627897033893,46,recipient vs. donor,0.865286381571741,Dimer GalNAc6S-GlcA,0.06284013143438048,n.s.
469,ctbt[e],0.8299060040618649,0.1386015522281859,46,recipient vs. donor,0.6745275541771714,crotonobetaine,0.17100030487616938,n.s.
470,cu2[e],0.0009964611260890877,0.3117405816203951,46,recipient vs. donor,0.865286381571741,Cu2+,0.06284013143438048,n.s.
471,cys_L[e],0.21155059753584893,0.8265712456906582,46,recipient vs. donor,0.8757731152867881,L-cysteine,0.05760839102538253,n.s.
472,cytd[e],-1.270305605382005,4.687832721292018e-05,46,recipient vs. donor,0.0012319624391555423,Cytidine,2.909402533012627,depleted
473,dad_2[e],-0.13288676628532414,0.14305238865687062,46,recipient vs. donor,0.686024958741343,2-deoxyadenosine,0.1636600836424327,n.s.
474,dchac[e],2.1394203357986576,0.111658901028573,46,recipient vs. donor,0.5643069075059419,deoxycholic acid,0.24848463363328344,n.s.
475,dcyt[e],-0.130071151913159,0.41293109068498235,46,recipient vs. donor,0.865286381571741,Deoxycytidine,0.06284013143438048,n.s.
476,ddca[e],1.4520583745275566,2.400061573723951e-06,46,recipient vs. donor,0.0002195397102779974,laurate,3.6584869132587916,enriched
477,dgsn[e],0.7986858236174446,0.008272381426688414,46,recipient vs. donor,0.06709820490536159,Deoxyguanosine,1.173289098461772,n.s.
478,dhpppn[e],11.37703457151574,0.02146946888860359,46,recipient vs. donor,0.1428633111048622,"3-(2,3-Dihydroxyphenyl)propanoate",0.8450792885674437,n.s.
479,diact[e],2.180311739405889,0.001612765620401947,46,recipient vs. donor,0.02159089158667742,Diacetyl,1.6657294232897075,enriched
480,dms[e],0.7275532347304043,0.3918556838764379,46,recipient vs. donor,0.865286381571741,Dimethyl sulfide,0.06284013143438048,n.s.
481,dsT_antigen_rl[e],1.3470088754860008,0.5332016122982575,46,recipient vs. donor,0.865286381571741,released disialyl-T antigen,0.06284013143438048,n.s.
482,dtmp[e],1.5302813692824664,0.005765405993394345,46,recipient vs. donor,0.055703996142060064,dTMP,1.2541136479107846,n.s.
483,dttp[e],0.0485650457188207,0.3392297086927899,46,recipient vs. donor,0.865286381571741,dTTP,0.06284013143438048,n.s.
484,f1a[e],0.669452933972396,0.5479417062820817,46,recipient vs. donor,0.865286381571741,F1alpha,0.06284013143438048,n.s.
485,etoh[e],1.0568768632495287,3.363878273615565e-06,46,recipient vs. donor,0.00022100680257654262,ethanol,3.6555943585502386,enriched
486,f1a_rl[e],0.6382219179274831,0.5812253777393028,46,recipient vs. donor,0.865286381571741,released F1alpha antigen,0.06284013143438048,n.s.
487,fe3[e],0.05779032546342222,0.324578061811715,46,recipient vs. donor,0.865286381571741,Fe3+,0.06284013143438048,n.s.
488,fald[e],13.818359254896711,0.0069858590385447825,46,recipient vs. donor,0.06119612517765229,formaldehyde,1.2132760756851435,n.s.
489,fol[e],0.7228382655605152,0.3531066985261311,46,recipient vs. donor,0.865286381571741,Folate,0.06284013143438048,n.s.
490,for[e],0.9204620330303324,2.08885390587432e-05,46,recipient vs. donor,0.0006861885080797142,Formate,3.163556559552009,enriched
491,fru[e],-0.22063093605397466,0.15607642805987662,46,recipient vs. donor,0.732444380252421,D-Fructose,0.13522534881218679,n.s.
492,fuc1p_L[e],0.00224923394076626,0.20544797943310655,46,recipient vs. donor,0.799913202518681,L-Fucose 1-phosphate,0.09695713514837949,n.s.
493,fuc_L[e],0.1296705241410883,0.41293109068498235,46,recipient vs. donor,0.865286381571741,L-fucose,0.06284013143438048,n.s.
494,fum[e],0.3101424417173173,0.05131367787167197,46,recipient vs. donor,0.28094238634740404,Fumarate,0.5513827329661762,n.s.
495,g6p[e],4.730704094164625,0.040238127664908155,46,recipient vs. donor,0.23383551454332094,D-Glucose 6-phosphate,0.6310895282517484,n.s.
496,gal1a3acgal[e],0.058789164451393816,0.8340172831498733,46,recipient vs. donor,0.8757731152867881,"Alpha-1,3-Galactose-N-acetylgalactosamine",0.05760839102538253,n.s.
497,galur[e],0.2131528552498887,0.9356436487514089,46,recipient vs. donor,0.947197055321658,D-Galacturonate,0.0235596607684768,n.s.
498,gal[e],0.21034685277475607,0.6696192063233108,46,recipient vs. donor,0.865286381571741,D-Galactose,0.06284013143438048,n.s.
499,gal1b3acgal[e],0.7993625063302812,0.43168162807263954,46,recipient vs. donor,0.865286381571741,"Beta-1,3-Galactose-N-acetylgalactosamine",0.06284013143438048,n.s.
500,gbbtn[e],5.3761917567790745,0.04011505793952115,46,recipient vs. donor,0.23383551454332094,gamma-butyrobetaine,0.6310895282517484,n.s.
501,gcald[e],-0.8550771190384441,0.000280724886434216,46,recipient vs. donor,0.004984763523980538,glycolaldehyde,2.302355439692617,depleted
502,glc_D[e],1.048580288234379,0.9356634534303744,46,recipient vs. donor,0.947197055321658,D-glucose,0.0235596607684768,n.s.
503,glcn[e],3.51517905509694,0.0043275060905867925,46,recipient vs. donor,0.04374110002331573,D-gluconate,1.359110299303668,enriched
504,glcur[e],0.3132738124785224,0.3614651790856952,46,recipient vs. donor,0.865286381571741,D-glucuronate,0.06284013143438048,n.s.
505,glcr[e],0.022052855474644417,0.4935627897033893,46,recipient vs. donor,0.865286381571741,D-glucarate(2-),0.06284013143438048,n.s.
506,gln_L[e],1.1505645815314116,2.400061573723951e-06,46,recipient vs. donor,0.0002195397102779974,L-glutamine,3.6584869132587916,enriched
507,glu_L[e],0.2592784045346197,0.007212455480810411,46,recipient vs. donor,0.061540042219382335,L-glutamate(1-),1.2108422101418836,n.s.
508,gly[e],-0.21343294956087355,0.17727212732968278,46,recipient vs. donor,0.7723289294466347,Glycine,0.11219769730751812,n.s.
509,glutar[e],11.44261963638496,0.4935627897033893,46,recipient vs. donor,0.865286381571741,Glutarate,0.06284013143438048,n.s.
510,glyc3p[e],-0.5063014837333526,0.0003998034432398399,46,recipient vs. donor,0.006735150313040381,Glycerol 3-phosphate,2.1716527073804106,depleted
511,glyc[e],-0.011036156698337907,0.7380644882693363,46,recipient vs. donor,0.866824000983678,Glycerol,0.062069072259389436,n.s.
512,glyb[e],0.8073535196293049,0.6371610396130956,46,recipient vs. donor,0.865286381571741,glycine betaine,0.06284013143438048,n.s.
513,glyclt[e],-0.93598067716432,0.00019553231954836512,46,recipient vs. donor,0.0035684648317576635,glycolate,2.4475185789823914,depleted
514,glygn4[e],0.3724274172339861,0.04057419887053057,46,recipient vs. donor,0.23383551454332094,"glycogen, structure 4 (glycogenin-1,6-{2[1,4-Glc], [1,4-Glc]})",0.6310895282517484,n.s.
515,glygn5[e],0.17944835147935123,0.21182411346849706,46,recipient vs. donor,0.8176336381295446,"glycogen, structure 5 (glycogenin-2[1,4-Glc])",0.08744124960475336,n.s.
516,gncore1[e],1.1063672471504447,0.6474118907339166,46,recipient vs. donor,0.865286381571741,"GlcNAc-alpha-1,4-Core 1",0.06284013143438048,n.s.
517,gncore1_rl[e],1.2033668030651476,0.5904477774239176,46,recipient vs. donor,0.865286381571741,"released GlcNAc-alpha-1,4-Core 1",0.06284013143438048,n.s.
518,gncore2[e],1.4673488173271032,0.17300623134292592,46,recipient vs. donor,0.7678140275550334,"GlcNAc-alpha-1,4-Core 2",0.11474395781630126,n.s.
519,gncore2_rl[e],0.9235060465080132,0.42563262881997477,46,recipient vs. donor,0.865286381571741,"released GlcNAc-alpha-1,4-Core 2",0.06284013143438048,n.s.
520,gsn[e],-0.7764558921799041,0.0012939076856932242,46,recipient vs. donor,0.01808717764894571,Guanosine,1.7426291958331885,depleted
521,gthox[e],0.6732565857842459,0.05131367787167197,46,recipient vs. donor,0.28094238634740404,Oxidized glutathione,0.5513827329661762,n.s.
522,gthrd[e],0.673211005970985,0.05131367787167197,46,recipient vs. donor,0.28094238634740404,Reduced glutathione,0.5513827329661762,n.s.
523,gua[e],-0.40577893367969864,0.04604574429507006,46,recipient vs. donor,0.2585645641184703,Guanine,0.5874309947778319,n.s.
524,h2[e],2.9740334866154683,5.268607462564353e-07,46,recipient vs. donor,0.00012902365950943646,Hydrogen,3.889330644334577,enriched
525,h2o[e],-0.0225120075345826,0.6529022784203236,46,recipient vs. donor,0.865286381571741,Water,0.06284013143438048,n.s.
526,h2s[e],0.1271559296608653,0.42621621324028924,46,recipient vs. donor,0.865286381571741,Hydrogen sulfide,0.06284013143438048,n.s.
527,h[e],-0.22293780743303415,0.009469581985256974,46,recipient vs. donor,0.07319429840369214,proton,1.1355227477429044,n.s.
528,ha_pre1[e],-0.0008965199223460729,0.18561504257338968,46,recipient vs. donor,0.7723289294466347,"hyaluronan biosynthesis, precursor 1",0.11219769730751812,n.s.
529,hdca[e],0.9657250168647966,0.014039961429215828,46,recipient vs. donor,0.10136543581312966,Hexadecanoate (n-C16:0),0.9941101080659407,n.s.
530,his_L[e],0.1070115657485533,0.29400360483991117,46,recipient vs. donor,0.865286381571741,L-histidine,0.06284013143438048,n.s.
531,hista[e],0.11691227501783885,0.3524520464438978,46,recipient vs. donor,0.865286381571741,histamium,0.06284013143438048,n.s.
532,hspg_degr_10[e],0.00039172380036589516,0.3117405816203951,46,recipient vs. donor,0.865286381571741,"Product AS3TASE_HS2, GlcN2S-IdoA-GlcNAc-GlcA-Gal-Gal-Xyl-L-Ser (protein)",0.06284013143438048,n.s.
533,hspg_degr_11[e],-0.00415202618926358,0.18561504257338968,46,recipient vs. donor,0.7723289294466347,"Product GAM2STASE_HS3, GlcN-IdoA-GlcNAc-GlcA-Gal-Gal-Xyl-L-Ser (protein)",0.11219769730751812,n.s.
534,hspg_degr_12[e],0.05021702234140335,0.23045235195231195,46,recipient vs. donor,0.8651839727581083,"Product GLCNACASE_HS2, GlcA-GlcNAc-IdoA-Gal-Gal-Xyl-L-Ser (protein)",0.06289153431753253,n.s.
535,hspg_degr_13[e],0.8504661000228069,0.6471629030911411,46,recipient vs. donor,0.865286381571741,"Product GLCAASE_HS, GlcNAc-IdoA-Gal-Gal-Xyl-L-Ser (protein)",0.06284013143438048,n.s.
536,hspg_degr_15[e],-0.012483401163823515,0.6477853303777237,46,recipient vs. donor,0.865286381571741,"Product IDOURASE_HS3, Gal-Gal-Xyl-L-Ser (protein)",0.06284013143438048,n.s.
537,hspg_degr_1[e],0.014220757693401254,0.4935627897033893,46,recipient vs. donor,0.865286381571741,"Product 1 HEPARL1_e, IdoA-GlcN2,6diS-GlcA-GlcN2,3,6triS",0.06284013143438048,n.s.
538,hspg_degr_2[e],-0.007149461506891441,0.18561504257338968,46,recipient vs. donor,0.7723289294466347,"Product 2 HEPARL1_e, IdoA2S-GlcN2,6diS-IdoA2S-GlcNAc3S-GlcA-Gal-Gal-Xyl-L-Ser (protein)",0.11219769730751812,n.s.
539,hspg_degr_3[e],-0.003265358964156917,0.6477853303777237,46,recipient vs. donor,0.865286381571741,"Product IDOURASE_HS1, GlcN2,6diS-GlcA-GlcN2,3,6triS",0.06284013143438048,n.s.
540,hspg_degr_4[e],1.5705004368982145e-05,0.4935627897033893,46,recipient vs. donor,0.865286381571741,"Product AS6TASE_HS1, GlcN2S-GlcA-GlcN2,3diS",0.06284013143438048,n.s.
541,hspg_degr_5[e],0.005488324554008273,0.4935627897033893,46,recipient vs. donor,0.865286381571741,"Product AS3TASE_HS1, GlcN2S-GlcA-GlcN2S",0.06284013143438048,n.s.
542,hspg_degr_6[e],0.004972863891630652,0.4935627897033893,46,recipient vs. donor,0.865286381571741,"Product GAM2STASE_HS2, GlcN-GlcA-GlcN",0.06284013143438048,n.s.
543,hspg_degr_7[e],-0.012847965502579939,0.6477853303777237,46,recipient vs. donor,0.865286381571741,"Product IS2TASE_HS1, IdoA-GlcN2,6diS-IdoA-GlcNAc3S-GlcA-Gal-Gal-Xyl-L-Ser (protein)",0.06284013143438048,n.s.
544,hspg_degr_8[e],-0.015065361461999771,1.0,46,recipient vs. donor,1.0,"Product IDOURASE_HS2, GlcN2,6diS-IdoA-GlcNAc3S-GlcA-Gal-Gal-Xyl-L-Ser (protein)",-0.0,n.s.
545,hspg_degr_9[e],6.694722877753634e-05,0.4935627897033893,46,recipient vs. donor,0.865286381571741,"Product AS6TASE_HS2, GlcN2S-IdoA-GlcNAc3S-GlcA-Gal-Gal-Xyl-L-Ser (protein)",0.06284013143438048,n.s.
546,hspg_rest[e],0.5492323123069447,0.5479417062820817,46,recipient vs. donor,0.865286381571741,"Undegradable product GALASE_HS, Xyl-L-Ser (protein)",0.06284013143438048,n.s.
547,hxan[e],0.6325530196809304,0.0020773300190588583,46,recipient vs. donor,0.024814651318575815,Hypoxanthine,1.6052918228838398,enriched
548,icdchol[e],0.2347735734045222,0.5878274031265451,46,recipient vs. donor,0.865286381571741,Isochenodeoxycholate,0.06284013143438048,n.s.
549,idon_L[e],6.901169999481873,0.07275281370555854,46,recipient vs. donor,0.3917917918405898,L-Idonate,0.40694466684990815,n.s.
550,idour[e],0.9075759179914797,0.5186133639880481,46,recipient vs. donor,0.865286381571741,L-iduronate,0.06284013143438048,n.s.
551,ile_L[e],1.7147838035202863,5.8445957455165444e-06,46,recipient vs. donor,0.00029537687729264383,L-isoleucine,3.5296235051556124,enriched
552,ind3ppa[e],4.916347313048947,0.0813787824905772,46,recipient vs. donor,0.42772688077047377,Indole-3-propionate,0.3688334553699296,n.s.
553,indole[e],-0.6639828337113416,0.0028201111857973455,46,recipient vs. donor,0.030880217484480933,Indole,1.510319649658278,depleted
554,inost[e],6.8620218906269415,0.3117405816203951,46,recipient vs. donor,0.865286381571741,myo-inositol,0.06284013143438048,n.s.
555,ins[e],-0.5220731007109495,0.0024227898809404407,46,recipient vs. donor,0.027444361237549474,Inosine,1.561546872888773,depleted
556,inulin[e],0.1257832391541278,0.507446731987605,46,recipient vs. donor,0.865286381571741,"Chicory inulin, 30 monosaccharide units (29 fru, 1 glc) on average",0.06284013143438048,n.s.
557,isobut[e],1.2652391089870996,0.0017451799971757711,46,recipient vs. donor,0.02248202466949964,"Isobutyrate, 2-Methylpropanoate",1.6481645799714648,enriched
558,isocapr[e],1.239632337061562,0.004652718429062671,46,recipient vs. donor,0.046315697089305684,Isocaproate,1.334271795074536,enriched
559,isochol[e],0.23119643222130892,0.6199928192812989,46,recipient vs. donor,0.865286381571741,Isocholate,0.06284013143438048,n.s.
560,isoval[e],1.4252972750998545,0.013006363946545,46,recipient vs. donor,0.09601327093123668,"Isovalerate, 3-Methylbutanoate",1.0176687347325857,n.s.
561,ispre[e],0.09259465191721716,0.009346553424665949,46,recipient vs. donor,0.07310340000006581,Isoprene,1.1360624237681511,n.s.
562,k[e],0.21271382966224905,0.13719633060194975,46,recipient vs. donor,0.6726715612349328,potassium,0.17219693274505068,n.s.
563,kdo[e],0.28768810362266883,0.40302703814967455,46,recipient vs. donor,0.865286381571741,3-Deoxy-D-manno-2-octulosonate,0.06284013143438048,n.s.
564,kestopt[e],-5.5076111872531595,1.0,46,recipient vs. donor,1.0,"Kestopentaose (4 fru, 1 glc inulin-type fructo-oligosaccharide)",-0.0,n.s.
565,lac_D[e],-0.33678127638502353,0.0026145586018299764,46,recipient vs. donor,0.029114661040716854,(R)-lactate,1.5358882616783387,depleted
566,lac_L[e],0.12631625155813708,0.6529022784203236,46,recipient vs. donor,0.865286381571741,(S)-lactate,0.06284013143438048,n.s.
567,lald_L[e],0.29365630095199213,0.541082457650242,46,recipient vs. donor,0.865286381571741,(S)-lactaldehyde,0.06284013143438048,n.s.
568,lcts[e],1.8928054526412552e-05,0.4935627897033893,46,recipient vs. donor,0.865286381571741,Lactose,0.06284013143438048,n.s.
569,leu_L[e],0.13081280587916488,0.9356634534303744,46,recipient vs. donor,0.947197055321658,L-leucine,0.0235596607684768,n.s.
570,levanb[e],2.2135500573776365,0.44838267333126236,46,recipient vs. donor,0.865286381571741,Levanbiose,0.06284013143438048,n.s.
571,levanttr[e],0.6232989179375998,0.8150328305901355,46,recipient vs. donor,0.8757731152867881,Levantriose,0.05760839102538253,n.s.
572,levantttr[e],0.6437801197178654,0.8065112719375732,46,recipient vs. donor,0.872945478851706,Levantetraose,0.05901287997514723,n.s.
573,lmn2[e],0.0482507481069554,0.5477327131677429,46,recipient vs. donor,0.865286381571741,Laminaribiose,0.06284013143438048,n.s.
574,lys_L[e],0.3372298891235949,0.006276057930641308,46,recipient vs. donor,0.058075634653962524,L-lysinium(1+),1.2360060355060687,n.s.
575,mal_L[e],0.7898380094153348,0.8808345795495283,46,recipient vs. donor,0.9042317480688127,(S)-malate(2-),0.043720248718400835,n.s.
576,malttr[e],-0.3387720805573222,0.4389559188808799,46,recipient vs. donor,0.865286381571741,maltotriose,0.06284013143438048,n.s.
577,malt[e],2.303969772644579,0.4254157683935076,46,recipient vs. donor,0.865286381571741,Maltose,0.06284013143438048,n.s.
578,man[e],0.08446412411263537,0.31544032364605934,46,recipient vs. donor,0.865286381571741,D-Mannose,0.06284013143438048,n.s.
579,melib[e],6.3957680693110195,0.42299934931716276,46,recipient vs. donor,0.865286381571741,Melibiose,0.06284013143438048,n.s.
580,met_L[e],-0.34711880756741953,0.026040547794536243,46,recipient vs. donor,0.16773176373539522,L-methionine,0.7753846862982255,n.s.
581,meoh[e],0.1892755084906952,0.28352131424960947,46,recipient vs. donor,0.865286381571741,methanol,0.06284013143438048,n.s.
582,mg2[e],0.5441580394869838,0.20544797943310655,46,recipient vs. donor,0.799913202518681,magnesium,0.09695713514837949,n.s.
583,mnl[e],0.05220568753795385,0.36229560132738314,46,recipient vs. donor,0.865286381571741,D-Mannitol,0.06284013143438048,n.s.
584,mqn7[e],16.13962428611252,0.0918263954507239,46,recipient vs. donor,0.47132767039941875,Menaquinone 7,0.32667706321293666,n.s.
585,mqn8[e],7.776779225740079,0.014039961429215828,46,recipient vs. donor,0.10136543581312966,Menaquinone 8,0.9941101080659407,n.s.
586,n2[e],8.2486007164785,0.0069858590385447825,46,recipient vs. donor,0.06119612517765229,Nitrogen,1.2132760756851435,n.s.
587,n2o[e],-0.5408268137935872,1.1528473437068136e-05,46,recipient vs. donor,0.00044554159106786857,Nitrous oxide,3.351111748578463,depleted
588,ncam[e],-0.9551219601089085,0.00012301619308850703,46,recipient vs. donor,0.0024491405714893674,Nicotinamide,2.6109862872843883,depleted
589,nac[e],-0.5423795599597381,0.00011195740920839281,46,recipient vs. donor,0.0024491405714893674,Nicotinate,2.6109862872843883,depleted
590,na1[e],0.3395743453994058,0.31648635513539825,46,recipient vs. donor,0.865286381571741,Sodium,0.06284013143438048,n.s.
591,nh4[e],0.0637883891191553,0.3745750237721889,46,recipient vs. donor,0.865286381571741,Ammonium,0.06284013143438048,n.s.
592,nmn[e],0.011974096726596883,0.6370371285769185,46,recipient vs. donor,0.865286381571741,NMN,0.06284013143438048,n.s.
593,no3[e],0.033302653168600926,0.4935627897033893,46,recipient vs. donor,0.865286381571741,Nitrate,0.06284013143438048,n.s.
594,no2[e],6.48936038888565,0.5781002519180958,46,recipient vs. donor,0.865286381571741,Nitrite,0.06284013143438048,n.s.
595,no[e],-0.5485073358137376,1.3511070848515446e-05,46,recipient vs. donor,0.0004931540859708138,Nitric oxide,3.30701736422905,depleted
596,o2[e],2.236389177341862,7.263813188537287e-06,46,recipient vs. donor,0.00031815501765793315,O2,3.497361223067491,enriched
597,oaa[e],-2.2534156220772132,1.005065163341039e-05,46,recipient vs. donor,0.00041270488269691416,Oxaloacetate,3.384360392969488,depleted
598,ocdca[e],0.6996977488334739,0.14305238865687062,46,recipient vs. donor,0.686024958741343,octadecanoate (n-C18:0),0.1636600836424327,n.s.
599,orn[e],-0.4617116184476755,0.010124271548872594,46,recipient vs. donor,0.07645570583458959,Ornithine,1.1165900979559322,n.s.
600,oxa[e],5.597900253355556,0.0032226728150365896,46,recipient vs. donor,0.034709771139000645,oxalate(2-),1.4595482498663817,enriched
601,pac[e],-0.6524449216961457,0.007726144845412698,46,recipient vs. donor,0.06345096454295178,phenylacetate,1.1975617716386602,n.s.
602,pcresol[e],1.9460079686543512,0.0013219201714321116,46,recipient vs. donor,0.018093782346477027,p-Cresol,1.742470638198194,enriched
603,phe_L[e],-0.6623014406356109,0.006276057930641308,46,recipient vs. donor,0.058075634653962524,L-phenylalanine,1.2360060355060687,n.s.
604,phpyr[e],2.4020914484581075,3.142006171485559e-05,46,recipient vs. donor,0.0009383172975754602,keto-phenylpyruvate,3.0276502775223504,enriched
605,phenol[e],1.1252093181208203,0.006635043733669139,46,recipient vs. donor,0.06054477406973089,Phenol,1.2179233370894833,n.s.
606,pi[e],-0.4815765160925203,0.00043620682181152055,46,recipient vs. donor,0.0071646970482542255,hydrogenphosphate,2.1448021685678356,depleted
607,pnto_R[e],0.012820645341246717,0.3426247089113549,46,recipient vs. donor,0.865286381571741,(R)-Pantothenate,0.06284013143438048,n.s.
608,ppa[e],2.567207434616008,0.004064000260373135,46,recipient vs. donor,0.04171950267289297,propionate,1.379660877323782,enriched
609,ppi[e],0.24426888500607902,0.08541939808436014,46,recipient vs. donor,0.44540114715416357,Diphosphate,0.3512486687521792,n.s.
610,pppn[e],5.073149802707798,0.0001794087993746292,46,recipient vs. donor,0.003367759462546611,Phenylpropanoate,2.472658934933436,enriched
611,pro_L[e],0.02906087870045404,0.8808345795495283,46,recipient vs. donor,0.9042317480688127,L-proline,0.043720248718400835,n.s.
612,ptrc[e],3.3275670062876483,0.018326633141182783,46,recipient vs. donor,0.12542289555996966,Putrescine,0.901623177159769,n.s.
613,pydxn[e],0.10513878448943714,0.326992631686817,46,recipient vs. donor,0.865286381571741,Pyridoxine,0.06284013143438048,n.s.
614,pydx[e],0.40971040609944787,0.5109336677834859,46,recipient vs. donor,0.865286381571741,Pyridoxal,0.06284013143438048,n.s.
615,rbflvrd[e],0.7412573154688045,0.04124085880498531,46,recipient vs. donor,0.23561081943369871,Reduced riboflavin,0.6278047702836446,n.s.
616,pyr[e],1.4291418264180242,3.142006171485559e-05,46,recipient vs. donor,0.0009383172975754602,pyruvate,3.0276502775223504,enriched
617,rib_D[e],-0.429312473535279,0.008852918542535402,46,recipient vs. donor,0.070076716655973,D-ribose,1.1544262546082082,n.s.
618,ribflv[e],0.7383198078540296,0.039002209543407086,46,recipient vs. donor,0.23383551454332094,Riboflavin,0.6310895282517484,n.s.
619,rmn[e],-0.13212498419905216,0.9350897166487858,46,recipient vs. donor,0.947197055321658,L-Rhamnose,0.0235596607684768,n.s.
620,sT_antigen[e],0.9438691124764738,0.6070647554930899,46,recipient vs. donor,0.865286381571741,sialyl-T antigen,0.06284013143438048,n.s.
621,sT_antigen_rl[e],0.9696283166471495,0.6238873914262112,46,recipient vs. donor,0.865286381571741,released sialyl-Tn antigen,0.06284013143438048,n.s.
622,sTn_antigen[e],1.0934600457221926,0.6629028892183693,46,recipient vs. donor,0.865286381571741,sialyl-Tn antigen,0.06284013143438048,n.s.
623,sbt_D[e],0.0243203416637634,0.325957044992661,46,recipient vs. donor,0.865286381571741,D-glucitol,0.06284013143438048,n.s.
624,selni[e],10.192565295930887,0.15170416786971852,46,recipient vs. donor,0.7170477574849285,selenite,0.14445191808190805,n.s.
625,sel[e],0.0213942646460481,0.3117405816203951,46,recipient vs. donor,0.865286381571741,selenate,0.06284013143438048,n.s.
626,ser_L[e],-0.2527683183812659,0.20054089761754346,46,recipient vs. donor,0.799913202518681,L-serine,0.09695713514837949,n.s.
627,so3[e],5.474885118643805,5.891491301800751e-07,46,recipient vs. donor,0.00012902365950943646,Sulfite,3.889330644334577,enriched
628,so4[e],-0.3097534715193708,0.7908340400944067,46,recipient vs. donor,0.8713915167623819,sulfate,0.05978667235667942,n.s.
629,spmd[e],0.22493540212416718,0.49764690299106096,46,recipient vs. donor,0.865286381571741,Spermidine,0.06284013143438048,n.s.
630,strch2[e],7.597391151095286,0.302663059362257,46,recipient vs. donor,0.865286381571741,"starch, structure 2 (1,6-{2[1,4-Glc], [1,4-Glc]})",0.06284013143438048,n.s.
631,succ[e],0.37534492683109866,0.021744796210785722,46,recipient vs. donor,0.1428633111048622,Succinate,0.8450792885674437,n.s.
632,sucr[e],0.13059193331177354,0.17413133958249616,46,recipient vs. donor,0.7678140275550334,Sucrose,0.11474395781630126,n.s.
633,taur[e],0.010511867410134101,0.4935627897033893,46,recipient vs. donor,0.865286381571741,Taurine,0.06284013143438048,n.s.
634,tet[e],0.0007550178937556495,0.20544797943310655,46,recipient vs. donor,0.799913202518681,Tetrathionate,0.09695713514837949,n.s.
635,thr_L[e],-0.17350525169091835,0.36229560132738314,46,recipient vs. donor,0.865286381571741,L-threonine,0.06284013143438048,n.s.
636,thm[e],12.50523573213724,0.15939703239365655,46,recipient vs. donor,0.7397201533423068,Thiamin,0.13093254897941434,n.s.
637,thf[e],0.12524675740192137,0.683565387323813,46,recipient vs. donor,0.865286381571741,"5,6,7,8-Tetrahydrofolate",0.06284013143438048,n.s.
638,thymd[e],-0.13052223291994736,0.3157389570068424,46,recipient vs. donor,0.865286381571741,Thymidine,0.06284013143438048,n.s.
639,tma[e],1.5911252831145282,0.11952476653820913,46,recipient vs. donor,0.5949073607242682,trimethylamine,0.225550657563258,n.s.
640,tmao[e],1.516370837518292,0.22596355093035736,46,recipient vs. donor,0.8532072009266942,Trimethylamine N-oxide,0.06894548783403548,n.s.
641,tre[e],-0.15671458295162566,0.9842811962951641,46,recipient vs. donor,0.9887962476543163,Trehalose,0.004893190339924354,n.s.
642,trp_L[e],-0.6632579516896294,0.0024227898809404407,46,recipient vs. donor,0.027444361237549474,L-tryptophan,1.561546872888773,depleted
643,trypta[e],0.2191787926469999,0.2847569578510367,46,recipient vs. donor,0.865286381571741,tryptaminium,0.06284013143438048,n.s.
644,tsul[e],2.9004096704708386,1.0690350805652802e-06,46,recipient vs. donor,0.00017558901198284728,thiosulfate(2-),3.755502664879379,enriched
645,ttdca[e],1.7062426069431864,6.517343431509821e-06,46,recipient vs. donor,0.0003058496167501395,tetradecanoate (n-C14:0),3.5144920593656357,enriched
646,tym[e],3.445525272256722,0.03566220436382983,46,recipient vs. donor,0.22103837987769998,tyraminium,0.6555323112835171,n.s.
647,tyr_L[e],1.397048526525949,0.007212455480810411,46,recipient vs. donor,0.061540042219382335,L-tyrosine,1.2108422101418836,n.s.
648,uchol[e],3.3548260908036065,0.00012301619308850703,46,recipient vs. donor,0.0024491405714893674,Ursocholate,2.6109862872843883,enriched
649,ura[e],0.5981903631905665,0.021744796210785722,46,recipient vs. donor,0.1428633111048622,uracil,0.8450792885674437,n.s.
650,urea[e],-0.8527164877740768,0.0003998034432398399,46,recipient vs. donor,0.006735150313040381,Urea,2.1716527073804106,depleted
651,uri[e],-0.907056154873668,0.0001784044721194726,46,recipient vs. donor,0.003367759462546611,Uridine,2.472658934933436,depleted
652,val_L[e],-0.32425438887514746,0.0007281075005069021,46,recipient vs. donor,0.01063036950740077,L-valine,1.9734516393114991,depleted
653,xan[e],0.25159658777253124,0.10895718108198314,46,recipient vs. donor,0.5549214571384723,Xanthine,0.2557684820038729,n.s.
654,xtsn[e],5.316971651186726,0.0020479003011243157,46,recipient vs. donor,0.024814651318575815,xanthosine,1.6052918228838398,enriched
655,xyl_D[e],-0.7821200700678075,0.024533510697599792,46,recipient vs. donor,0.1595892725576541,aldehydo-D-xylose,0.7969963048749803,n.s.
656,zn2[e],0.010853095360552345,0.3117405816203951,46,recipient vs. donor,0.865286381571741,Zinc,0.06284013143438048,n.s.
