,33-0,D-15U,77-6,22-6,90-6,16-0,D-6Fryst,D-6Fresk,78-6,12-6,11-6,75-0,89-6,89-0,31-0,12-0,D-7Fryst,D-15Fryst,24-6,66-6,88-0,D-13U,D-4,23-0,19-6,D-9Feresk,24-0,18-0,3-6,77-0,D-12,25-6,25-0,64-6,11-0,54-0,D-9Fryst,30-6,66-0,D-3,32-6,D-10,32-0,56-6,56-0,59-6,71-0,37-0,3-0,D-2,59-0,64-0,30-0,31-6,22-0,70-0,90-0,81-0,D-5Fryst,18-6,88-6,D-14,D-14U,78-0,16-6,19-0,75-6,36-0
33-0,0.0,0.6322112631239667,0.7574824355042502,0.6155087755020388,0.3927110532270393,0.6155914820984021,0.5030974482867264,0.6138091946586879,0.49517884969480613,0.8108878429549866,0.5388974614062327,0.623571281411607,0.5155358719745604,0.45370577611717433,0.4375204132083132,0.6034074626036479,0.6695540755344679,0.5424667869537467,0.47065373825756013,0.5322894612279865,0.44850608069582026,0.4938462513832371,0.6518290060515979,0.5602593661401774,0.562379160774831,0.7355248688179591,0.6755834827583371,0.7726384356229465,0.5281233671865088,0.8054695107499722,0.4781694749721006,0.5062997456086501,0.2881243215779967,0.5804608905990009,0.5963776753936447,0.4799116860733319,0.5348426281639731,0.492695135542871,0.5581753303096259,0.5885750617655252,0.49724283040551376,0.5265238832874275,0.44563031566650435,0.4853154528501851,0.5634312143524759,0.5644096058823628,0.7089785294585879,0.7285194593554334,0.48224221556991936,0.6198978009988031,0.5065194095440361,0.3999376765991535,0.3343201640309228,0.520724298675375,0.756244005698929,0.6507949151794885,0.451946935042788,0.4716203840942431,0.6280838692427244,0.8655416119747223,0.4168026412500483,0.5024786519484415,0.47991578195652057,0.6000177159559636,0.542472095126332,0.7065048177736947,0.7089906400192203,0.4413227548031963
D-15U,0.6322112631239667,0.0,0.7147447496589646,0.5271339673960337,0.6140904330161926,0.6088370274070689,0.6687627840225893,0.6391342150048366,0.6988390829580526,0.7776876136244486,0.7574666435198459,0.5683358112737581,0.5325303790161554,0.619702602537551,0.6101259411605383,0.5722107302008818,0.7201401137918364,0.37091836871037615,0.6321699292229652,0.46652118545162097,0.6735947502060771,0.614115020814847,0.7072489731641379,0.5993531011396387,0.7237147945946285,0.7696112695256441,0.6442764230390744,0.7751606025178831,0.5569998246600311,0.79242409006266,0.4903476178933544,0.4428134648813013,0.6143809373877877,0.6697585335221529,0.6047368073596068,0.5218414879056795,0.7225049537793614,0.6250291081071213,0.5855447868474848,0.6118375249110749,0.44660243660362126,0.6513244809516606,0.4436464215265598,0.606309001581188,0.5146161220227585,0.4831478519864802,0.6999574021625983,0.7111451233212862,0.5659987160513382,0.6320057747380895,0.5610352924550429,0.6418619426344226,0.5731609808992878,0.5442432832914559,0.5807827867044509,0.41772887579305845,0.7061157695371182,0.6323285877960299,0.7142599648619531,0.8163569561958063,0.5912247429254565,0.6259029447266731,0.6316880882189944,0.778636159898763,0.6033230265338833,0.5626343447559815,0.44201192614664747,0.45521475516610005
77-6,0.7574824355042502,0.7147447496589646,0.0,0.6295448537902459,0.7548214669260842,0.6214312669214133,0.7974771536551432,0.7599833044263506,0.7638911976026896,0.6524810445794018,0.7975593364441929,0.6495266290427646,0.5941876872936672,0.6650414692280991,0.7514686721344475,0.5257444170046484,0.8237930246696121,0.7441407129711186,0.7039983242004529,0.590956641475724,0.7462597465960097,0.7776581782450248,0.8086554666840992,0.778460692933466,0.7531169824604502,0.8466662729850888,0.6138985026727037,0.6468598540743721,0.5883569282174439,0.5801304232744392,0.7186744129185754,0.7574031159148097,0.694902727570107,0.7815948690828896,0.6648946262801704,0.7446042351793198,0.8068172787159339,0.7443670403372329,0.6222460743545456,0.8003811200077986,0.5989309391469666,0.7832039023019387,0.7835807240117056,0.6516403138554315,0.5668914635277607,0.734309716380951,0.4227731273888506,0.6251285659181526,0.6518633530265648,0.8039775218518876,0.6849652022335858,0.7646957831987685,0.6462527264475828,0.6439895372128267,0.7831925660776204,0.5916934045284793,0.784642203567497,0.7328854274896356,0.8148745469562454,0.6754399495307326,0.6626784717518561,0.7806297034927652,0.7818501855562481,0.7946453081561928,0.740121893923017,0.7933439927238474,0.7252676144584375,0.7010474898627252
22-6,0.6155087755020388,0.5271339673960337,0.6295448537902459,0.0,0.6284853039118199,0.5864507164963914,0.733448208080125,0.6664875893532735,0.6914960080747099,0.7779651090649735,0.7848245973778252,0.5713120048387211,0.49796599357628996,0.6209516314424471,0.5819607648693342,0.6068436366479915,0.729616057000347,0.5338736218535638,0.5847472500125059,0.4216021579467042,0.6704807119761499,0.6478038226140502,0.7295836535912269,0.6792373452975634,0.7448042428381102,0.7844328265797733,0.6384022092189069,0.7330896157169883,0.492838203272948,0.760912428498919,0.549450857397141,0.6152931427660225,0.6162198678534153,0.7011619250888618,0.6248300408743044,0.6377888574152554,0.7464308486919351,0.6050211619461332,0.5251960795004549,0.7071766498347062,0.46099441935074537,0.6787769297472463,0.6548217101606605,0.6002274022563691,0.485924578914105,0.6355564002504733,0.6064563194616189,0.6269661098569004,0.5668507918388469,0.6709874791911317,0.5638683275525461,0.7090067931205533,0.5369959288924038,0.46763691291320564,0.5237924380732673,0.4854684408335318,0.7027112392531758,0.6089790612057883,0.7246821458130993,0.7768528249431701,0.549418694682866,0.6192306389952532,0.6192600332803867,0.7429093762584633,0.6767248875602738,0.5814338317845885,0.6369974975489573,0.5151750909536528
90-6,0.3927110532270393,0.6140904330161926,0.7548214669260842,0.6284853039118199,0.0,0.6847951177187173,0.4058292322336512,0.4710493275633755,0.5256210435462215,0.8136915396254063,0.38879684876503784,0.5107451777899861,0.4596217470288361,0.44926700405641523,0.356073198639957,0.5396963551503623,0.555224348337539,0.441755502465719,0.4196788859137113,0.49393773975011646,0.36436361728582295,0.43726384506795474,0.5472018341212668,0.49450287717492464,0.4651737597808898,0.6166439550950513,0.5955420423102228,0.7405960544019531,0.497155685359162,0.7723357690104713,0.3913228102656141,0.41889653646661523,0.40003006649566575,0.4335138962291934,0.6896181855931468,0.3807546919338408,0.4100924527208477,0.37618203416224716,0.5421974558126218,0.47572667913852457,0.5141657730761859,0.39816278167991315,0.46211281115973507,0.48030257963205025,0.6440972665268767,0.48826733522327126,0.6556681829505683,0.7052858626773917,0.4622663488479339,0.5297892265280332,0.5700816883069287,0.4381188415244752,0.36937384391580647,0.49180679308279857,0.8019114848282495,0.6667991631180286,0.34476442486260933,0.400561377225768,0.5276754355398886,0.8389035701796101,0.3483705982513366,0.4575812846887774,0.4397055350646797,0.6566555995693272,0.4063157153983932,0.5860734242439704,0.6738708748128018,0.42967961711993585
16-0,0.6155914820984021,0.6088370274070689,0.6214312669214133,0.5864507164963914,0.6847951177187173,0.0,0.8517907055936781,0.8236756746228928,0.6605600863781295,0.7686060885289235,0.8043570333460448,0.6715199041507086,0.5790192367084549,0.6356017318242659,0.7248617035019638,0.5440960954092563,0.8699509656199548,0.6804530350490682,0.7541550536108456,0.6105817925227893,0.7921477986379954,0.8297709431872113,0.8618600812621968,0.7245829685718039,0.8337370356031029,0.9051724230269935,0.6565418412708289,0.8019420528555543,0.6731193863891919,0.658318048900001,0.7174462639877102,0.6787112773299252,0.5603401335399266,0.844742136571233,0.1374150003409967,0.7105423239939929,0.9087975481781247,0.7706431564906441,0.6277375712700162,0.8028151514958035,0.5303019071987376,0.8463682978720956,0.5662732859984393,0.6943472210013856,0.4078782004495075,0.6812546465929337,0.6461816750173787,0.6840636068547913,0.6281831911722253,0.7781310115857233,0.43409142082444097,0.52879588021384,0.48393308213178643,0.5790112679516981,0.6575216781065164,0.5092676993177288,0.7828681591692738,0.7512376174924369,0.8466440771294976,0.7841671352731441,0.6710027284329786,0.8091038021289492,0.8312467114548595,0.6293019639663177,0.7257872035199748,0.6833876219275142,0.5903827643746264,0.5403404244592477
D-6Fryst,0.5030974482867264,0.6687627840225893,0.7974771536551432,0.733448208080125,0.4058292322336512,0.8517907055936781,0.0,0.3298586548138945,0.7314580594249286,0.8689058148043504,0.5783293325925708,0.5982655564043341,0.5697320998805119,0.47759606933347376,0.5056809887633031,0.6324920208588201,0.43488121311941447,0.4454230936624557,0.49058907220442605,0.583417864223074,0.36911740173436947,0.2101329554722235,0.3957970363414795,0.60536755999034,0.38678410409723013,0.5470616980192706,0.630286720474036,0.7852393615618418,0.560521203995442,0.8329505779082953,0.32646986534116584,0.5542382914665192,0.49157999996116336,0.3643065722505809,0.8543654995932153,0.4452706556820952,0.21337816724961298,0.5262091738800984,0.5687982804947587,0.2821431884148543,0.6115872006264726,0.17902447308159927,0.5911754542049528,0.4824455428444934,0.727318880398217,0.6157883243396739,0.6743401780713658,0.7986193406544598,0.4520090411882573,0.46532212463291805,0.7510275993777691,0.5145078790018927,0.5581370089697903,0.6732351620352368,0.8883485001533271,0.7417365734204513,0.3724867234938002,0.47740054140046445,0.3608046526539039,0.9004613618960036,0.39728691735598903,0.42062161638918794,0.3457956575051397,0.8464730211417181,0.48010081034949875,0.7333651734918863,0.7930805816620556,0.5785402455128053
D-6Fresk,0.6138091946586879,0.6391342150048366,0.7599833044263506,0.6664875893532735,0.4710493275633755,0.8236756746228928,0.3298586548138945,0.0,0.7355150304378015,0.8359401636939309,0.6501852612998127,0.5198810841188919,0.5862352329169138,0.6156945427682028,0.5053944126391171,0.6070818454059235,0.22753837233938717,0.45271823848072873,0.5209016598329907,0.5446685325194979,0.45933819459480774,0.3356179030722328,0.25245117687611457,0.6482220223329843,0.4229457754904337,0.394331334323522,0.5530405096117369,0.741240909185773,0.5541232149455791,0.8112140802457672,0.38910745785931083,0.5848693677109023,0.5723602385195172,0.4079183959064376,0.8154155918560073,0.4927950415572021,0.2534872619971289,0.5331239178862518,0.48527430329318905,0.24243378502878712,0.6437756843523066,0.2807693076493704,0.6980429700116617,0.4806683774931119,0.7130218067033046,0.6236852193248745,0.6317365826420906,0.7579372923942094,0.5601951139403434,0.3337389718060294,0.7823545587737866,0.5697008957096698,0.6128198675779454,0.6183605228048779,0.8350244572271954,0.684135395923633,0.4652872024723579,0.48895668006835663,0.23351985922641147,0.8443168047468962,0.49195794186356157,0.46171622394186235,0.41645999429095704,0.8138845977177106,0.46474990590491666,0.7229379901879722,0.7963578010718438,0.6116153511443047
78-6,0.49517884969480613,0.6988390829580526,0.7638911976026896,0.6914960080747099,0.5256210435462215,0.6605600863781295,0.7314580594249286,0.7355150304378015,0.0,0.8199785919870362,0.5247132419777528,0.6646492366490635,0.5840429918213975,0.6567488753904098,0.6061723678913867,0.5907882146684182,0.7907654172085753,0.6039958008892881,0.6132312542034567,0.671785181102731,0.6791915563255636,0.7174789520772143,0.7774092360138334,0.589928006298536,0.7552376825004447,0.8333843794697734,0.7604518530795547,0.8143920234221089,0.6795650878835507,0.840250279063526,0.6992355351435826,0.6153594395496732,0.5745053369522801,0.7237741585601472,0.5885051371113446,0.6273076547170618,0.7305496729108907,0.5869690306222032,0.7176121820419376,0.7744558004016516,0.6507586222183077,0.714576760263604,0.6822818012172486,0.6262599460570109,0.7059271393179833,0.5729358603998748,0.7535923607807028,0.7266427115622981,0.6867303373903964,0.781327804985854,0.6308417396617221,0.5049848280284189,0.4961137118069876,0.6147354508329682,0.8416275310355218,0.7557932938954113,0.663676856024439,0.6317765194064329,0.7952800995328838,0.8838090484518157,0.6201335887483044,0.6837956776367748,0.7054637781747461,0.28162269819432895,0.6757047730377003,0.6606651134788621,0.7387650548167362,0.6119334551383634
12-6,0.8108878429549866,0.7776876136244486,0.6524810445794018,0.7779651090649735,0.8136915396254063,0.7686060885289235,0.8689058148043504,0.8359401636939309,0.8199785919870362,0.0,0.8522761180922954,0.7991487142606459,0.7759699259656102,0.7706670209416697,0.8260470935979137,0.6285471665836598,0.8851268271940796,0.8076771574494814,0.8282901890079778,0.7189054528232399,0.8288977211122124,0.859148296701569,0.870326572189158,0.8187754421090542,0.8025628411689572,0.9004035159954253,0.7597410580898568,0.6339337192725961,0.614477030836799,0.7728766693218143,0.825435562866772,0.8230656335178642,0.8064147564596921,0.85111059138035,0.7771247009588239,0.8310920612081307,0.8836844106367424,0.8234045055136142,0.734853674769297,0.867252257108618,0.776008385806663,0.865066736054816,0.856913421379714,0.7832741709525579,0.7516925839214401,0.8116670769164471,0.693876083744491,0.5310611128538208,0.7851935226832327,0.8701321568437143,0.8194551441116167,0.8217016231992712,0.7438405815752009,0.7721302230831673,0.8541745922616998,0.6925900895195696,0.8251555396069055,0.8252625654132784,0.8840906642419337,0.6463968994494007,0.7971405102296666,0.8363348687092624,0.8567404883948911,0.8398920399350448,0.8215944260952882,0.8354924960588186,0.8077628165206653,0.7767274631833987
11-6,0.5388974614062327,0.7574666435198459,0.7975593364441929,0.7848245973778252,0.38879684876503784,0.8043570333460448,0.5783293325925708,0.6501852612998127,0.5247132419777528,0.8522761180922954,0.0,0.6399903405806415,0.5824885542791146,0.6056846776440162,0.5660100065788234,0.5936854056306697,0.710533604895463,0.5611351116761536,0.4756793579443704,0.7015100078306711,0.5918372435489221,0.6253317187489643,0.7181033775711881,0.5645551399062745,0.568341244320471,0.760961685686194,0.762212297492012,0.7633963637495809,0.6501264899686081,0.8416395654955728,0.6286108202241207,0.555722531091682,0.5371763895869712,0.5373989875224574,0.8024960378886306,0.602458095594011,0.5830268696804891,0.4988359865846123,0.7616825035737145,0.6656708507592696,0.65017631248295,0.581629417368279,0.6580298110994257,0.5730980427478217,0.785292334054716,0.514536526916163,0.7596186337178856,0.7858886315356421,0.6154548440499253,0.7169141119213766,0.6923115639592383,0.5375643571380986,0.5506110833024707,0.6440789060247247,0.9041215966040719,0.8000359186388231,0.5800113627239416,0.5413148715377678,0.681475780501477,0.8402016084379323,0.5435824662181832,0.5755441370225152,0.5917837303366944,0.65875736385701,0.5655691308470875,0.6808826862706845,0.7969499735185024,0.5951217091195182
75-0,0.623571281411607,0.5683358112737581,0.6495266290427646,0.5713120048387211,0.5107451777899861,0.6715199041507086,0.5982655564043341,0.5198810841188919,0.6646492366490635,0.7991487142606459,0.6399903405806415,0.0,0.48221051233738416,0.579577627723978,0.4543722254309404,0.4774181513556839,0.5899243600858202,0.5553311731274647,0.5128547384773373,0.49234378570635395,0.5967319056789556,0.5659213908042544,0.5881464491299502,0.5706104758115735,0.5835728685894607,0.6465672745031271,0.575617668227859,0.7750971330119838,0.5128269435798757,0.724267042062525,0.5051969350992536,0.4144583827694543,0.5222406834950544,0.574636935026885,0.7005128792626848,0.5271157165003686,0.626772606231908,0.49696685977459315,0.566354489791063,0.5345576303697561,0.5217855195579375,0.5635939746605187,0.6383669708455363,0.5027552689334241,0.5228917239429652,0.5805896747172222,0.6148174801883444,0.6160362068965782,0.5535296293840805,0.5536687020860287,0.6137646358720158,0.593599321749752,0.5396205145059111,0.34242573034056323,0.7075529286710083,0.562470428224764,0.6403778743315904,0.5173531711221704,0.5821120289425177,0.8280485539343247,0.5291412860875427,0.636599559343863,0.5765795060842601,0.7125197408450326,0.5674130061057086,0.44316651310133354,0.41996552986130825,0.6039512766573717
89-6,0.5155358719745604,0.5325303790161554,0.5941876872936672,0.49796599357628996,0.4596217470288361,0.5790192367084549,0.5697320998805119,0.5862352329169138,0.5840429918213975,0.7759699259656102,0.5824885542791146,0.48221051233738416,0.0,0.46603313421412507,0.4659285083759274,0.46088844287809705,0.6808960841586182,0.46838412083869974,0.45495900759510316,0.4664302263758485,0.5309905237060408,0.5553061514562982,0.6720623907428726,0.5968117832543498,0.5868370980503139,0.7424578277375826,0.5156539652340221,0.6850228936411401,0.5046347498075872,0.6730393673837366,0.4833658132213712,0.5225917385372568,0.510004407735649,0.5462957851213208,0.6189914148892532,0.5078812062707964,0.5937216862047141,0.5072435632378409,0.53786698282884,0.6177444336027789,0.4917338401925705,0.5599056104103507,0.613531512955678,0.47319768991912886,0.432365082606595,0.5680511772131601,0.5421683048436428,0.660600718917946,0.471700286967927,0.6470195060760799,0.5421567947149336,0.5699361881941015,0.43032964514353406,0.5140936936657114,0.7328851516751862,0.5449132878578424,0.5805500700736735,0.41174704939778023,0.6530158828097732,0.7895316684854986,0.43775855578146367,0.5438104227955365,0.5371606930051112,0.7040516791922689,0.5183837972024149,0.6130700958790553,0.6632870754205912,0.453168090924276
89-0,0.45370577611717433,0.619702602537551,0.6650414692280991,0.6209516314424471,0.44926700405641523,0.6356017318242659,0.47759606933347376,0.6156945427682028,0.6567488753904098,0.7706670209416697,0.6056846776440162,0.579577627723978,0.46603313421412507,0.0,0.49172080893824144,0.548186011825161,0.6732936483497846,0.49961479481153326,0.4943426544432396,0.5345482996786338,0.4136183221024286,0.44979490721399096,0.6441342480891272,0.6081293902037852,0.4731031152868487,0.7379684468689297,0.5686631071027095,0.7467101550953074,0.5233834158596247,0.7702081544918206,0.4142037762307206,0.5417023992896024,0.46544640405806426,0.5550298030173088,0.6453260457450902,0.4998176335165032,0.5160609027882628,0.5551093031021812,0.5267604976729531,0.5808269814908391,0.49699253559021206,0.528315602841635,0.5050271877066437,0.5418715554253575,0.5639868872841419,0.605263789683329,0.5761792386355344,0.6922447703702457,0.37527197114523714,0.6220267832379479,0.5422758923030254,0.48819073358388354,0.4297577620064934,0.5413258475362427,0.7577397466394983,0.6199505761774472,0.38791939695199773,0.512183418051617,0.6037459713508125,0.8085743877936956,0.3702182617758425,0.45281550115752406,0.41796728302124947,0.7314663518451249,0.5541611496295558,0.6635363682700324,0.6550240929029626,0.44113295590871454
31-0,0.4375204132083132,0.6101259411605383,0.7514686721344475,0.5819607648693342,0.356073198639957,0.7248617035019638,0.5056809887633031,0.5053944126391171,0.6061723678913867,0.8260470935979137,0.5660100065788234,0.4543722254309404,0.4659285083759274,0.49172080893824144,0.0,0.5899981935826788,0.5689808795690372,0.49135433681655893,0.3915549544306589,0.4825913815295271,0.45318906748731885,0.4902710189699561,0.5623699613187004,0.4747550109969364,0.5712193734503161,0.641705201250806,0.6004240777468431,0.7653801958980928,0.524014462741118,0.8022282861806636,0.43618244537381823,0.36391556717594914,0.49367553419519855,0.4815199884676838,0.7299092410884574,0.4472414892022505,0.5357366388932842,0.43092813004153774,0.518814382927876,0.5215472301468116,0.5262481035190456,0.47979156445922294,0.5441878575992616,0.4362874121988301,0.5842890812891857,0.5703766543144907,0.6663920454411517,0.6689018433158915,0.5404595313885827,0.5428280600084069,0.5824692519160277,0.46563327782448727,0.44462377312694945,0.45086795617419756,0.759839714631183,0.6440777661460175,0.44736225550902814,0.29268274027484725,0.5396021973387216,0.867999725493255,0.4214708122128693,0.5375912291864287,0.5160519517871003,0.702140854698981,0.5076209876347448,0.5294193474177534,0.6175022746560554,0.4693099149849133
12-0,0.6034074626036479,0.5722107302008818,0.5257444170046484,0.6068436366479915,0.5396963551503623,0.5440960954092563,0.6324920208588201,0.6070818454059235,0.5907882146684182,0.6285471665836598,0.5936854056306697,0.4774181513556839,0.46088844287809705,0.548186011825161,0.5899981935826788,0.0,0.6986776552210922,0.5118734290427371,0.4919645397906048,0.5166233546809481,0.5887799631161355,0.6813400790244974,0.6823847130427301,0.5037750033035924,0.5935388619494337,0.7280977857403634,0.5284903816835538,0.64361160757242,0.4717172880114201,0.6208601767233044,0.6226360716090273,0.5663800684094007,0.542523585645414,0.6596378441793361,0.5612684085549424,0.526709497345538,0.649836022348217,0.5496837033082889,0.5251267493627307,0.6214011806810931,0.5184648833025908,0.626360322427751,0.6731667828552594,0.49381260460123444,0.46058014804460323,0.47749149086308396,0.5321485583723382,0.5712058918862969,0.499632031920295,0.6805252206126561,0.5894177697197923,0.5550143164753422,0.48850643924308296,0.5677340231371426,0.7613255024855003,0.43773343798030645,0.6293139434581596,0.5403309385614885,0.6975541674364162,0.7013396696435654,0.5513699999080233,0.6467207049100024,0.6734912200830848,0.6963671288694656,0.5242674702299638,0.6243953141332826,0.6441449363555739,0.5170899745499384
D-7Fryst,0.6695540755344679,0.7201401137918364,0.8237930246696121,0.729616057000347,0.555224348337539,0.8699509656199548,0.43488121311941447,0.22753837233938717,0.7907654172085753,0.8851268271940796,0.710533604895463,0.5899243600858202,0.6808960841586182,0.6732936483497846,0.5689808795690372,0.6986776552210922,0.0,0.5708369268767886,0.6108122259193441,0.5949543286300069,0.5385071310161932,0.4512787372724741,0.24251560297485156,0.7018018978405738,0.47747000759631236,0.3713552048807866,0.5853009101781719,0.7914926782728605,0.6192541662509722,0.8515531818325237,0.47193822205531527,0.6472461489721607,0.6251849773661049,0.4775955197709142,0.8685527774093245,0.5781488844553424,0.3703059970951097,0.6051213259944693,0.5809558108197709,0.2874127774718226,0.703480236428409,0.39609255745449085,0.7262231046984765,0.5530550927186911,0.7627998279573713,0.6710936913098733,0.7274641615470342,0.8189941019566708,0.6550036489388752,0.28682855926847506,0.8146973014159441,0.6176372575380972,0.6840100368784521,0.6774027652980237,0.8643643858449064,0.7488463846467911,0.5158914568778901,0.5760487850710616,0.15743566298702208,0.9014099381571729,0.5803338347109199,0.5732508828553571,0.5258705999491909,0.8647389978854734,0.5523507513820684,0.755319412073968,0.8330243032888022,0.682397916453823
D-15Fryst,0.5424667869537467,0.37091836871037615,0.7441407129711186,0.5338736218535638,0.441755502465719,0.6804530350490682,0.4454230936624557,0.45271823848072873,0.6039958008892881,0.8076771574494814,0.5611351116761536,0.5553311731274647,0.46838412083869974,0.49961479481153326,0.49135433681655893,0.5118734290427371,0.5708369268767886,0.0,0.42933870896712867,0.4774811124834969,0.5101259307375653,0.40730475454810844,0.5534760611193824,0.5105677371286103,0.5745748778157844,0.657149105013481,0.6274249514463573,0.7742333000201674,0.46290565201021944,0.8119053242957645,0.34859962276616163,0.4109593124337923,0.5230137213237853,0.47320670911976553,0.6744553249285872,0.38726057409118614,0.4693070207656035,0.48516973799391516,0.5064405783126815,0.43991630742000065,0.4330044869018187,0.4273733800892894,0.5413755485249361,0.4504618667372419,0.5848087098229426,0.44350414909764074,0.6596639129526087,0.7403278492978265,0.42624185880109966,0.5284233038782093,0.5890458228844406,0.5140307935232669,0.5148491258364916,0.5696824397924323,0.7373863985353082,0.48805741424270677,0.5229795346014812,0.5029824733678345,0.5324006662259437,0.8518284741079934,0.45591747280651274,0.40181802472220146,0.40078648117190935,0.7955518862197288,0.4491366771601721,0.5957686150946258,0.6094614331468782,0.4206844698262257
24-6,0.47065373825756013,0.6321699292229652,0.7039983242004529,0.5847472500125059,0.4196788859137113,0.7541550536108456,0.49058907220442605,0.5209016598329907,0.6132312542034567,0.8282901890079778,0.4756793579443704,0.5128547384773373,0.45495900759510316,0.4943426544432396,0.3915549544306589,0.4919645397906048,0.6108122259193441,0.42933870896712867,0.0,0.572523492631525,0.44521183174013124,0.5236161285408775,0.5992659089150746,0.5160729825162375,0.5246109419897168,0.6750710296520694,0.6814794081658173,0.7989499211533829,0.4655275517104232,0.7933472740489402,0.47472132661912725,0.4624744697051377,0.5198513580663238,0.5050217445527441,0.7606117799839056,0.4635984927709607,0.47753083283446024,0.46291630076907203,0.5933449055259468,0.569738731169621,0.5245900849371894,0.46521253305313187,0.5830055816839408,0.42283869356732057,0.6297741955811176,0.4158874109888448,0.6867276669861744,0.7222827293805454,0.49599445062430175,0.5832465707539459,0.6323631505401491,0.5154524926639933,0.4564037598520023,0.5662444532782178,0.7587096600364592,0.6337619208982181,0.5192292729977788,0.33265588705886834,0.568882492190776,0.8313881783010428,0.4212858123481164,0.4721401138386431,0.4818348633907515,0.7577265700478686,0.4160355542600326,0.6553123412612316,0.7181183188494119,0.5407475466145222
66-6,0.5322894612279865,0.46652118545162097,0.590956641475724,0.4216021579467042,0.49393773975011646,0.6105817925227893,0.583417864223074,0.5446685325194979,0.671785181102731,0.7189054528232399,0.7015100078306711,0.49234378570635395,0.4664302263758485,0.5345482996786338,0.4825913815295271,0.5166233546809481,0.5949543286300069,0.4774811124834969,0.572523492631525,0.0,0.5551263150559486,0.5253303868234703,0.5884794045464304,0.6088962994744335,0.5929656113276529,0.6596286188221432,0.4975370219778561,0.6291341801275612,0.40764044247604964,0.6904647959657353,0.3789433308113783,0.5395058995461416,0.49187162529739803,0.5588602433948139,0.6274869204839411,0.49374118221479396,0.6122471907861947,0.47614733689073946,0.4135697477494196,0.5310689139669497,0.4148542398235007,0.5321318681050297,0.5601417266209844,0.46161535156941025,0.4618413630624205,0.5740716425663824,0.5638979060928372,0.6041279085620469,0.48958841620908905,0.5072494616779044,0.5614140076863378,0.5823377594909259,0.45515379855364635,0.40206287881451097,0.5168009950055138,0.48007264861675086,0.6025830957783717,0.5154156233092623,0.5752923787845389,0.7405048949170661,0.47862901023229276,0.5673502465801195,0.5365262878794331,0.7357526106760433,0.5572706054169386,0.5192280655506899,0.6054803854692028,0.5258709293233226
88-0,0.44850608069582026,0.6735947502060771,0.7462597465960097,0.6704807119761499,0.36436361728582295,0.7921477986379954,0.36911740173436947,0.45933819459480774,0.6791915563255636,0.8288977211122124,0.5918372435489221,0.5967319056789556,0.5309905237060408,0.4136183221024286,0.45318906748731885,0.5887799631161355,0.5385071310161932,0.5101259307375653,0.44521183174013124,0.5551263150559486,0.0,0.3849580504233446,0.5093552570925146,0.5683484195290834,0.42261254627454625,0.5885955321625773,0.5720017044354078,0.7631873749342344,0.5100080803614435,0.8054463287061286,0.3795340081331804,0.5404128448990534,0.4491459350991293,0.49744341149140214,0.7944874101324951,0.4180734588693472,0.3552450623321421,0.49377650042951293,0.5055414578451768,0.4568995180609662,0.5940332644450746,0.40210360986060284,0.559441680450245,0.5169055250417429,0.68481016438003,0.5911446552830624,0.678829171349198,0.7133220037791672,0.4485712399537161,0.5140649554270643,0.6836706639029074,0.5319760860897559,0.49385805376317615,0.597507601982568,0.8252646528338284,0.7019175899634872,0.32823053748596476,0.3962951810192231,0.49031638062387783,0.8721023652919072,0.26932736560773174,0.4515740929979058,0.43310118715639645,0.7758787907423887,0.46465593007939965,0.6736920808751146,0.7563452113005141,0.5472709587906359
D-13U,0.4938462513832371,0.614115020814847,0.7776581782450248,0.6478038226140502,0.43726384506795474,0.8297709431872113,0.2101329554722235,0.3356179030722328,0.7174789520772143,0.859148296701569,0.6253317187489643,0.5659213908042544,0.5553061514562982,0.44979490721399096,0.4902710189699561,0.6813400790244974,0.4512787372724741,0.40730475454810844,0.5236161285408775,0.5253303868234703,0.3849580504233446,0.0,0.440335205816243,0.6560074066804991,0.4349396352295745,0.5921164180832467,0.6224186753969092,0.7757709117994398,0.5224512843842225,0.8273695423023035,0.2774243283699431,0.5477677681941826,0.4839255730034011,0.3774821422630276,0.8344165246112565,0.4381725500929078,0.2370417649948014,0.5033345034185069,0.5515976621243522,0.33902646591457575,0.5716046444680184,0.20238039723683998,0.560868492592564,0.46421915811762776,0.7049693992008388,0.6433511363708772,0.6646448429804218,0.7751217932870668,0.44019601605668696,0.4837569344625708,0.7111788449365578,0.5463713783351353,0.5545980225196405,0.600280354903142,0.8070051212991672,0.6929893584570687,0.37548677183053836,0.5009182512634683,0.39778095958486015,0.8840374641729123,0.33770817732395775,0.3573860690196007,0.25701867610551,0.8260762708249256,0.5141879331134578,0.6767145495686328,0.7419275668341697,0.5778140402927944
D-4,0.6518290060515979,0.7072489731641379,0.8086554666840992,0.7295836535912269,0.5472018341212668,0.8618600812621968,0.3957970363414795,0.25245117687611457,0.7774092360138334,0.870326572189158,0.7181033775711881,0.5881464491299502,0.6720623907428726,0.6441342480891272,0.5623699613187004,0.6823847130427301,0.24251560297485156,0.5534760611193824,0.5992659089150746,0.5884794045464304,0.5093552570925146,0.440335205816243,0.0,0.6865723151794657,0.49087760091114513,0.2195744746198564,0.581753344722101,0.7802813041948795,0.6067195302255494,0.8457861550946711,0.4546990779986685,0.6474130712098869,0.6235528458252908,0.5014209394722597,0.8614291483195203,0.5680867959167212,0.36637042492295163,0.6025390147498025,0.5573088616079692,0.2548912465260985,0.6930534690561698,0.3760688406045366,0.7111829463120155,0.5430175646007663,0.7567184967164322,0.6548124551737682,0.7014007263185571,0.805192132030502,0.6101031967092255,0.17600177258994923,0.791906017272097,0.6023276662797888,0.6738485068168034,0.6796177267351932,0.8630349799405328,0.747536535876004,0.47868194489904126,0.574777512866267,0.17502708626631597,0.8983902538580568,0.5663757158720081,0.5517491869989429,0.5035101143029014,0.8584029970312115,0.530232115515151,0.7620996783453307,0.8248126487468719,0.6667791964919525
23-0,0.5602593661401774,0.5993531011396387,0.778460692933466,0.6792373452975634,0.49450287717492464,0.7245829685718039,0.60536755999034,0.6482220223329843,0.589928006298536,0.8187754421090542,0.5645551399062745,0.5706104758115735,0.5968117832543498,0.6081293902037852,0.4747550109969364,0.5037750033035924,0.7018018978405738,0.5105677371286103,0.5160729825162375,0.6088962994744335,0.5683484195290834,0.6560074066804991,0.6865723151794657,0.0,0.6665332596949558,0.7595498920930446,0.729367328499532,0.8250557864558137,0.6066754654412403,0.8380042492663052,0.622464232560522,0.46176369595546096,0.604516843085184,0.6310310897993797,0.7077964104045249,0.4357516989393146,0.6507200302040617,0.3073338845754729,0.6613311431196673,0.6116199720222044,0.5653821592635048,0.6251614543727997,0.5710475858122078,0.5981242755264328,0.6525680182014773,0.44632262132293604,0.7421579563643972,0.7131807876558953,0.6005825259201811,0.6864023023433922,0.6006278079606417,0.5502412281409524,0.5276491068041355,0.591729684503029,0.8283477785236575,0.6390061660032915,0.6297448657752948,0.4854594724258187,0.6904718897360443,0.8833709031014582,0.5564366804214131,0.6314760724111775,0.6322868384913115,0.7241731322309208,0.4994678127414008,0.5897978406758932,0.6470847942908302,0.5491489172541311
19-6,0.562379160774831,0.7237147945946285,0.7531169824604502,0.7448042428381102,0.4651737597808898,0.8337370356031029,0.38678410409723013,0.4229457754904337,0.7552376825004447,0.8025628411689572,0.568341244320471,0.5835728685894607,0.5868370980503139,0.4731031152868487,0.5712193734503161,0.5935388619494337,0.47747000759631236,0.5745748778157844,0.5246109419897168,0.5929656113276529,0.42261254627454625,0.4349396352295745,0.49087760091114513,0.6665332596949558,0.0,0.5500263781866517,0.5556042403850802,0.7104565276107729,0.5584469187539942,0.772556383894106,0.4548997096438668,0.6322217165938557,0.505336077482185,0.46739777118119796,0.8382644872464031,0.5607075715201535,0.37719642989239394,0.5580557967543512,0.6203448858172842,0.4546506920438239,0.6605352081690818,0.4150984435792721,0.6406601891345184,0.5192296826230172,0.7342738682765804,0.6438984463621931,0.6665792726200411,0.7837881421645352,0.5318349695859305,0.5086303110118991,0.7454977638974681,0.5569621927138272,0.6066948510285447,0.6958907427947996,0.8780373900108743,0.7229210736970586,0.42487522881876355,0.5176915296671479,0.45412037438729586,0.8509343100174339,0.41866066059833035,0.465685925313558,0.39430620471452915,0.8477290857308983,0.4948662691619297,0.7435412828242695,0.815009527037686,0.6389236893366206
D-9Feresk,0.7355248688179591,0.7696112695256441,0.8466662729850888,0.7844328265797733,0.6166439550950513,0.9051724230269935,0.5470616980192706,0.394331334323522,0.8333843794697734,0.9004035159954253,0.760961685686194,0.6465672745031271,0.7424578277375826,0.7379684468689297,0.641705201250806,0.7280977857403634,0.3713552048807866,0.657149105013481,0.6750710296520694,0.6596286188221432,0.5885955321625773,0.5921164180832467,0.2195744746198564,0.7595498920930446,0.5500263781866517,0.0,0.634235246977349,0.8004942434361523,0.6785555921502661,0.8653676623167096,0.5727160866769061,0.7129926608794865,0.6871352284228905,0.5929354643109986,0.903683172363496,0.6465295540273439,0.504570512703636,0.6750513420356101,0.6502324827588002,0.40335210376861536,0.7669813741263564,0.5255127018645941,0.7775228910138131,0.641035333623473,0.8069557903838165,0.7272721272882152,0.7751183973789193,0.8438514348432462,0.7464890462096747,0.2828917018064851,0.8523108576358881,0.6907982027012951,0.7454047940189589,0.7371071239265525,0.9056160627713931,0.7906764987716703,0.6019640631693525,0.6444646142227852,0.34128042540039655,0.917410643617226,0.6552085207476986,0.6801427942863042,0.6407199878219106,0.8955754516862243,0.6126770578525288,0.8116019131541711,0.8677554330071032,0.7358781582384009
24-0,0.6755834827583371,0.6442764230390744,0.6138985026727037,0.6384022092189069,0.5955420423102228,0.6565418412708289,0.630286720474036,0.5530405096117369,0.7604518530795547,0.7597410580898568,0.762212297492012,0.575617668227859,0.5156539652340221,0.5686631071027095,0.6004240777468431,0.5284903816835538,0.5853009101781719,0.6274249514463573,0.6814794081658173,0.4975370219778561,0.5720017044354078,0.6224186753969092,0.581753344722101,0.729367328499532,0.5556042403850802,0.634235246977349,0.0,0.6532908997531855,0.604072398455699,0.6588861524710246,0.5223929538356732,0.712009980773693,0.589548111608374,0.6059646378105715,0.7053115556258478,0.5873511900460194,0.6130392045480273,0.6471692634854072,0.5154627343055115,0.5926258681470223,0.6212173346974293,0.607254636414226,0.6659940550205694,0.5402272406502472,0.531629820218339,0.704668585151257,0.5346460449850814,0.6878373359178698,0.535820364792863,0.5772868871163273,0.6371532334353388,0.5594245571226725,0.6299872617342284,0.641763316980399,0.7650836083988543,0.6070337045264771,0.5796488899031023,0.5627350626909077,0.5767645059062253,0.7752480787955254,0.5868606482422811,0.6956974096209927,0.6705505001248816,0.8007986276881611,0.6391990633844483,0.6986457151513217,0.711584923255174,0.6317572503192924
18-0,0.7726384356229465,0.7751606025178831,0.6468598540743721,0.7330896157169883,0.7405960544019531,0.8019420528555543,0.7852393615618418,0.741240909185773,0.8143920234221089,0.6339337192725961,0.7633963637495809,0.7750971330119838,0.6850228936411401,0.7467101550953074,0.7653801958980928,0.64361160757242,0.7914926782728605,0.7742333000201674,0.7989499211533829,0.6291341801275612,0.7631873749342344,0.7757709117994398,0.7802813041948795,0.8250557864558137,0.7104565276107729,0.8004942434361523,0.6532908997531855,0.0,0.6808195957130567,0.7308165792931482,0.754666692423848,0.83772495072177,0.7516392479701128,0.6343855713059775,0.8054923044713542,0.760166209178582,0.7840359452022533,0.7614634675036489,0.7054345126204263,0.7797636093091515,0.7655061405771436,0.7693500957535057,0.8022158353309911,0.7034592896995966,0.7354658663053928,0.8073955194630313,0.6531514639869028,0.7057190598148017,0.7626635983453725,0.7792941782161151,0.8183287576819808,0.7622950522377363,0.7240665846963468,0.7518641241741265,0.8823261623404701,0.7350281065768111,0.7694016297194938,0.7514826825994027,0.7829893906298975,0.4382322410082676,0.7713969404820864,0.8236157629448865,0.8192873881584695,0.8048381580695354,0.7431886903833703,0.8650305652519509,0.8647085329870287,0.7228497629614361
3-6,0.5281233671865088,0.5569998246600311,0.5883569282174439,0.492838203272948,0.497155685359162,0.6731193863891919,0.560521203995442,0.5541232149455791,0.6795650878835507,0.614477030836799,0.6501264899686081,0.5128269435798757,0.5046347498075872,0.5233834158596247,0.524014462741118,0.4717172880114201,0.6192541662509722,0.46290565201021944,0.4655275517104232,0.40764044247604964,0.5100080803614435,0.5224512843842225,0.6067195302255494,0.6066754654412403,0.5584469187539942,0.6785555921502661,0.604072398455699,0.6808195957130567,0.0,0.7179744737991821,0.44106574272155197,0.5181644881937054,0.4927703480487754,0.5550009418303452,0.6768872949465948,0.4820126945820742,0.5602223010941321,0.497585912783823,0.47273154033327036,0.5479023205697682,0.44595014177970255,0.5150140542473322,0.5749697412439329,0.5141084097073085,0.5829675172373155,0.4932931201402317,0.615347737859958,0.5017265478123005,0.41298218847257906,0.5682460238034767,0.524598318124745,0.6118346161781277,0.46080822392671467,0.4589578498773878,0.6159175948471693,0.4698063035315582,0.5723028092820319,0.5324372898689531,0.5783502172970884,0.700769894436013,0.44129491864851195,0.46530600723067755,0.4829091538928576,0.7491515419734369,0.48768386047911205,0.6452534321389459,0.6597711689839622,0.498088235104836
77-0,0.8054695107499722,0.79242409006266,0.5801304232744392,0.760912428498919,0.7723357690104713,0.658318048900001,0.8329505779082953,0.8112140802457672,0.840250279063526,0.7728766693218143,0.8416395654955728,0.724267042062525,0.6730393673837366,0.7702081544918206,0.8022282861806636,0.6208601767233044,0.8515531818325237,0.8119053242957645,0.7933472740489402,0.6904647959657353,0.8054463287061286,0.8273695423023035,0.8457861550946711,0.8380042492663052,0.772556383894106,0.8653676623167096,0.6588861524710246,0.7308165792931482,0.7179744737991821,0.0,0.7936393003938516,0.8142352677499405,0.7344833469309503,0.808067850316043,0.7204941424383402,0.7753825442773166,0.8548929880652495,0.8141461583527551,0.7342929197151964,0.8306329775834266,0.7600317122875448,0.8350787051501068,0.8292704212776557,0.7127272768368903,0.6332807441983032,0.8077124343761296,0.6518029690858226,0.7316542588919588,0.7091825304179371,0.8282630623438303,0.7543000045451851,0.7802997610577206,0.7433566677192813,0.7452606983799,0.8497032063987361,0.6747595421743825,0.811113015388455,0.7819861360953222,0.8460776440480875,0.7780302920256048,0.7901347217461201,0.8371056707273155,0.8332724252676205,0.8279819578847607,0.8013188565093139,0.8368447131803726,0.8031784231661949,0.7393420961011913
D-12,0.4781694749721006,0.4903476178933544,0.7186744129185754,0.549450857397141,0.3913228102656141,0.7174462639877102,0.32646986534116584,0.38910745785931083,0.6992355351435826,0.825435562866772,0.6286108202241207,0.5051969350992536,0.4833658132213712,0.4142037762307206,0.43618244537381823,0.6226360716090273,0.47193822205531527,0.34859962276616163,0.47472132661912725,0.3789433308113783,0.3795340081331804,0.2774243283699431,0.4546990779986685,0.622464232560522,0.4548997096438668,0.5727160866769061,0.5223929538356732,0.754666692423848,0.44106574272155197,0.7936393003938516,0.0,0.5035408804209793,0.45230842129356663,0.41940172928212593,0.7235676516548475,0.4182751143793603,0.35468062901265623,0.4833995210954928,0.43821211883059774,0.3777597677405556,0.46499905481835757,0.3309605261836284,0.4927916853779208,0.45760904182154394,0.5806046768018288,0.6291586735705859,0.6188535985969584,0.7443232296705211,0.40233145120659286,0.41324224095247947,0.6193042173109389,0.5214652810367486,0.4904350474261075,0.4974297997748464,0.6449270414772497,0.5520866906370797,0.39386714646106885,0.4491279768222285,0.4157807803227501,0.8393304311122666,0.335828056120342,0.3851588929351387,0.33446098192644486,0.7723344090540601,0.4960563057806419,0.5608396510280489,0.6192554413521766,0.5202985751332432
25-6,0.5062997456086501,0.4428134648813013,0.7574031159148097,0.6152931427660225,0.41889653646661523,0.6787112773299252,0.5542382914665192,0.5848693677109023,0.6153594395496732,0.8230656335178642,0.555722531091682,0.4144583827694543,0.5225917385372568,0.5417023992896024,0.36391556717594914,0.5663800684094007,0.6472461489721607,0.4109593124337923,0.4624744697051377,0.5395058995461416,0.5404128448990534,0.5477677681941826,0.6474130712098869,0.46176369595546096,0.6322217165938557,0.7129926608794865,0.712009980773693,0.83772495072177,0.5181644881937054,0.8142352677499405,0.5035408804209793,0.0,0.46306246679830004,0.5697685257641681,0.6657180271970964,0.4089670907026873,0.608397868191561,0.4512002210338144,0.6256218670805691,0.5134926910192712,0.40018694869239835,0.5644317341348437,0.40083507931113366,0.5651686695060927,0.6133805912401634,0.38001627550329986,0.757851710307731,0.6458305714381365,0.5403314204839359,0.6059967920272592,0.4914061867933622,0.5417700696782016,0.43922065211269806,0.4161032561400942,0.742037241219914,0.5452068154563521,0.56366095815646,0.4633011557253298,0.6152938496272822,0.8756782860594813,0.4924467854270471,0.5582478808116444,0.5283686307161012,0.7371489297491869,0.4948084325885741,0.5360118764734683,0.3883807043116729,0.42708007115580937
25-0,0.2881243215779967,0.6143809373877877,0.694902727570107,0.6162198678534153,0.40003006649566575,0.5603401335399266,0.49157999996116336,0.5723602385195172,0.5745053369522801,0.8064147564596921,0.5371763895869712,0.5222406834950544,0.510004407735649,0.46544640405806426,0.49367553419519855,0.542523585645414,0.6251849773661049,0.5230137213237853,0.5198513580663238,0.49187162529739803,0.4491459350991293,0.4839255730034011,0.6235528458252908,0.604516843085184,0.505336077482185,0.6871352284228905,0.589548111608374,0.7516392479701128,0.4927703480487754,0.7344833469309503,0.45230842129356663,0.46306246679830004,0.0,0.5493241451709049,0.5794897682121449,0.44689396597584047,0.5222274590896661,0.4970346114101117,0.5692349609195934,0.517427307381154,0.44330307192210466,0.4909409871912595,0.3993222981839739,0.5095161690184677,0.5542339716472612,0.5323902754331773,0.6759336522617071,0.7166367776649635,0.46722190763217364,0.5696039914387605,0.43419468120197785,0.40842197354657894,0.3404545094533599,0.4620689582978985,0.7282927781170877,0.5996105586598311,0.47883530379541567,0.5196556475432127,0.5837862184510234,0.8616746010687626,0.41052368742503437,0.5013169597022509,0.47813144575128624,0.6341208004875762,0.5195116628874701,0.6925752437329862,0.6326421771007801,0.4591539809048822
64-6,0.5804608905990009,0.6697585335221529,0.7815948690828896,0.7011619250888618,0.4335138962291934,0.844742136571233,0.3643065722505809,0.4079183959064376,0.7237741585601472,0.85111059138035,0.5373989875224574,0.574636935026885,0.5462957851213208,0.5550298030173088,0.4815199884676838,0.6596378441793361,0.4775955197709142,0.47320670911976553,0.5050217445527441,0.5588602433948139,0.49744341149140214,0.3774821422630276,0.5014209394722597,0.6310310897993797,0.46739777118119796,0.5929354643109986,0.6059646378105715,0.6343855713059775,0.5550009418303452,0.808067850316043,0.41940172928212593,0.5697685257641681,0.5493241451709049,0.0,0.8454653211622877,0.4841081235753782,0.39301024892252606,0.5144247791156383,0.6131855814271514,0.4056348239250765,0.6237626074214732,0.34365632666043,0.633082903731203,0.5013779320158753,0.7271594274847354,0.6417565856186237,0.6747056569060652,0.7797042058240831,0.551360150884035,0.5124958927678206,0.7337534731820253,0.4857556271352231,0.5940156809496775,0.6362098922629804,0.8429758706009975,0.7229611189785957,0.49215948189843167,0.46205495520453393,0.4414817065875869,0.7428152356373137,0.4656228075734238,0.5330651069221903,0.4732746735972844,0.7912887454627989,0.5307354811828947,0.6820704364707041,0.7808310034824674,0.5774984202292098
11-0,0.5963776753936447,0.6047368073596068,0.6648946262801704,0.6248300408743044,0.6896181855931468,0.1374150003409967,0.8543654995932153,0.8154155918560073,0.5885051371113446,0.7771247009588239,0.8024960378886306,0.7005128792626848,0.6189914148892532,0.6453260457450902,0.7299092410884574,0.5612684085549424,0.8685527774093245,0.6744553249285872,0.7606117799839056,0.6274869204839411,0.7944874101324951,0.8344165246112565,0.8614291483195203,0.7077964104045249,0.8382644872464031,0.903683172363496,0.7053115556258478,0.8054923044713542,0.6768872949465948,0.7204941424383402,0.7235676516548475,0.6657180271970964,0.5794897682121449,0.8454653211622877,0.0,0.6982985337916745,0.9066787149993043,0.7756292531484343,0.6324680984302942,0.7881724405448727,0.5358487717306689,0.8453561613954825,0.554344476266516,0.7107560497068971,0.47061545820472767,0.6639399930511801,0.6666010002823702,0.6857881250586985,0.6357838646447193,0.7837656244818528,0.43880765584333375,0.49389984917425256,0.4770352424441436,0.5868435100479927,0.6759147644672928,0.5171144811570768,0.7822812742272268,0.7518296068799759,0.8501301758365877,0.7729074624204973,0.6835125802480272,0.8087932869080123,0.8354333856620638,0.5515442586445772,0.6953281153686597,0.688916708777193,0.5910430042828803,0.5438949968805825
54-0,0.4799116860733319,0.5218414879056795,0.7446042351793198,0.6377888574152554,0.3807546919338408,0.7105423239939929,0.4452706556820952,0.4927950415572021,0.6273076547170618,0.8310920612081307,0.602458095594011,0.5271157165003686,0.5078812062707964,0.4998176335165032,0.4472414892022505,0.526709497345538,0.5781488844553424,0.38726057409118614,0.4635984927709607,0.49374118221479396,0.4180734588693472,0.4381725500929078,0.5680867959167212,0.4357516989393146,0.5607075715201535,0.6465295540273439,0.5873511900460194,0.760166209178582,0.4820126945820742,0.7753825442773166,0.4182751143793603,0.4089670907026873,0.44689396597584047,0.4841081235753782,0.6982985337916745,0.0,0.4799191434054707,0.4146668671593255,0.5277102109441045,0.4477995327917002,0.4613163953452298,0.4618118310951482,0.46759501501742695,0.47425633423101143,0.6114716973784097,0.4864237311492399,0.6456001209147908,0.6994251306497207,0.47763901541293124,0.5457209411772191,0.5362142451137756,0.4761326987679903,0.421556529685253,0.5361327473237721,0.7731681903402575,0.5603565955554763,0.47257914421872843,0.4123906240137249,0.541248406585616,0.8727374513533915,0.4474641479049523,0.5343909033319681,0.48035934955701837,0.7493561077862361,0.39626788256933976,0.5822429228445435,0.5949965977589561,0.4296975081462193
D-9Fryst,0.5348426281639731,0.7225049537793614,0.8068172787159339,0.7464308486919351,0.4100924527208477,0.9087975481781247,0.21337816724961298,0.2534872619971289,0.7305496729108907,0.8836844106367424,0.5830268696804891,0.626772606231908,0.5937216862047141,0.5160609027882628,0.5357366388932842,0.649836022348217,0.3703059970951097,0.4693070207656035,0.47753083283446024,0.6122471907861947,0.3552450623321421,0.2370417649948014,0.36637042492295163,0.6507200302040617,0.37719642989239394,0.504570512703636,0.6130392045480273,0.7840359452022533,0.5602223010941321,0.8548929880652495,0.35468062901265623,0.608397868191561,0.5222274590896661,0.39301024892252606,0.9066787149993043,0.4799191434054707,0.0,0.5319614361294267,0.5638614461340763,0.3100826247501171,0.6856727286635139,0.20982962014660625,0.6635191717961798,0.515284702697797,0.7959653596558395,0.6194647524658605,0.6888199922988572,0.8037757758133799,0.48239707525974507,0.4574041190919339,0.8109620161184766,0.5924102891769575,0.5937033888579659,0.6974496675248277,0.9105059970936846,0.7876925301899655,0.378192335532543,0.4974046454032639,0.3397762088073974,0.9055395223414928,0.41199293512924134,0.37190855494700276,0.3324144068409175,0.8554681895342803,0.4439054404675024,0.7704359479039974,0.8571967669346722,0.630575610108784
30-6,0.492695135542871,0.6250291081071213,0.7443670403372329,0.6050211619461332,0.37618203416224716,0.7706431564906441,0.5262091738800984,0.5331239178862518,0.5869690306222032,0.8234045055136142,0.4988359865846123,0.49696685977459315,0.5072435632378409,0.5551093031021812,0.43092813004153774,0.5496837033082889,0.6051213259944693,0.48516973799391516,0.46291630076907203,0.47614733689073946,0.49377650042951293,0.5033345034185069,0.6025390147498025,0.3073338845754729,0.5580557967543512,0.6750513420356101,0.6471692634854072,0.7614634675036489,0.497585912783823,0.8141461583527551,0.4833995210954928,0.4512002210338144,0.4970346114101117,0.5144247791156383,0.7756292531484343,0.4146668671593255,0.5319614361294267,0.0,0.5834094772180193,0.5299639902408284,0.5214924953877869,0.513137555870202,0.5839082068905054,0.5042729389510657,0.6301050645990565,0.49036270047184694,0.6873797932883764,0.7155191567947036,0.5268672411433574,0.5636421152433766,0.6371707630082533,0.5471510575936002,0.5070265156853678,0.5145628188536265,0.7511203953726404,0.6657655046633197,0.559514655179966,0.42579520572915197,0.5795867045512897,0.8564244715615201,0.45745280344046463,0.5088189553912591,0.4921954325313261,0.7468092414984343,0.4577291944668365,0.5439961198082575,0.6909312510093596,0.582108677618348
66-0,0.5581753303096259,0.5855447868474848,0.6222460743545456,0.5251960795004549,0.5421974558126218,0.6277375712700162,0.5687982804947587,0.48527430329318905,0.7176121820419376,0.734853674769297,0.7616825035737145,0.566354489791063,0.53786698282884,0.5267604976729531,0.518814382927876,0.5251267493627307,0.5809558108197709,0.5064405783126815,0.5933449055259468,0.4135697477494196,0.5055414578451768,0.5515976621243522,0.5573088616079692,0.6613311431196673,0.6203448858172842,0.6502324827588002,0.5154627343055115,0.7054345126204263,0.47273154033327036,0.7342929197151964,0.43821211883059774,0.6256218670805691,0.5692349609195934,0.6131855814271514,0.6324680984302942,0.5277102109441045,0.5638614461340763,0.5834094772180193,0.0,0.547738243665589,0.599196125459372,0.5479751539062416,0.6621420091745789,0.4394389686534379,0.5183253400784682,0.6622638861536271,0.55277860229172,0.6541098584849283,0.49812379954313146,0.5563586492449047,0.6683037753110821,0.5716546928571047,0.5421988477973777,0.5285936286868087,0.6947529845795642,0.5260786466283002,0.5245119506876156,0.5189497960427132,0.5585099692834753,0.7608268271946967,0.5241007732578801,0.5571510453910535,0.5808629770723249,0.7534182787025965,0.5869293514727445,0.6664541074115162,0.6775186269908982,0.5281883359919054
D-3,0.5885750617655252,0.6118375249110749,0.8003811200077986,0.7071766498347062,0.47572667913852457,0.8028151514958035,0.2821431884148543,0.24243378502878712,0.7744558004016516,0.867252257108618,0.6656708507592696,0.5345576303697561,0.6177444336027789,0.5808269814908391,0.5215472301468116,0.6214011806810931,0.2874127774718226,0.43991630742000065,0.569738731169621,0.5310689139669497,0.4568995180609662,0.33902646591457575,0.2548912465260985,0.6116199720222044,0.4546506920438239,0.40335210376861536,0.5926258681470223,0.7797636093091515,0.5479023205697682,0.8306329775834266,0.3777597677405556,0.5134926910192712,0.517427307381154,0.4056348239250765,0.7881724405448727,0.4477995327917002,0.3100826247501171,0.5299639902408284,0.547738243665589,0.0,0.5426652517986178,0.27760125599366564,0.5808057701769148,0.5160726309280456,0.6750815124822743,0.5722289729822507,0.6882692927216455,0.788016363761678,0.5381527190477968,0.28397637219645605,0.6776026466764635,0.530799691785725,0.5808863611961285,0.6425955226631792,0.8307466173846999,0.6493030284802424,0.4638490674512128,0.5412767596027892,0.21030746130643174,0.8946087936392109,0.5015685358221894,0.5132620823809081,0.43838333171261484,0.8534266442892334,0.45296588712562985,0.7298343121541736,0.7171349143540877,0.5564700479210793
32-6,0.49724283040551376,0.44660243660362126,0.5989309391469666,0.46099441935074537,0.5141657730761859,0.5303019071987376,0.6115872006264726,0.6437756843523066,0.6507586222183077,0.776008385806663,0.65017631248295,0.5217855195579375,0.4917338401925705,0.49699253559021206,0.5262481035190456,0.5184648833025908,0.703480236428409,0.4330044869018187,0.5245900849371894,0.4148542398235007,0.5940332644450746,0.5716046444680184,0.6930534690561698,0.5653821592635048,0.6605352081690818,0.7669813741263564,0.6212173346974293,0.7655061405771436,0.44595014177970255,0.7600317122875448,0.46499905481835757,0.40018694869239835,0.44330307192210466,0.6237626074214732,0.5358487717306689,0.4613163953452298,0.6856727286635139,0.5214924953877869,0.599196125459372,0.5426652517986178,0.0,0.6031506631790308,0.4092212842716761,0.5699890614234507,0.45542715999562355,0.5008533785483812,0.5957063976011446,0.6398627124964954,0.4932984618508481,0.6045735447533662,0.3474193741118325,0.5636038283980759,0.3922962101627766,0.3817450164453855,0.5762408814203683,0.4322036546331539,0.5995137756864065,0.5690649180992483,0.6558295095078255,0.7896407955354163,0.45928051230235706,0.5939664665437354,0.5559677538217441,0.7187498855710209,0.5501350658574282,0.6354410600860724,0.4589088216627014,0.4150296111217125
D-10,0.5265238832874275,0.6513244809516606,0.7832039023019387,0.6787769297472463,0.39816278167991315,0.8463682978720956,0.17902447308159927,0.2807693076493704,0.714576760263604,0.865066736054816,0.581629417368279,0.5635939746605187,0.5599056104103507,0.528315602841635,0.47979156445922294,0.626360322427751,0.39609255745449085,0.4273733800892894,0.46521253305313187,0.5321318681050297,0.40210360986060284,0.20238039723683998,0.3760688406045366,0.6251614543727997,0.4150984435792721,0.5255127018645941,0.607254636414226,0.7693500957535057,0.5150140542473322,0.8350787051501068,0.3309605261836284,0.5644317341348437,0.4909409871912595,0.34365632666043,0.8453561613954825,0.4618118310951482,0.20982962014660625,0.513137555870202,0.5479751539062416,0.27760125599366564,0.6031506631790308,0.0,0.5926192571500615,0.4421213124897703,0.7189592614707351,0.5990261746936517,0.6551563743385214,0.7733367395393215,0.46748020780156574,0.4460318864092541,0.7327110564859467,0.5266802820327708,0.5577735367881277,0.6205038603604337,0.8315883643648259,0.7135125350398012,0.3810849589255912,0.48484073049232984,0.33725550328380527,0.8791863711337453,0.39362526506407974,0.40905534649500913,0.33816229469270315,0.8263277802706115,0.46268227390593686,0.6879023345064096,0.7872823898992881,0.5737417802847152
32-0,0.44563031566650435,0.4436464215265598,0.7835807240117056,0.6548217101606605,0.46211281115973507,0.5662732859984393,0.5911754542049528,0.6980429700116617,0.6822818012172486,0.856913421379714,0.6580298110994257,0.6383669708455363,0.613531512955678,0.5050271877066437,0.5441878575992616,0.6731667828552594,0.7262231046984765,0.5413755485249361,0.5830055816839408,0.5601417266209844,0.559441680450245,0.560868492592564,0.7111829463120155,0.5710475858122078,0.6406601891345184,0.7775228910138131,0.6659940550205694,0.8022158353309911,0.5749697412439329,0.8292704212776557,0.4927916853779208,0.40083507931113366,0.3993222981839739,0.633082903731203,0.554344476266516,0.46759501501742695,0.6635191717961798,0.5839082068905054,0.6621420091745789,0.5808057701769148,0.4092212842716761,0.5926192571500615,0.0,0.6297354781661371,0.631239350321781,0.4576009728789473,0.7747936540665561,0.7746783012660995,0.555834852864958,0.6482858561182935,0.4049554319027465,0.44318142825792256,0.4179967203091119,0.5269571506803707,0.7106006444011345,0.5828646252156646,0.5429117613289699,0.5853223911844205,0.6634694081570448,0.8632837675039842,0.5011199138916418,0.6450073794511767,0.6000286554993935,0.7290937204741764,0.5403026507340749,0.6948095579106442,0.47647089250772545,0.3957684358361435
56-6,0.4853154528501851,0.606309001581188,0.6516403138554315,0.6002274022563691,0.48030257963205025,0.6943472210013856,0.4824455428444934,0.4806683774931119,0.6262599460570109,0.7832741709525579,0.5730980427478217,0.5027552689334241,0.47319768991912886,0.5418715554253575,0.4362874121988301,0.49381260460123444,0.5530550927186911,0.4504618667372419,0.42283869356732057,0.46161535156941025,0.5169055250417429,0.46421915811762776,0.5430175646007663,0.5981242755264328,0.5192296826230172,0.641035333623473,0.5402272406502472,0.7034592896995966,0.5141084097073085,0.7127272768368903,0.45760904182154394,0.5651686695060927,0.5095161690184677,0.5013779320158753,0.7107560497068971,0.47425633423101143,0.515284702697797,0.5042729389510657,0.4394389686534379,0.5160726309280456,0.5699890614234507,0.4421213124897703,0.6297354781661371,0.0,0.4886198535788705,0.4829367343859933,0.5676086292532233,0.7133900416983845,0.5012572130093264,0.557428363219261,0.6348259455494718,0.4632973360828143,0.5236124471994069,0.5552773433572483,0.7711388195927543,0.6093216768085559,0.5154034247970605,0.43500209329915224,0.5483444940193938,0.8103362881692995,0.4629133712794443,0.5610739356312915,0.5292053742372068,0.7607749344571201,0.4962078121316632,0.643799443388967,0.687398379642567,0.5160689155471648
56-0,0.5634312143524759,0.5146161220227585,0.5668914635277607,0.485924578914105,0.6440972665268767,0.4078782004495075,0.727318880398217,0.7130218067033046,0.7059271393179833,0.7516925839214401,0.785292334054716,0.5228917239429652,0.432365082606595,0.5639868872841419,0.5842890812891857,0.46058014804460323,0.7627998279573713,0.5848087098229426,0.6297741955811176,0.4618413630624205,0.68481016438003,0.7049693992008388,0.7567184967164322,0.6525680182014773,0.7342738682765804,0.8069557903838165,0.531629820218339,0.7354658663053928,0.5829675172373155,0.6332807441983032,0.5806046768018288,0.6133805912401634,0.5542339716472612,0.7271594274847354,0.47061545820472767,0.6114716973784097,0.7959653596558395,0.6301050645990565,0.5183253400784682,0.6750815124822743,0.45542715999562355,0.7189592614707351,0.631239350321781,0.4886198535788705,0.0,0.6338426707587836,0.5795104655676664,0.6499800657854932,0.520622254481131,0.6538390867389747,0.5031346811563405,0.6312797340355627,0.5105471729695316,0.5067428925065687,0.608952885327229,0.43788562548920423,0.7212738859709822,0.6146747502996356,0.7353328558729111,0.7948141058307915,0.5874589876825157,0.6927699472646249,0.7096648516337236,0.7224280549752804,0.6625794064384444,0.5879290880627368,0.5554143102770391,0.5340411099512814
59-6,0.5644096058823628,0.4831478519864802,0.734309716380951,0.6355564002504733,0.48826733522327126,0.6812546465929337,0.6157883243396739,0.6236852193248745,0.5729358603998748,0.8116670769164471,0.514536526916163,0.5805896747172222,0.5680511772131601,0.605263789683329,0.5703766543144907,0.47749149086308396,0.6710936913098733,0.44350414909764074,0.4158874109888448,0.5740716425663824,0.5911446552830624,0.6433511363708772,0.6548124551737682,0.44632262132293604,0.6438984463621931,0.7272721272882152,0.704668585151257,0.8073955194630313,0.4932931201402317,0.8077124343761296,0.6291586735705859,0.38001627550329986,0.5323902754331773,0.6417565856186237,0.6639399930511801,0.4864237311492399,0.6194647524658605,0.49036270047184694,0.6622638861536271,0.5722289729822507,0.5008533785483812,0.5990261746936517,0.4576009728789473,0.4829367343859933,0.6338426707587836,0.0,0.7101955277822978,0.7228986817080225,0.5375078787601589,0.635585157569053,0.5095416661226188,0.5459693558755042,0.5059269623520586,0.5646160437218515,0.7400769255565415,0.5986825800072627,0.6412101670603346,0.570596959289245,0.6603378297100065,0.8623631507004429,0.5430791870444922,0.5362973476421508,0.5907414742432331,0.7473094750285726,0.4243434498625548,0.6769272336848656,0.5546929912447438,0.4873247457417906
71-0,0.7089785294585879,0.6999574021625983,0.4227731273888506,0.6064563194616189,0.6556681829505683,0.6461816750173787,0.6743401780713658,0.6317365826420906,0.7535923607807028,0.693876083744491,0.7596186337178856,0.6148174801883444,0.5421683048436428,0.5761792386355344,0.6663920454411517,0.5321485583723382,0.7274641615470342,0.6596639129526087,0.6867276669861744,0.5638979060928372,0.678829171349198,0.6646448429804218,0.7014007263185571,0.7421579563643972,0.6665792726200411,0.7751183973789193,0.5346460449850814,0.6531514639869028,0.615347737859958,0.6518029690858226,0.6188535985969584,0.757851710307731,0.6759336522617071,0.6747056569060652,0.6666010002823702,0.6456001209147908,0.6888199922988572,0.6873797932883764,0.55277860229172,0.6882692927216455,0.5957063976011446,0.6551563743385214,0.7747936540665561,0.5676086292532233,0.5795104655676664,0.7101955277822978,0.0,0.687589037371227,0.5551795050470743,0.7244867271138667,0.6856507992983805,0.6588064985740055,0.6173393707680168,0.6260079612916842,0.7887933372321558,0.6501172430502031,0.6762281285082914,0.6490722779413051,0.7187389607249917,0.701560845572421,0.6139929797466479,0.7031085985053788,0.689602250784961,0.782034964469909,0.6957551860470965,0.7641314255168644,0.745616968868904,0.6151601517634437
37-0,0.7285194593554334,0.7111451233212862,0.6251285659181526,0.6269661098569004,0.7052858626773917,0.6840636068547913,0.7986193406544598,0.7579372923942094,0.7266427115622981,0.5310611128538208,0.7858886315356421,0.6160362068965782,0.660600718917946,0.6922447703702457,0.6689018433158915,0.5712058918862969,0.8189941019566708,0.7403278492978265,0.7222827293805454,0.6041279085620469,0.7133220037791672,0.7751217932870668,0.805192132030502,0.7131807876558953,0.7837881421645352,0.8438514348432462,0.6878373359178698,0.7057190598148017,0.5017265478123005,0.7316542588919588,0.7443232296705211,0.6458305714381365,0.7166367776649635,0.7797042058240831,0.6857881250586985,0.6994251306497207,0.8037757758133799,0.7155191567947036,0.6541098584849283,0.788016363761678,0.6398627124964954,0.7733367395393215,0.7746783012660995,0.7133900416983845,0.6499800657854932,0.7228986817080225,0.687589037371227,0.0,0.6876488355508632,0.8034510898423485,0.7234442654355518,0.7332580928930486,0.5999110496288647,0.557403689332436,0.7464944584501793,0.6284507157431726,0.7460488529424747,0.7105046926357014,0.8153299560625518,0.6850611930933141,0.7059949513248656,0.7628180991087651,0.7803673022953158,0.7361032321393117,0.7120853218304021,0.6851081359245236,0.6525748876300216,0.6528930359767116
3-0,0.48224221556991936,0.5659987160513382,0.6518633530265648,0.5668507918388469,0.4622663488479339,0.6281831911722253,0.4520090411882573,0.5601951139403434,0.6867303373903964,0.7851935226832327,0.6154548440499253,0.5535296293840805,0.471700286967927,0.37527197114523714,0.5404595313885827,0.499632031920295,0.6550036489388752,0.42624185880109966,0.49599445062430175,0.48958841620908905,0.4485712399537161,0.44019601605668696,0.6101031967092255,0.6005825259201811,0.5318349695859305,0.7464890462096747,0.535820364792863,0.7626635983453725,0.41298218847257906,0.7091825304179371,0.40233145120659286,0.5403314204839359,0.46722190763217364,0.551360150884035,0.6357838646447193,0.47763901541293124,0.48239707525974507,0.5268672411433574,0.49812379954313146,0.5381527190477968,0.4932984618508481,0.46748020780156574,0.555834852864958,0.5012572130093264,0.520622254481131,0.5375078787601589,0.5551795050470743,0.6876488355508632,0.0,0.6219325481358776,0.5326134610611138,0.5316306790209488,0.45831188465826056,0.5300056596427937,0.7004905277959306,0.5276137012687544,0.47215940613746843,0.5334086101131338,0.5788567579039982,0.7904267972579907,0.4045455352056147,0.42181609712145623,0.43039855989314235,0.7454791623882858,0.4843030672425365,0.6356671751249464,0.6547776240205815,0.4829949546960114
D-2,0.6198978009988031,0.6320057747380895,0.8039775218518876,0.6709874791911317,0.5297892265280332,0.7781310115857233,0.46532212463291805,0.3337389718060294,0.781327804985854,0.8701321568437143,0.7169141119213766,0.5536687020860287,0.6470195060760799,0.6220267832379479,0.5428280600084069,0.6805252206126561,0.28682855926847506,0.5284233038782093,0.5832465707539459,0.5072494616779044,0.5140649554270643,0.4837569344625708,0.17600177258994923,0.6864023023433922,0.5086303110118991,0.2828917018064851,0.5772868871163273,0.7792941782161151,0.5682460238034767,0.8282630623438303,0.41324224095247947,0.6059967920272592,0.5696039914387605,0.5124958927678206,0.7837656244818528,0.5457209411772191,0.4574041190919339,0.5636421152433766,0.5563586492449047,0.28397637219645605,0.6045735447533662,0.4460318864092541,0.6482858561182935,0.557428363219261,0.6538390867389747,0.635585157569053,0.7244867271138667,0.8034510898423485,0.6219325481358776,0.0,0.732280137011602,0.5939644654469699,0.6351849935649724,0.6313138496497119,0.7563528133154848,0.6945104828939264,0.5034671578262585,0.5668348187389106,0.21716148008013225,0.8905587691896074,0.5612160741983899,0.5628888082244193,0.5203329589048191,0.8525617656792571,0.5484298249920398,0.6812362904565272,0.758146795338821,0.6495386071192036
59-0,0.5065194095440361,0.5610352924550429,0.6849652022335858,0.5638683275525461,0.5700816883069287,0.43409142082444097,0.7510275993777691,0.7823545587737866,0.6308417396617221,0.8194551441116167,0.6923115639592383,0.6137646358720158,0.5421567947149336,0.5422758923030254,0.5824692519160277,0.5894177697197923,0.8146973014159441,0.5890458228844406,0.6323631505401491,0.5614140076863378,0.6836706639029074,0.7111788449365578,0.791906017272097,0.6006278079606417,0.7454977638974681,0.8523108576358881,0.6371532334353388,0.8183287576819808,0.524598318124745,0.7543000045451851,0.6193042173109389,0.4914061867933622,0.43419468120197785,0.7337534731820253,0.43880765584333375,0.5362142451137756,0.8109620161184766,0.6371707630082533,0.6683037753110821,0.6776026466764635,0.3474193741118325,0.7327110564859467,0.4049554319027465,0.6348259455494718,0.5031346811563405,0.5095416661226188,0.6856507992983805,0.7234442654355518,0.5326134610611138,0.732280137011602,0.0,0.5096306105716674,0.3977325871245759,0.45502627078051,0.603843301582413,0.4970650547263125,0.6755067373959707,0.6364576660174195,0.7650024873400952,0.8353522901636576,0.5571548481171466,0.6700236349606185,0.6918024631900505,0.649750726621938,0.660400366150189,0.656529426319441,0.524897901752859,0.44772782333458055
64-0,0.3999376765991535,0.6418619426344226,0.7646957831987685,0.7090067931205533,0.4381188415244752,0.52879588021384,0.5145078790018927,0.5697008957096698,0.5049848280284189,0.8217016231992712,0.5375643571380986,0.593599321749752,0.5699361881941015,0.48819073358388354,0.46563327782448727,0.5550143164753422,0.6176372575380972,0.5140307935232669,0.5154524926639933,0.5823377594909259,0.5319760860897559,0.5463713783351353,0.6023276662797888,0.5502412281409524,0.5569621927138272,0.6907982027012951,0.5594245571226725,0.7622950522377363,0.6118346161781277,0.7802997610577206,0.5214652810367486,0.5417700696782016,0.40842197354657894,0.4857556271352231,0.49389984917425256,0.4761326987679903,0.5924102891769575,0.5471510575936002,0.5716546928571047,0.530799691785725,0.5636038283980759,0.5266802820327708,0.44318142825792256,0.4632973360828143,0.6312797340355627,0.5459693558755042,0.6588064985740055,0.7332580928930486,0.5316306790209488,0.5939644654469699,0.5096306105716674,0.0,0.43347072645796153,0.5956703261428209,0.8096309436589085,0.6733895565761455,0.47338978658325626,0.46524978908880565,0.5754895405206103,0.8532105111531298,0.5085477666437469,0.6340636674820822,0.6049106558325504,0.6048624399342244,0.5217275083137562,0.6471582374508109,0.6716191424475321,0.4681044834855457
30-0,0.3343201640309228,0.5731609808992878,0.6462527264475828,0.5369959288924038,0.36937384391580647,0.48393308213178643,0.5581370089697903,0.6128198675779454,0.4961137118069876,0.7438405815752009,0.5506110833024707,0.5396205145059111,0.43032964514353406,0.4297577620064934,0.44462377312694945,0.48850643924308296,0.6840100368784521,0.5148491258364916,0.4564037598520023,0.45515379855364635,0.49385805376317615,0.5545980225196405,0.6738485068168034,0.5276491068041355,0.6066948510285447,0.7454047940189589,0.6299872617342284,0.7240665846963468,0.46080822392671467,0.7433566677192813,0.4904350474261075,0.43922065211269806,0.3404545094533599,0.5940156809496775,0.4770352424441436,0.421556529685253,0.5937033888579659,0.5070265156853678,0.5421988477973777,0.5808863611961285,0.3922962101627766,0.5577735367881277,0.4179967203091119,0.5236124471994069,0.5105471729695316,0.5059269623520586,0.6173393707680168,0.5999110496288647,0.45831188465826056,0.6351849935649724,0.3977325871245759,0.43347072645796153,0.0,0.3578712666302375,0.710620084352215,0.5570443736845143,0.505728294924313,0.4871938166214056,0.6502430398607054,0.7774339937757133,0.42302891487752287,0.5465244332635344,0.5377434499748045,0.5467685401887618,0.4797210902406869,0.637893098972483,0.5866830967863244,0.34978902060775585
31-6,0.520724298675375,0.5442432832914559,0.6439895372128267,0.46763691291320564,0.49180679308279857,0.5790112679516981,0.6732351620352368,0.6183605228048779,0.6147354508329682,0.7721302230831673,0.6440789060247247,0.34242573034056323,0.5140936936657114,0.5413258475362427,0.45086795617419756,0.5677340231371426,0.6774027652980237,0.5696824397924323,0.5662444532782178,0.40206287881451097,0.597507601982568,0.600280354903142,0.6796177267351932,0.591729684503029,0.6958907427947996,0.7371071239265525,0.641763316980399,0.7518641241741265,0.4589578498773878,0.7452606983799,0.4974297997748464,0.4161032561400942,0.4620689582978985,0.6362098922629804,0.5868435100479927,0.5361327473237721,0.6974496675248277,0.5145628188536265,0.5285936286868087,0.6425955226631792,0.3817450164453855,0.6205038603604337,0.5269571506803707,0.5552773433572483,0.5067428925065687,0.5646160437218515,0.6260079612916842,0.557403689332436,0.5300056596427937,0.6313138496497119,0.45502627078051,0.5956703261428209,0.3578712666302375,0.0,0.574333043332403,0.4905961197492172,0.5981927563367313,0.5521682011356607,0.6769878740917851,0.7896242889602364,0.48839041218961776,0.6036942122701454,0.5762232963907605,0.6454483551419804,0.6156282638351468,0.43983832765327263,0.4025344014257962,0.5012252798795062
22-0,0.756244005698929,0.5807827867044509,0.7831925660776204,0.5237924380732673,0.8019114848282495,0.6575216781065164,0.8883485001533271,0.8350244572271954,0.8416275310355218,0.8541745922616998,0.9041215966040719,0.7075529286710083,0.7328851516751862,0.7577397466394983,0.759839714631183,0.7613255024855003,0.8643643858449064,0.7373863985353082,0.7587096600364592,0.5168009950055138,0.8252646528338284,0.8070051212991672,0.8630349799405328,0.8283477785236575,0.8780373900108743,0.9056160627713931,0.7650836083988543,0.8823261623404701,0.6159175948471693,0.8497032063987361,0.6449270414772497,0.742037241219914,0.7282927781170877,0.8429758706009975,0.6759147644672928,0.7731681903402575,0.9105059970936846,0.7511203953726404,0.6947529845795642,0.8307466173846999,0.5762408814203683,0.8315883643648259,0.7106006444011345,0.7711388195927543,0.608952885327229,0.7400769255565415,0.7887933372321558,0.7464944584501793,0.7004905277959306,0.7563528133154848,0.603843301582413,0.8096309436589085,0.710620084352215,0.574333043332403,0.0,0.5605814694305381,0.837278988875098,0.7844201984277739,0.842437379627061,0.8327302348772028,0.7465452612562885,0.7644590517175155,0.7681532817573222,0.8180702757475862,0.8295855597587277,0.5612576522626928,0.6387076992622084,0.746502622879073
70-0,0.6507949151794885,0.41772887579305845,0.5916934045284793,0.4854684408335318,0.6667991631180286,0.5092676993177288,0.7417365734204513,0.684135395923633,0.7557932938954113,0.6925900895195696,0.8000359186388231,0.562470428224764,0.5449132878578424,0.6199505761774472,0.6440777661460175,0.43773343798030645,0.7488463846467911,0.48805741424270677,0.6337619208982181,0.48007264861675086,0.7019175899634872,0.6929893584570687,0.747536535876004,0.6390061660032915,0.7229210736970586,0.7906764987716703,0.6070337045264771,0.7350281065768111,0.4698063035315582,0.6747595421743825,0.5520866906370797,0.5452068154563521,0.5996105586598311,0.7229611189785957,0.5171144811570768,0.5603565955554763,0.7876925301899655,0.6657655046633197,0.5260786466283002,0.6493030284802424,0.4322036546331539,0.7135125350398012,0.5828646252156646,0.6093216768085559,0.43788562548920423,0.5986825800072627,0.6501172430502031,0.6284507157431726,0.5276137012687544,0.6945104828939264,0.4970650547263125,0.6733895565761455,0.5570443736845143,0.4905961197492172,0.5605814694305381,0.0,0.7359786300179852,0.6555010685789187,0.7317960552015985,0.716833987562754,0.607949914124453,0.7009453539166839,0.7012242247507244,0.7563245671537165,0.6399593657024522,0.5531098555163733,0.48918694303349464,0.47823122850923827
90-0,0.451946935042788,0.7061157695371182,0.784642203567497,0.7027112392531758,0.34476442486260933,0.7828681591692738,0.3724867234938002,0.4652872024723579,0.663676856024439,0.8251555396069055,0.5800113627239416,0.6403778743315904,0.5805500700736735,0.38791939695199773,0.44736225550902814,0.6293139434581596,0.5158914568778901,0.5229795346014812,0.5192292729977788,0.6025830957783717,0.32823053748596476,0.37548677183053836,0.47868194489904126,0.6297448657752948,0.42487522881876355,0.6019640631693525,0.5796488899031023,0.7694016297194938,0.5723028092820319,0.811113015388455,0.39386714646106885,0.56366095815646,0.47883530379541567,0.49215948189843167,0.7822812742272268,0.47257914421872843,0.378192335532543,0.559514655179966,0.5245119506876156,0.4638490674512128,0.5995137756864065,0.3810849589255912,0.5429117613289699,0.5154034247970605,0.7212738859709822,0.6412101670603346,0.6762281285082914,0.7460488529424747,0.47215940613746843,0.5034671578262585,0.6755067373959707,0.47338978658325626,0.505728294924313,0.5981927563367313,0.837278988875098,0.7359786300179852,0.0,0.4767264210469577,0.4578725129084009,0.8764367416896203,0.40060062676303543,0.43719261142253785,0.40790486758922906,0.7757520098518645,0.5358503340353888,0.672156732421903,0.7531234868301613,0.5156279002144635
81-0,0.4716203840942431,0.6323285877960299,0.7328854274896356,0.6089790612057883,0.400561377225768,0.7512376174924369,0.47740054140046445,0.48895668006835663,0.6317765194064329,0.8252625654132784,0.5413148715377678,0.5173531711221704,0.41174704939778023,0.512183418051617,0.29268274027484725,0.5403309385614885,0.5760487850710616,0.5029824733678345,0.33265588705886834,0.5154156233092623,0.3962951810192231,0.5009182512634683,0.574777512866267,0.4854594724258187,0.5176915296671479,0.6444646142227852,0.5627350626909077,0.7514826825994027,0.5324372898689531,0.7819861360953222,0.4491279768222285,0.4633011557253298,0.5196556475432127,0.46205495520453393,0.7518296068799759,0.4123906240137249,0.4974046454032639,0.42579520572915197,0.5189497960427132,0.5412767596027892,0.5690649180992483,0.48484073049232984,0.5853223911844205,0.43500209329915224,0.6146747502996356,0.570596959289245,0.6490722779413051,0.7105046926357014,0.5334086101131338,0.5668348187389106,0.6364576660174195,0.46524978908880565,0.4871938166214056,0.5521682011356607,0.7844201984277739,0.6555010685789187,0.4767264210469577,0.0,0.560903512749307,0.8447437737386562,0.4385013633441823,0.5311103032516995,0.5368333262499166,0.7378602293424689,0.4591389697518884,0.6027560560879067,0.6886923244348466,0.533825626507876
D-5Fryst,0.6280838692427244,0.7142599648619531,0.8148745469562454,0.7246821458130993,0.5276754355398886,0.8466440771294976,0.3608046526539039,0.23351985922641147,0.7952800995328838,0.8840906642419337,0.681475780501477,0.5821120289425177,0.6530158828097732,0.6037459713508125,0.5396021973387216,0.6975541674364162,0.15743566298702208,0.5324006662259437,0.568882492190776,0.5752923787845389,0.49031638062387783,0.39778095958486015,0.17502708626631597,0.6904718897360443,0.45412037438729586,0.34128042540039655,0.5767645059062253,0.7829893906298975,0.5783502172970884,0.8460776440480875,0.4157807803227501,0.6152938496272822,0.5837862184510234,0.4414817065875869,0.8501301758365877,0.541248406585616,0.3397762088073974,0.5795867045512897,0.5585099692834753,0.21030746130643174,0.6558295095078255,0.33725550328380527,0.6634694081570448,0.5483444940193938,0.7353328558729111,0.6603378297100065,0.7187389607249917,0.8153299560625518,0.5788567579039982,0.21716148008013225,0.7650024873400952,0.5754895405206103,0.6502430398607054,0.6769878740917851,0.842437379627061,0.7317960552015985,0.4578725129084009,0.560903512749307,0.0,0.8985968523771022,0.5425893205088813,0.5297098280287944,0.4707817613110634,0.8621135641615714,0.5210524201457003,0.754230788136137,0.8131943244096275,0.6429321606831142
18-6,0.8655416119747223,0.8163569561958063,0.6754399495307326,0.7768528249431701,0.8389035701796101,0.7841671352731441,0.9004613618960036,0.8443168047468962,0.8838090484518157,0.6463968994494007,0.8402016084379323,0.8280485539343247,0.7895316684854986,0.8085743877936956,0.867999725493255,0.7013396696435654,0.9014099381571729,0.8518284741079934,0.8313881783010428,0.7405048949170661,0.8721023652919072,0.8840374641729123,0.8983902538580568,0.8833709031014582,0.8509343100174339,0.917410643617226,0.7752480787955254,0.4382322410082676,0.700769894436013,0.7780302920256048,0.8393304311122666,0.8756782860594813,0.8616746010687626,0.7428152356373137,0.7729074624204973,0.8727374513533915,0.9055395223414928,0.8564244715615201,0.7608268271946967,0.8946087936392109,0.7896407955354163,0.8791863711337453,0.8632837675039842,0.8103362881692995,0.7948141058307915,0.8623631507004429,0.701560845572421,0.6850611930933141,0.7904267972579907,0.8905587691896074,0.8353522901636576,0.8532105111531298,0.7774339937757133,0.7896242889602364,0.8327302348772028,0.716833987562754,0.8764367416896203,0.8447437737386562,0.8985968523771022,0.0,0.8360031163147863,0.8774396745511256,0.8819295638305643,0.7903390265475243,0.8468284312097274,0.8712643080238589,0.8318443111386636,0.7790447772001452
88-6,0.4168026412500483,0.5912247429254565,0.6626784717518561,0.549418694682866,0.3483705982513366,0.6710027284329786,0.39728691735598903,0.49195794186356157,0.6201335887483044,0.7971405102296666,0.5435824662181832,0.5291412860875427,0.43775855578146367,0.3702182617758425,0.4214708122128693,0.5513699999080233,0.5803338347109199,0.45591747280651274,0.4212858123481164,0.47862901023229276,0.26932736560773174,0.33770817732395775,0.5663757158720081,0.5564366804214131,0.41866066059833035,0.6552085207476986,0.5868606482422811,0.7713969404820864,0.44129491864851195,0.7901347217461201,0.335828056120342,0.4924467854270471,0.41052368742503437,0.4656228075734238,0.6835125802480272,0.4474641479049523,0.41199293512924134,0.45745280344046463,0.5241007732578801,0.5015685358221894,0.45928051230235706,0.39362526506407974,0.5011199138916418,0.4629133712794443,0.5874589876825157,0.5430791870444922,0.6139929797466479,0.7059949513248656,0.4045455352056147,0.5612160741983899,0.5571548481171466,0.5085477666437469,0.42302891487752287,0.48839041218961776,0.7465452612562885,0.607949914124453,0.40060062676303543,0.4385013633441823,0.5425893205088813,0.8360031163147863,0.0,0.39391903765151054,0.35275867244165904,0.7273565007326027,0.46270203351235395,0.630267272016835,0.6429069242109645,0.49552325346206316
D-14,0.5024786519484415,0.6259029447266731,0.7806297034927652,0.6192306389952532,0.4575812846887774,0.8091038021289492,0.42062161638918794,0.46171622394186235,0.6837956776367748,0.8363348687092624,0.5755441370225152,0.636599559343863,0.5438104227955365,0.45281550115752406,0.5375912291864287,0.6467207049100024,0.5732508828553571,0.40181802472220146,0.4721401138386431,0.5673502465801195,0.4515740929979058,0.3573860690196007,0.5517491869989429,0.6314760724111775,0.465685925313558,0.6801427942863042,0.6956974096209927,0.8236157629448865,0.46530600723067755,0.8371056707273155,0.3851588929351387,0.5582478808116444,0.5013169597022509,0.5330651069221903,0.8087932869080123,0.5343909033319681,0.37190855494700276,0.5088189553912591,0.5571510453910535,0.5132620823809081,0.5939664665437354,0.40905534649500913,0.6450073794511767,0.5610739356312915,0.6927699472646249,0.5362973476421508,0.7031085985053788,0.7628180991087651,0.42181609712145623,0.5628888082244193,0.6700236349606185,0.6340636674820822,0.5465244332635344,0.6036942122701454,0.7644590517175155,0.7009453539166839,0.43719261142253785,0.5311103032516995,0.5297098280287944,0.8774396745511256,0.39391903765151054,0.0,0.21719365056827572,0.811914237149153,0.49505420132047456,0.7104554250900835,0.8032740839248075,0.5822234657678789
D-14U,0.47991578195652057,0.6316880882189944,0.7818501855562481,0.6192600332803867,0.4397055350646797,0.8312467114548595,0.3457956575051397,0.41645999429095704,0.7054637781747461,0.8567404883948911,0.5917837303366944,0.5765795060842601,0.5371606930051112,0.41796728302124947,0.5160519517871003,0.6734912200830848,0.5258705999491909,0.40078648117190935,0.4818348633907515,0.5365262878794331,0.43310118715639645,0.25701867610551,0.5035101143029014,0.6322868384913115,0.39430620471452915,0.6407199878219106,0.6705505001248816,0.8192873881584695,0.4829091538928576,0.8332724252676205,0.33446098192644486,0.5283686307161012,0.47813144575128624,0.4732746735972844,0.8354333856620638,0.48035934955701837,0.3324144068409175,0.4921954325313261,0.5808629770723249,0.43838333171261484,0.5559677538217441,0.33816229469270315,0.6000286554993935,0.5292053742372068,0.7096648516337236,0.5907414742432331,0.689602250784961,0.7803673022953158,0.43039855989314235,0.5203329589048191,0.6918024631900505,0.6049106558325504,0.5377434499748045,0.5762232963907605,0.7681532817573222,0.7012242247507244,0.40790486758922906,0.5368333262499166,0.4707817613110634,0.8819295638305643,0.35275867244165904,0.21719365056827572,0.0,0.8266306794870036,0.5235327085688314,0.7054437211840943,0.7681749453348773,0.596884024395678
78-0,0.6000177159559636,0.778636159898763,0.7946453081561928,0.7429093762584633,0.6566555995693272,0.6293019639663177,0.8464730211417181,0.8138845977177106,0.28162269819432895,0.8398920399350448,0.65875736385701,0.7125197408450326,0.7040516791922689,0.7314663518451249,0.702140854698981,0.6963671288694656,0.8647389978854734,0.7955518862197288,0.7577265700478686,0.7357526106760433,0.7758787907423887,0.8260762708249256,0.8584029970312115,0.7241731322309208,0.8477290857308983,0.8955754516862243,0.8007986276881611,0.8048381580695354,0.7491515419734369,0.8279819578847607,0.7723344090540601,0.7371489297491869,0.6341208004875762,0.7912887454627989,0.5515442586445772,0.7493561077862361,0.8554681895342803,0.7468092414984343,0.7534182787025965,0.8534266442892334,0.7187498855710209,0.8263277802706115,0.7290937204741764,0.7607749344571201,0.7224280549752804,0.7473094750285726,0.782034964469909,0.7361032321393117,0.7454791623882858,0.8525617656792571,0.649750726621938,0.6048624399342244,0.5467685401887618,0.6454483551419804,0.8180702757475862,0.7563245671537165,0.7757520098518645,0.7378602293424689,0.8621135641615714,0.7903390265475243,0.7273565007326027,0.811914237149153,0.8266306794870036,0.0,0.7962924639710326,0.7579817691467319,0.7341220211833916,0.6243651365550634
16-6,0.542472095126332,0.6033230265338833,0.740121893923017,0.6767248875602738,0.4063157153983932,0.7257872035199748,0.48010081034949875,0.46474990590491666,0.6757047730377003,0.8215944260952882,0.5655691308470875,0.5674130061057086,0.5183837972024149,0.5541611496295558,0.5076209876347448,0.5242674702299638,0.5523507513820684,0.4491366771601721,0.4160355542600326,0.5572706054169386,0.46465593007939965,0.5141879331134578,0.530232115515151,0.4994678127414008,0.4948662691619297,0.6126770578525288,0.6391990633844483,0.7431886903833703,0.48768386047911205,0.8013188565093139,0.4960563057806419,0.4948084325885741,0.5195116628874701,0.5307354811828947,0.6953281153686597,0.39626788256933976,0.4439054404675024,0.4577291944668365,0.5869293514727445,0.45296588712562985,0.5501350658574282,0.46268227390593686,0.5403026507340749,0.4962078121316632,0.6625794064384444,0.4243434498625548,0.6957551860470965,0.7120853218304021,0.4843030672425365,0.5484298249920398,0.660400366150189,0.5217275083137562,0.4797210902406869,0.6156282638351468,0.8295855597587277,0.6399593657024522,0.5358503340353888,0.4591389697518884,0.5210524201457003,0.8468284312097274,0.46270203351235395,0.49505420132047456,0.5235327085688314,0.7962924639710326,0.0,0.7134695394152651,0.7168910762769126,0.5144254080796021
19-0,0.7065048177736947,0.5626343447559815,0.7933439927238474,0.5814338317845885,0.5860734242439704,0.6833876219275142,0.7333651734918863,0.7229379901879722,0.6606651134788621,0.8354924960588186,0.6808826862706845,0.44316651310133354,0.6130700958790553,0.6635363682700324,0.5294193474177534,0.6243953141332826,0.755319412073968,0.5957686150946258,0.6553123412612316,0.5192280655506899,0.6736920808751146,0.6767145495686328,0.7620996783453307,0.5897978406758932,0.7435412828242695,0.8116019131541711,0.6986457151513217,0.8650305652519509,0.6452534321389459,0.8368447131803726,0.5608396510280489,0.5360118764734683,0.6925752437329862,0.6820704364707041,0.688916708777193,0.5822429228445435,0.7704359479039974,0.5439961198082575,0.6664541074115162,0.7298343121541736,0.6354410600860724,0.6879023345064096,0.6948095579106442,0.643799443388967,0.5879290880627368,0.6769272336848656,0.7641314255168644,0.6851081359245236,0.6356671751249464,0.6812362904565272,0.656529426319441,0.6471582374508109,0.637893098972483,0.43983832765327263,0.5612576522626928,0.5531098555163733,0.672156732421903,0.6027560560879067,0.754230788136137,0.8712643080238589,0.630267272016835,0.7104554250900835,0.7054437211840943,0.7579817691467319,0.7134695394152651,0.0,0.4999569844120342,0.698621605149259
75-6,0.7089906400192203,0.44201192614664747,0.7252676144584375,0.6369974975489573,0.6738708748128018,0.5903827643746264,0.7930805816620556,0.7963578010718438,0.7387650548167362,0.8077628165206653,0.7969499735185024,0.41996552986130825,0.6632870754205912,0.6550240929029626,0.6175022746560554,0.6441449363555739,0.8330243032888022,0.6094614331468782,0.7181183188494119,0.6054803854692028,0.7563452113005141,0.7419275668341697,0.8248126487468719,0.6470847942908302,0.815009527037686,0.8677554330071032,0.711584923255174,0.8647085329870287,0.6597711689839622,0.8031784231661949,0.6192554413521766,0.3883807043116729,0.6326421771007801,0.7808310034824674,0.5910430042828803,0.5949965977589561,0.8571967669346722,0.6909312510093596,0.6775186269908982,0.7171349143540877,0.4589088216627014,0.7872823898992881,0.47647089250772545,0.687398379642567,0.5554143102770391,0.5546929912447438,0.745616968868904,0.6525748876300216,0.6547776240205815,0.758146795338821,0.524897901752859,0.6716191424475321,0.5866830967863244,0.4025344014257962,0.6387076992622084,0.48918694303349464,0.7531234868301613,0.6886923244348466,0.8131943244096275,0.8318443111386636,0.6429069242109645,0.8032740839248075,0.7681749453348773,0.7341220211833916,0.7168910762769126,0.4999569844120342,0.0,0.5349407158484816
36-0,0.4413227548031963,0.45521475516610005,0.7010474898627252,0.5151750909536528,0.42967961711993585,0.5403404244592477,0.5785402455128053,0.6116153511443047,0.6119334551383634,0.7767274631833987,0.5951217091195182,0.6039512766573717,0.453168090924276,0.44113295590871454,0.4693099149849133,0.5170899745499384,0.682397916453823,0.4206844698262257,0.5407475466145222,0.5258709293233226,0.5472709587906359,0.5778140402927944,0.6667791964919525,0.5491489172541311,0.6389236893366206,0.7358781582384009,0.6317572503192924,0.7228497629614361,0.498088235104836,0.7393420961011913,0.5202985751332432,0.42708007115580937,0.4591539809048822,0.5774984202292098,0.5438949968805825,0.4296975081462193,0.630575610108784,0.582108677618348,0.5281883359919054,0.5564700479210793,0.4150296111217125,0.5737417802847152,0.3957684358361435,0.5160689155471648,0.5340411099512814,0.4873247457417906,0.6151601517634437,0.6528930359767116,0.4829949546960114,0.6495386071192036,0.44772782333458055,0.4681044834855457,0.34978902060775585,0.5012252798795062,0.746502622879073,0.47823122850923827,0.5156279002144635,0.533825626507876,0.6429321606831142,0.7790447772001452,0.49552325346206316,0.5822234657678789,0.596884024395678,0.6243651365550634,0.5144254080796021,0.698621605149259,0.5349407158484816,0.0
