taxon,distance,independence,mean_d0_abundance,diversity_ratio,log_fold_change,colonization_binary
AZC3J_9,0.218948332276238,14.83,0.00023188400385194,0.969550479223237,-0.709457529632813,0
AZC3J_20,0.649047031202352,13.66,0.00048323367356491,0.969550479223237,-0.00135806298893879,0
AZC3J_21,0.366075020085849,15,0.00053250714841602,0.969550479223237,0.0403890333563197,0
AZC3J_25,3.13172796063131,8.8,2.63206880556e-06,0.969550479223237,4.08950708980691,0
AZC3J_28,1.81405933062817,21.44,0.0001594710222702,0.969550479223237,-1.15235264843559,0
AZC3J_32,0.42886638258786,21.22,1.501527906883e-05,0.969550479223237,4.37781225321568,0
AZC3J_49,2.61196031191156,15.25,3.54609724064e-05,0.969550479223237,0.252722464087788,0
AZC3J_55,5.88084939420432,8.96,6.36517345826e-06,0.969550479223237,5.25016274214894,0
AZC3J_56,0.434948875675544,15.43,0.00015308719423063,0.969550479223237,-0.0300867984514687,0
AZC3J_57,0.506218814376833,3.02,1.632431456858e-05,0.969550479223237,-0.381169216953586,0
AZC3J_59,0.718395622848455,13.07,0.00013830399044503,0.969550479223237,0.0274735565319229,0
AZC3J_61,0.332487274451105,16.16,0.00032850304224236,0.969550479223237,-0.0787827964143951,0
AZC3J_64,1.86262832514001,14.69,8.60144822382e-05,0.969550479223237,0.094589268598975,0
AZC3J_73,0.253927201878515,15.02,0.00039179392768407,0.969550479223237,-0.197351759475759,0
AZC3J_74,12.3822936695738,21.95,2.229812009385e-05,0.969550479223237,7.75016325541726,1
AZC3J_77,0.269004493977111,16.6,0.00039510238179894,0.969550479223237,-0.093677829552708,0
AZC3J_79,5.33816935156181,3.32,7.60506098767e-06,0.969550479223237,-0.425614165589363,0
AZC3J_82,3.48070623549275,15.71,0.00047308599634291,0.969550479223237,0.189642726061915,0
AZC3J_87,10.4280701330805,17.24,1.139023688312e-05,0.969550479223237,6.77200172194315,1
AZC3J_88,0.761876553052929,21.87,4.323318090204e-05,0.969550479223237,3.57377109618163,0
AZC3J_91,0.370610225747873,14.65,0.00084449433784248,0.969550479223237,0.0558693394593233,0
AZC5T_21,0.306970774213491,13.42,0.00028846881150108,0.969550479223237,0.506767298477034,0
AZC5T_22,1.71109149702498,21.31,0.00014095415809029,0.969550479223237,-1.3660873153198,0
AZC5T_69,3.36128999819508,16.7,0.00038042880112886,0.969550479223237,-0.0736477116866015,0
AZC5T_87,1.24422459286173,3.66,6.318252276115e-05,0.969550479223237,0.212057545302255,0
AZC5T_98,0.884894576496688,8.38,2.80367714143e-06,0.969550479223237,4.28273883274483,0
AZC5T_106,5.44796162832147,18.45,2.46830043269e-06,0.969550479223237,8.78280093149913,1
AZC7E_4,4.04450275214751,15.54,1.01481114921e-06,0.969550479223237,9.14513661920576,1
AZC7E_16,0.786055287371896,8.68,1.708605372547e-05,0.969550479223237,2.64662871936659,0
AZC7E_25,3.31517277042275,21.26,4.570483067947e-05,0.969550479223237,5.50391387199089,1
AZC7E_34,0.478472749851391,13.03,0.00024572190425294,0.969550479223237,0.209543012634687,0
AZC7E_54,1.3366736167828,20.95,2.446042133632e-05,0.969550479223237,5.13381043134918,0
AZC7E_60,0.32125086910269,20.98,2.36192008564e-06,0.969550479223237,5.45628716050081,0
AZC7E_70,0.475067572426963,19.64,1.58002527963e-06,0.969550479223237,6.12433695795846,0
AZC7E_74,0.48994265352345,17.53,0.00030415374739939,0.969550479223237,-0.165465853784455,0
AZC7E_116,3.03365590387444,6.12,7.1213105137e-06,0.969550479223237,-0.565637151362093,0
AZC9C_6,0.406895237004574,22.55,2.05285686907e-06,0.969550479223237,6.27231221119619,0
AZC9C_7,3.66373662359638,22.1,2.74152807413e-06,0.969550479223237,8.23445057131754,1
AZC9C_25,0.378863082116966,22.61,0.00025291464528406,0.969550479223237,1.7959176020349,0
AZC9C_30,0.372264911201836,3.26,2.494894774695e-05,0.969550479223237,-0.507539745555585,0
AZC9C_68,1.08339759463144,22.38,0.00044193118268263,0.969550479223237,1.83779659628149,0
AZC9C_69,2.94020132808439,10.78,8.346103880041e-05,0.969550479223237,3.94031060591367,0
AZC9C_80,0.373029077242435,9.47,5.653405873206e-05,0.969550479223237,0.651974895274679,0
AZC9C_81,0.266070480598569,14.89,0.00037293474747311,0.969550479223237,-0.0823077032481452,0
AZC9C_91,0.535838207894486,16.99,0.00082262858677805,0.969550479223237,-1.03343336247197,0
AZC9C_96,0.53068963278998,3.02,7.920364663782e-05,0.969550479223237,-0.740638545601618,0
AZC9C_108,0.709246126613158,14.46,0.00050628168350007,0.969550479223237,0.158610954525664,0
AZC9C_110,1.09931822882637,16.2,0.00034938009970242,0.969550479223237,0.311902113430371,0
AZC9C_115,0.462415414466255,3.36,3.301255719962e-05,0.969550479223237,-0.31799937752457,0
AZC3J_1,0.364757331518512,16.05,0.00100544304347056,0.905317400928128,0.0158514283618876,0
AZC3J_6,1.84543441151007,11.81,0.00066957213189169,0.905317400928128,-0.204818301312108,0
AZC3J_9,0.264587675603178,14.83,0.0004620468063134,0.905317400928128,0.181546677765822,0
AZC3J_20,0.387495501379482,13.66,0.00012723591193733,0.905317400928128,0.258587582500373,0
AZC3J_21,0.265952320993981,15,0.0010055084845349,0.905317400928128,-0.993543167198613,0
AZC3J_25,0.744189385472215,8.8,2.14736444992e-06,0.905317400928128,-0.205768584792723,0
AZC3J_26,0.303591359633453,15.35,0.00017521632487669,0.905317400928128,0.299880763529351,0
AZC3J_32,0.357841695243525,21.22,0.00065942580121141,0.905317400928128,0.69304055357123,0
AZC3J_45,0.289891552841669,13.71,0.0006815351114984,0.905317400928128,-0.454868950149359,0
AZC3J_49,1.70059592362091,15.25,0.00058814105346435,0.905317400928128,0.348344766283162,0
AZC3J_56,0.397136675692066,15.43,0.00012389398834497,0.905317400928128,0.403730534997263,0
AZC3J_57,0.374096670957845,3.02,0.00093728823447971,0.905317400928128,-0.542752650008491,0
AZC3J_59,0.462809551125436,13.07,0.00022892354933708,0.905317400928128,-0.224526352930115,0
AZC3J_61,0.300750475964638,16.16,0.00065898595017547,0.905317400928128,0.565047538526029,0
AZC3J_71,0.336435185274197,3.48,0.00022595948768362,0.905317400928128,0.250426700027691,0
AZC3J_77,0.29191071757997,16.6,0.0007677162830066,0.905317400928128,-0.115428301925924,0
AZC3J_82,2.61024362701697,15.71,0.0004469999457248,0.905317400928128,0.108294912856628,0
AZC3J_88,0.513962866238017,21.87,0.00056322729672785,0.905317400928128,0.494071588667451,0
AZC3J_95,0.320334762187409,10.09,2.8892492724e-06,0.905317400928128,0.515485933300886,0
AZC5T_21,0.241494223856019,13.42,0.00084298708084618,0.905317400928128,-1.15452022445363,0
AZC5T_106,7.53437506197968,18.45,8.603111642348e-05,0.905317400928128,5.09085631360545,1
AZC5T_115,1.55128716648236,15.39,7.9113427102e-07,0.905317400928128,-0.716511373173471,0
AZC7E_4,5.81655605617729,15.54,1.788853312299e-05,0.905317400928128,6.43349717185983,1
AZC7E_34,0.330937852224587,13.03,0.00064508992060478,0.905317400928128,-1.08031613500682,0
AZC7E_47,1.77097811700912,2,7.227148229821e-05,0.905317400928128,-1.21022789606242,0
AZC7E_72,2.05525011983439,16.74,7.84910270662e-06,0.905317400928128,-1.45093463423349,0
AZC7E_74,0.405284160254061,17.53,0.00026334750420861,0.905317400928128,-0.231410153827885,0
AZC7E_116,2.39535725986643,6.12,4.282586845e-06,0.905317400928128,-1.22720055762677,0
AZC9C_25,0.325120170283685,22.61,0.00037626368133372,0.905317400928128,1.11096396466076,0
AZC9C_30,0.336140882999704,3.26,0.00075657688576504,0.905317400928128,-2.80323418950162,0
AZC9C_34,0.503314094121468,13.28,0.00026082942465371,0.905317400928128,1.08037370456395,0
AZC9C_60,0.330358350005953,10.3,0.00155054612771599,0.905317400928128,-2.41196054248883,0
AZC9C_69,1.54040572094417,10.78,1.18589472406e-06,0.905317400928128,6.114139028008,0
AZC9C_80,0.316490500696744,9.47,0.00042405811483701,0.905317400928128,-1.8639284701799,0
AZC9C_81,0.290913450835925,14.89,0.0006923895542628,0.905317400928128,-0.158464030203404,0
AZC9C_91,0.365977727639502,16.99,0.00037852951479867,0.905317400928128,0.189649866172847,0
AZC9C_108,0.428678132176989,14.46,0.00023361328959655,0.905317400928128,0.360895022982918,0
AZC9C_110,0.497138172806313,16.2,0.00062198126833352,0.905317400928128,0.285012795053924,0
AZC9C_115,0.369384838286971,3.36,0.0001235096729463,0.905317400928128,-0.489389822782594,0
AZC3J_1,0.485468540133457,16.05,0.00086999555795244,0.845256861531356,0.128070183689055,0
AZC3J_6,2.02156324476993,11.81,3.950904311459e-05,0.845256861531356,0.307153556648599,0
AZC3J_9,0.314277052944344,14.83,0.00025593650998449,0.845256861531356,-0.52798065138312,0
AZC3J_18,15.4516134023139,23.45,0.00057632873387586,0.845256861531356,0.359405425042512,0
AZC3J_20,0.39421452569903,13.66,0.00017477904073583,0.845256861531356,-0.271148598946947,0
AZC3J_25,0.683531177322353,8.8,7.28407145776e-06,0.845256861531356,-0.806161398401725,0
AZC3J_26,0.268088278443919,15.35,0.00027320137066458,0.845256861531356,-0.182314332200437,0
AZC3J_28,0.877278533037813,21.44,6.858622888348e-05,0.845256861531356,0.7110588839095,0
AZC3J_45,0.344827516731079,13.71,0.00069359207116215,0.845256861531356,-0.865594742794079,0
AZC3J_49,1.78650805780523,15.25,0.0002746700093122,0.845256861531356,0.189110585100138,0
AZC3J_56,0.462861873941348,15.43,0.00016534064800959,0.845256861531356,0.00992574898998697,0
AZC3J_57,0.375869854447623,3.02,5.341530456528e-05,0.845256861531356,-0.542057466770408,0
AZC3J_59,0.530493638094631,13.07,0.00012464461699559,0.845256861531356,0.251831826866969,0
AZC3J_61,0.253268928535252,16.16,0.00066191703062778,0.845256861531356,0.466768538060608,0
AZC3J_64,1.44255847990915,14.69,0.00040931237912475,0.845256861531356,0.746242530303496,0
AZC3J_71,0.313733082303212,3.48,0.00010533189782684,0.845256861531356,-0.655125858308982,0
AZC3J_73,0.268538264672634,15.02,0.00172825468003291,0.845256861531356,-0.296366101925541,0
AZC3J_77,0.290192321229549,16.6,0.00146618548283511,0.845256861531356,-0.159107450151436,0
AZC3J_82,2.97622049243997,15.71,0.00042053683934175,0.845256861531356,0.864789026666187,0
AZC3J_87,10.5933060087902,17.24,9.33576682711e-05,0.845256861531356,-0.0771319203776264,0
AZC3J_95,0.271371497191739,10.09,6.533803383958e-05,0.845256861531356,0.34317786278224,0
AZC3J_99,0.75922709715579,6.83,0.00042825995854771,0.845256861531356,-0.781714449740196,0
AZC5T_22,0.819087301673295,21.31,6.162198151765e-05,0.845256861531356,0.744045385354095,0
AZC5T_64,3.56300109924095,8.97,0.00073824456200188,0.845256861531356,-2.6185194582822,0
AZC5T_87,0.6632741917012,3.66,0.00011348705277965,0.845256861531356,-1.13178841687425,0
AZC5T_98,0.44157192907893,8.38,4.99979100224e-06,0.845256861531356,1.29569035867078,0
AZC5T_115,1.5585750276019,15.39,4.59523650459e-06,0.845256861531356,-0.309804183046898,0
AZC7E_16,0.402146638859147,8.68,2.618202322307e-05,0.845256861531356,-0.00125859236264527,0
AZC7E_29,0.602656499655331,17.54,0.0003140927107098,0.845256861531356,-0.0936138462292005,0
AZC7E_45,0.91417701140609,15.88,0.00026458044893378,0.845256861531356,-0.0988947635096322,0
AZC7E_47,1.64970769525581,2,0.00047412315087536,0.845256861531356,-1.26887801007416,0
AZC7E_69,1.61381848924082,16.71,0.00072029698001099,0.845256861531356,-0.572737239195196,0
AZC7E_74,0.464191932069477,17.53,0.00018299329575081,0.845256861531356,0.250711780111119,0
AZC9C_30,0.305653720301628,3.26,1.751639533594e-05,0.845256861531356,-0.451414607162147,0
AZC9C_60,0.295460310123244,10.3,6.076056658526e-05,0.845256861531356,-0.521900083007076,0
AZC9C_69,1.69875356218765,10.78,2.48590442308e-06,0.845256861531356,0.911168847572128,0
AZC9C_80,0.25485206503416,9.47,0.00108705855716053,0.845256861531356,0.40019116671172,0
AZC9C_81,0.314701337706552,14.89,0.00145839801559875,0.845256861531356,-0.171448822831161,0
AZC9C_91,0.34806560727005,16.99,0.0005564273658978,0.845256861531356,0.384760932629719,0
AZC9C_96,0.384366714932274,3.02,0.00011645884504355,0.845256861531356,-0.671775162744862,0
AZC9C_108,0.471544499165687,14.46,0.00035957125172636,0.845256861531356,0.693980961829157,0
AZC9C_110,0.532811038277131,16.2,8.672763890306e-05,0.845256861531356,0.034279388167656,0
AZC9C_115,0.361079270919893,3.36,4.289401318878e-05,0.845256861531356,-0.575404963400275,0
AZC3J_2,0.252066174703996,17.11,0.00044603938937168,1.03140581272381,0.329167323358781,0
AZC3J_10,0.76547404651276,17.08,0.00029247938133943,1.03140581272381,-0.0444128359598014,0
AZC3J_62,6.81767144165005,22.18,0.00055823161499338,1.03140581272381,-0.264660801239257,0
AZC3J_63,0.300298563896743,12.82,0.00036618485053587,1.03140581272381,0.706562517712983,0
AZC3J_70,3.07938349797155,11.71,0.00079362038872623,1.03140581272381,0.108390005640489,0
AZC3J_92,1.26718217436841,15.68,0.00039808057514334,1.03140581272381,-0.267093318922754,0
AZC5T_1,3.51870548239482,16.71,0.00016001033031401,1.03140581272381,-0.330313763099309,0
AZC5T_4,1.64670690045486,9.28,0.00037018921127071,1.03140581272381,0.288648048763733,0
AZC5T_12,3.78520890920411,20.98,0.00050142695736759,1.03140581272381,-0.391718745235431,0
AZC5T_24,0.337136718142939,14.34,0.00014522229889322,1.03140581272381,0.00731295930645721,0
AZC5T_30,2.75257589707306,11.93,0.00079535329907319,1.03140581272381,-2.15999271700483,0
AZC5T_34,2.72795387188371,21.12,0.00018016285861893,1.03140581272381,-0.483084638753054,0
AZC5T_47,2.41231103648061,13.95,0.00012757863665084,1.03140581272381,0.664759888075471,0
AZC5T_49,3.46188364128107,21.93,0.00033593611446702,1.03140581272381,-0.198436368276216,0
AZC5T_51,0.544296111607357,4.43,5.733087611134e-05,1.03140581272381,0.993798559555463,0
AZC5T_53,3.32323701020478,20.99,2.682572669246e-05,1.03140581272381,-0.257695365331355,0
AZC5T_58,5.26714507405784,21.7,6.152467226482e-05,1.03140581272381,-0.356636749182111,0
AZC5T_61,0.82984268363798,22.2,9.722474047437e-05,1.03140581272381,-0.489233801659165,0
AZC5T_63,0.623556949099698,14.11,0.00029238975976634,1.03140581272381,-0.303437308650006,0
AZC5T_65,2.20868217138915,15.6,0.00012325769531944,1.03140581272381,2.28448228824957,0
AZC5T_66,1.32690465955898,11.55,5.3580123406e-07,1.03140581272381,5.66464350464391,0
AZC5T_71,0.29505714992648,11.51,0.00030969231064922,1.03140581272381,-0.6713322437412,0
AZC5T_79,0.469015427619827,9.23,0.00016823144748343,1.03140581272381,0.782776750761571,0
AZC5T_80,10.1074283606959,22.19,2.60133571476e-06,1.03140581272381,8.07147924932909,1
AZC5T_90,0.210758488987998,16.61,0.00058491454241241,1.03140581272381,-0.147602160117323,0
AZC5T_93,14.1418627036011,23.45,0.00064982616487158,1.03140581272381,3.6583370734929,1
AZC5T_99,0.92803966508777,14.53,3.679394388156e-05,1.03140581272381,1.72473110287366,0
AZC5T_104,0.6827332381061,16.3,0.00058100410625063,1.03140581272381,0.197884016523541,0
AZC5T_111,0.557683285204605,9.44,5.581129237844e-05,1.03140581272381,2.26900338110015,0
AZC5T_119,1.37360628024524,15.79,0.00016156798541312,1.03140581272381,-0.238758614416481,0
AZC7E_22,2.72844617106484,10.2,1.104813431037e-05,1.03140581272381,-0.440524163596153,0
AZC7E_52,2.72725267183719,19.48,7.905429773216e-05,1.03140581272381,-0.283392044081075,0
AZC7E_55,0.217274614755289,4.12,0.00065255474707236,1.03140581272381,-0.872607777089837,0
AZC7E_57,3.02225251196072,14.48,6.954675226324e-05,1.03140581272381,0.306142003941474,0
AZC7E_71,0.836397966280516,21.32,0.00010206358563819,1.03140581272381,-0.420506384332982,0
AZC7E_73,3.80963733304188,21.16,0.0004777613516599,1.03140581272381,1.37464188878668,0
AZC7E_81,3.19185822791013,21.22,0.00024515522598378,1.03140581272381,-0.320959440598959,0
AZC7E_90,1.47621047585267,21.2,8.453762514107e-05,1.03140581272381,-0.378759767826167,0
AZC7E_96,1.48428183240021,9.89,5.4270847603e-07,1.03140581272381,5.76782764246472,0
AZC7E_111,4.84330814824492,15.12,8.342148101612e-05,1.03140581272381,-0.25769544567848,0
AZC7E_114,4.68605368711676,18.14,3.42089588414e-06,1.03140581272381,-0.312291853043905,0
AZC7E_117,3.12130567028631,17.22,3.83391824059e-06,1.03140581272381,-0.417637152883432,0
AZC9C_18,10.3949909613305,23.31,2.948316573994e-05,1.03140581272381,6.17025488465421,1
AZC9C_58,0.430800545511584,8.52,0.00143920463465927,1.03140581272381,-0.302292417933252,0
AZC9C_71,2.63413673789233,9.89,2.5456550805e-06,1.03140581272381,5.2743602538218,0
AZC9C_75,3.63210757181709,22.54,6.71644741153e-05,1.03140581272381,3.15714309325411,0
AZC9C_86,0.337400220071135,18.42,0.0001033663693633,1.03140581272381,1.09937452723902,0
AZC9C_93,0.539223862249036,14.45,0.00041239445600326,1.03140581272381,-0.25611516920559,0
AZC3J_1,0.306163939799625,16.05,0.00074499090613873,0.93374962967728,0.192641810058817,0
AZC3J_2,0.243095469087581,17.11,0.00027324171740169,0.93374962967728,-0.315937285255063,0
AZC3J_6,4.75480127606009,11.81,0.0004125835341238,0.93374962967728,-0.325201255788203,0
AZC3J_10,0.434665304174444,17.08,0.00025624942845585,0.93374962967728,0.0691466298266906,0
AZC3J_26,0.438530696328792,15.35,0.00019398026315544,0.93374962967728,0.238625642073789,0
AZC3J_45,0.271530189653932,13.71,0.00024841826807275,0.93374962967728,-0.0130827437013091,0
AZC3J_62,4.86356131136716,22.18,0.00012820142636226,0.93374962967728,-0.210165989270596,0
AZC3J_63,0.288802634883009,12.82,7.37394599201e-05,0.93374962967728,0.521833243058852,0
AZC3J_70,1.73736164907821,11.71,0.00036526465692861,0.93374962967728,0.0589752844161023,0
AZC3J_71,0.31526794181895,3.48,0.0007210798253407,0.93374962967728,-0.375815220701393,0
AZC3J_92,0.768910262595843,15.68,0.00083826517984062,0.93374962967728,-0.721996539666376,0
AZC3J_95,0.318069066721056,10.09,1.186930591708e-05,0.93374962967728,0.705125651142436,0
AZC5T_1,2.10822966600324,16.71,0.0001393784114461,0.93374962967728,-0.341548991630121,0
AZC5T_4,0.990019872282227,9.28,0.00032711100884515,0.93374962967728,0.13095765548911,0
AZC5T_12,4.21921479932029,20.98,0.000472662968291,0.93374962967728,-0.129135001607421,0
AZC5T_24,0.279919488428163,14.34,0.00011913894881357,0.93374962967728,0.231924079568727,0
AZC5T_34,2.93108387471164,21.12,0.00011982521959815,0.93374962967728,-0.261130409164324,0
AZC5T_47,1.63645244842365,13.95,0.00040373511485763,0.93374962967728,-0.162639937777665,0
AZC5T_49,3.85229908301275,21.93,4.764804831416e-05,0.93374962967728,-0.243965192311994,0
AZC5T_51,0.392918231219252,4.43,4.052089803388e-05,0.93374962967728,-0.905999992151936,0
AZC5T_53,3.67341786490922,20.99,1.81263328645e-05,0.93374962967728,-0.208288979043334,0
AZC5T_58,6.09495393271231,21.7,1.428251766087e-05,0.93374962967728,-0.201858845251635,0
AZC5T_61,0.550960314189416,22.2,8.532118403686e-05,0.93374962967728,-0.159531026235033,0
AZC5T_63,0.549440467170509,14.11,0.00020760724937131,0.93374962967728,0.873576278254771,0
AZC5T_65,1.15835653282706,15.6,8.183204602732e-05,0.93374962967728,0.469517360459262,0
AZC5T_71,0.273105452690665,11.51,0.0001087630416656,0.93374962967728,-0.0570467405099552,0
AZC5T_79,0.410002074782846,9.23,5.395939267586e-05,0.93374962967728,0.381563083491537,0
AZC5T_90,0.256567214914025,16.61,0.00053501023449426,0.93374962967728,-0.205406971328001,0
AZC5T_99,0.617069256692054,14.53,0.0005239577733218,0.93374962967728,-0.52719526538034,0
AZC5T_111,0.587195636342156,9.44,0.00034528018114657,0.93374962967728,-0.314678268072702,0
AZC5T_115,1.20279535444693,15.39,6.4080346229e-07,0.93374962967728,-0.387732587630069,0
AZC7E_22,2.93166639733411,10.2,1.523797555164e-05,0.93374962967728,-0.233603596332047,0
AZC7E_47,6.00743844693621,2,3.711746677927e-05,0.93374962967728,-0.47884472108693,0
AZC7E_52,2.9302923054053,19.48,3.61956260364e-05,0.93374962967728,-0.229750612569941,0
AZC7E_55,0.290431560868209,4.12,0.00019222392736786,0.93374962967728,-0.0967685542246909,0
AZC7E_71,0.746728641445632,21.32,0.00017229840802571,0.93374962967728,-0.393529657936277,0
AZC7E_72,3.98171196840755,16.74,6.823262691e-07,0.93374962967728,0.880671432534863,0
AZC7E_81,3.25102746178466,21.22,0.00016565495897448,0.93374962967728,-0.28171464950165,0
AZC7E_90,0.941917755402474,21.2,0.00036150828181608,0.93374962967728,-0.085629902155838,0
AZC7E_111,2.83065477995005,15.12,0.00035458803443177,0.93374962967728,-0.13065598258304,0
AZC7E_117,2.80011864999372,17.22,1.628495695102e-05,0.93374962967728,-0.192450629316966,0
AZC9C_34,0.625712773271853,13.28,0.00016495739362363,0.93374962967728,-1.93133498560803,0
AZC9C_58,0.368324732398704,8.52,0.00073590145085835,0.93374962967728,-0.493239313119478,0
AZC9C_60,3.99792216506228,10.3,5.420111832892e-05,0.93374962967728,0.886900001260574,0
AZC3J_1,0.305168486077778,16.05,0.00124076514546529,0.871802840228123,-0.200914236172549,0
AZC3J_2,0.286451019540393,17.11,0.00023097039440455,0.871802840228123,-0.236924558842532,0
AZC3J_6,5.02096108951878,11.81,8.030388305257e-05,0.871802840228123,-0.293936361274185,0
AZC3J_10,0.492500180628127,17.08,0.00012970736922424,0.871802840228123,-0.206577631854594,0
AZC3J_18,3.72644238711682,23.45,0.00043242963871694,0.871802840228123,0.474378155582368,0
AZC3J_26,0.476823210340278,15.35,0.00071498571193446,0.871802840228123,-0.0213161498889435,0
AZC3J_45,0.298089649686481,13.71,0.00023843064994574,0.871802840228123,0.215714653874658,0
AZC3J_62,5.78375736144955,22.18,0.00013430551803791,0.871802840228123,0.417737342000806,0
AZC3J_63,0.33143900255836,12.82,0.00042107934273533,0.871802840228123,-0.4884057904464,0
AZC3J_70,1.44897656753513,11.71,0.00016075769500279,0.871802840228123,0.00434681774425409,0
AZC3J_71,0.337772902438627,3.48,9.905526253451e-05,0.871802840228123,-0.12022770520949,0
AZC3J_92,0.655020070779541,15.68,4.192814648286e-05,0.871802840228123,-0.121495878706201,0
AZC3J_95,0.37244511582831,10.09,6.449700163828e-05,0.871802840228123,-0.104534477206605,0
AZC3J_99,1.5424916118083,6.83,0.00022255492009235,0.871802840228123,-0.0429960362458787,0
AZC5T_1,2.11486421508593,16.71,4.670704156791e-05,0.871802840228123,0.302664490276189,0
AZC5T_4,1.09417104394033,9.28,0.00059482842664737,0.871802840228123,-0.0878583945255416,0
AZC5T_12,4.13963770596967,20.98,0.00047106661656067,0.871802840228123,0.383264673593396,0
AZC5T_24,0.323572469855786,14.34,0.00018668065806415,0.871802840228123,-0.126350967549839,0
AZC5T_30,1.96757455323302,11.93,0.00014509576365548,0.871802840228123,0.0723529155834509,0
AZC5T_47,1.87593007673478,13.95,0.00013599825239746,0.871802840228123,0.344493605550953,0
AZC5T_49,3.86690208467082,21.93,7.581340411524e-05,0.871802840228123,0.322690877055402,0
AZC5T_53,3.67264079217777,20.99,2.84486865206e-05,0.871802840228123,0.72362846515927,0
AZC5T_58,6.63795556919834,21.7,3.095256902771e-05,0.871802840228123,0.147624392928841,0
AZC5T_61,0.607049221417252,22.2,3.464422727085e-05,0.871802840228123,0.380281904031747,0
AZC5T_63,0.602238003356047,14.11,0.00134951768574651,0.871802840228123,-0.842939796184695,0
AZC5T_64,2.55474480748939,8.97,0.00193381492673462,0.871802840228123,-3.84807553462327,0
AZC5T_65,1.44452146941566,15.6,0.00018046150475018,0.871802840228123,-0.467976995044419,0
AZC5T_71,0.299629106692922,11.51,8.328139518135e-05,0.871802840228123,0.558972650060801,0
AZC5T_79,0.481630215009199,9.23,0.00029066273624251,0.871802840228123,-0.466473315176905,0
AZC5T_80,11.427066088041,22.19,0.00057355276315658,0.871802840228123,0.571577335078577,0
AZC5T_90,0.275013621998757,16.61,0.00132859901830397,0.871802840228123,-0.55742251298917,0
AZC5T_99,0.692599488525311,14.53,0.0019773459720525,0.871802840228123,-0.280933993066696,0
AZC5T_111,0.563151310286562,9.44,5.674783104577e-05,0.871802840228123,0.21237778864283,0
AZC5T_115,1.23094788054484,15.39,4.4925190875e-06,0.871802840228123,-0.106265624814234,0
AZC5T_119,0.911909833396288,15.79,0.00090793443097997,0.871802840228123,0.0771156771529557,0
AZC7E_22,2.90138760990628,10.2,0.00043164958284397,0.871802840228123,0.326302799162424,0
AZC7E_29,3.25527588986443,17.54,0.00017707423897043,0.871802840228123,0.310528486093186,0
AZC7E_45,1.42843686980727,15.88,0.0003351193883279,0.871802840228123,-0.232607801093726,0
AZC7E_47,6.64365635322379,2,0.00032174852606426,0.871802840228123,-1.21977350089889,0
AZC7E_52,2.89999282964234,19.48,0.00048568608369209,0.871802840228123,0.566847139862735,0
AZC7E_57,2.77111752063556,14.48,0.00026868783768031,0.871802840228123,-0.145706496937111,0
AZC7E_69,4.24601929877624,16.71,0.00099953911437153,0.871802840228123,0.0969501975039056,0
AZC7E_114,4.65308976664337,18.14,0.0005148750513771,0.871802840228123,-0.0228262558158229,0
AZC7E_117,2.97345704932576,17.22,0.00025198169595457,0.871802840228123,0.582955739194638,0
AZC9C_18,12.3651538891423,23.31,0.00069935979827496,0.871802840228123,0.570885038652823,0
AZC9C_58,0.391687942856313,8.52,0.00063951000329266,0.871802840228123,-3.00014499430605,0
AZC9C_60,3.41704678367429,10.3,9.24371481386e-05,0.871802840228123,-0.123867754754304,0
AZC9C_75,3.10165936139927,22.54,0.00056251872636171,0.871802840228123,0.217019074305736,0
AZC9C_86,0.336163054331413,18.42,0.00013460953632361,0.871802840228123,0.170723671666279,0
AZC3J_3,0.363299826903384,16.29,0.00018228033235336,1.10458497646771,1.25226890292238,0
AZC3J_76,5.8502242794857,20.87,0.00017357825538277,1.10458497646771,3.86221835652574,1
AZC5T_8,0.663293894891311,14.76,0.0001244655644785,1.10458497646771,-0.272297392563694,0
AZC5T_14,1.14088162691657,13.21,0.00016464192336989,1.10458497646771,-0.10749887201957,0
AZC5T_19,2.45025601345021,14.69,0.00035980309939895,1.10458497646771,1.03300624251237,0
AZC5T_30,0.254731723840027,11.93,0.00058168755709065,1.10458497646771,0.0427825116907223,0
AZC5T_37,0.93249640786536,23.35,1.34686763686e-05,1.10458497646771,4.29296086090477,0
AZC5T_38,0.615366277620601,17.81,4.528878466929e-05,1.10458497646771,4.00387966028529,0
AZC5T_44,6.30731715669013,5.8,0.00013625692165432,1.10458497646771,0.0371358147952756,0
AZC5T_57,0.459980728917183,14.7,0.0003256758950206,1.10458497646771,-0.240080557445047,0
AZC5T_66,2.99345347137521,11.55,5.3903147103e-07,1.10458497646771,6.33657288884238,0
AZC5T_68,1.64902493338087,17.03,0.00017850188618267,1.10458497646771,0.00298426950644643,0
AZC5T_78,1.51168320812115,16.06,0.00075262985081993,1.10458497646771,-0.130550236960772,0
AZC5T_80,1.85841675589338,22.19,1.24772205866e-06,1.10458497646771,5.36888771101087,0
AZC5T_93,3.1769122008232,23.45,0.00059730439457289,1.10458497646771,1.86666791878175,0
AZC5T_94,4.20059368662717,22.81,0.00013959663982018,1.10458497646771,3.54753929390922,0
AZC5T_97,10.2342594037731,22.38,0.00070241294766753,1.10458497646771,3.27472380533521,1
AZC5T_104,0.678816724934199,16.3,0.00062232994000065,1.10458497646771,-0.143942660704755,0
AZC5T_107,6.26412513121403,22.04,0.00087270386088455,1.10458497646771,2.38799938765488,1
AZC5T_109,0.368082923385509,19.28,0.00037882430860402,1.10458497646771,1.28462592658366,0
AZC5T_119,0.394943361043322,15.79,0.00011353874416362,1.10458497646771,0.731121853462439,0
AZC5T_120,0.409460191334432,7.44,2.232234500367e-05,1.10458497646771,1.16026041845431,0
AZC5T_122,0.430901389355763,20.55,0.00021356972411134,1.10458497646771,1.68070212443481,0
AZC7E_12,0.80449156825493,22.55,0.00040246260454783,1.10458497646771,1.40509855997904,0
AZC7E_15,5.32007668527835,14.76,0.00015399308913212,1.10458497646771,-0.00933049404585324,0
AZC7E_39,12.7554062744525,20.88,1.229588562744e-05,1.10458497646771,7.88456847128391,1
AZC7E_51,0.758058628915382,15.64,7.517938721251e-05,1.10458497646771,-0.0423226242688653,0
AZC7E_57,0.525234964133688,14.48,8.540006191163e-05,1.10458497646771,-0.0730025833022776,0
AZC7E_59,0.239567701557423,6.4,0.00084564905013402,1.10458497646771,0.198265855952902,0
AZC7E_61,5.56477615501731,21.2,0.00014991823963856,1.10458497646771,3.95531244182761,1
AZC7E_64,2.27682189013442,21.58,0.00097000461716426,1.10458497646771,1.4817326900648,0
AZC7E_73,13.9625120496454,21.16,0.00053019606432206,1.10458497646771,4.00017085901807,1
AZC7E_77,0.576879987084686,16.65,0.00016679480487693,1.10458497646771,-0.156742735399452,0
AZC7E_82,0.480268543946815,7.01,2.861070875515e-05,1.10458497646771,0.765790075853218,0
AZC7E_89,11.0563807970206,19.95,9.726343624692e-05,1.10458497646771,5.63080397673743,1
AZC7E_96,3.89892714677157,9.89,7.0554335521e-07,1.10458497646771,6.52709884432653,0
AZC7E_109,1.03351275210669,22.18,0.00088254375942813,1.10458497646771,1.17732340438624,0
AZC7E_114,0.597413513942137,18.14,3.54477399642e-06,1.10458497646771,6.28331431644038,0
AZC9C_18,5.65422375187661,23.31,3.314590890928e-05,1.10458497646771,3.61637365606766,0
AZC9C_29,0.534274858587683,14.05,0.0001234364584447,1.10458497646771,-0.216102506005811,0
AZC9C_32,1.33461669786734,23.45,7.637005111643e-05,1.10458497646771,2.4635160676165,0
AZC9C_40,0.27533080227792,21.85,0.00094615135754387,1.10458497646771,0.443660995736734,0
AZC9C_53,1.23885755833917,7.05,0.00023021081039382,1.10458497646771,-0.525406920157696,0
AZC9C_54,2.61162091751278,14.69,0.00029620787653101,1.10458497646771,1.25650058846133,0
AZC9C_61,0.657978976289102,8.18,0.00027784369998285,1.10458497646771,0.0546038459181793,0
AZC9C_71,6.01124596174688,9.89,2.89801782542e-06,1.10458497646771,5.9223343811173,0
AZC9C_75,7.06464968843081,22.54,6.153201800125e-05,1.10458497646771,4.73667699152519,1
AZC9C_86,0.390290759575869,18.42,0.0001108881725707,1.10458497646771,2.00223116219055,0
AZC9C_93,0.216718053782593,14.45,0.00045387483418419,1.10458497646771,-0.0961340679862706,0
AZC9C_95,3.31015057623906,14.8,1.252077672463e-05,1.10458497646771,-0.106394418014366,0
AZC9C_106,0.910043975329445,10.69,1.02465713562e-06,1.10458497646771,0.416808189256324,0
AZC9C_112,0.719616943095291,13.06,0.00013320195017916,1.10458497646771,-0.095830448757292,0
AZC9C_113,1.96139684627557,15.95,0.00101053700189766,1.10458497646771,0.867019281085612,0
AZC9C_116,2.79961659538502,15.56,0.00093983210433624,1.10458497646771,-0.00632174714786444,0
AZC3J_3,0.446683898035643,16.29,0.00089001585427131,1.07095089327705,0.421162984775904,0
AZC3J_28,0.488997315129104,21.44,4.595414855854e-05,1.07095089327705,-0.73732252772639,0
AZC3J_55,0.913180736342012,8.96,1.01471726558e-06,1.07095089327705,1.54270384393818,0
AZC3J_64,0.375392944459679,14.69,7.241041322757e-05,1.07095089327705,-0.570283753546541,0
AZC3J_73,0.295817963137492,15.02,0.00032164816381885,1.07095089327705,0.775517062039681,0
AZC3J_74,0.958339850935467,21.95,1.61173865302e-05,1.07095089327705,5.37668044321775,0
AZC3J_76,5.48072525249961,20.87,5.1087634539e-07,1.07095089327705,8.83187067372288,1
AZC3J_79,0.539777469710716,3.32,7.43590783231e-06,1.07095089327705,-0.374378130477312,0
AZC3J_87,6.27486404687122,17.24,1.202147309288e-05,1.07095089327705,4.34743630584992,0
AZC3J_91,0.303658838422613,14.65,0.0007951211419019,1.07095089327705,-0.011807835496173,0
AZC5T_8,0.669592893885122,14.76,0.00017317953326205,1.07095089327705,-0.0862920714266141,0
AZC5T_14,1.07607754590835,13.21,0.00031443754725516,1.07095089327705,-0.0940433470556854,0
AZC5T_19,2.04569521191723,14.69,0.00018307712569286,1.07095089327705,-0.65635464451445,0
AZC5T_22,0.471160579687289,21.31,3.151395231309e-05,1.07095089327705,-1.22401751455501,0
AZC5T_37,0.930184277972733,23.35,0.00079164566654561,1.07095089327705,0.379613332102571,0
AZC5T_38,0.640946799299521,17.81,2.37822018825e-06,1.07095089327705,6.84343476264425,0
AZC5T_44,5.45388096748087,5.8,0.00032590890233464,1.07095089327705,-0.796760883377902,0
AZC5T_57,0.485070059125606,14.7,0.00043782632914624,1.07095089327705,-0.281975621574,0
AZC5T_68,1.61511010126173,17.03,0.00020354676540204,1.07095089327705,0.230291751060376,0
AZC5T_69,0.835970807079233,16.7,0.00023131882222218,1.07095089327705,-0.712617748200185,0
AZC5T_78,1.41150410387455,16.06,0.0004343117645529,1.07095089327705,-0.0439010578212224,0
AZC5T_87,0.59899098474638,3.66,7.770952731719e-05,1.07095089327705,-0.979944823213901,0
AZC5T_94,4.40615550646427,22.81,0.00011213932360192,1.07095089327705,3.59536770854216,0
AZC5T_97,9.84831905958627,22.38,1.3723267658e-06,1.07095089327705,8.2650583644673,1
AZC5T_98,0.840989847759493,8.38,5.1616276817e-07,1.07095089327705,1.80204631229415,0
AZC5T_107,5.8791425984475,22.04,8.846571753172e-05,1.07095089327705,4.82742572336147,1
AZC5T_109,0.406524517287599,19.28,0.00106604624250675,1.07095089327705,0.193851007876233,0
AZC5T_120,0.596632696295107,7.44,5.190746364132e-05,1.07095089327705,-1.95405579895381,0
AZC5T_122,0.399165331541708,20.55,3.92495949035e-06,1.07095089327705,5.00572772973666,0
AZC7E_12,0.717033307340867,22.55,0.00058826986981051,1.07095089327705,0.840134072773854,0
AZC7E_15,4.98781082590493,14.76,0.00017407258397263,1.07095089327705,-0.211496851917765,0
AZC7E_16,0.916034201697049,8.68,2.72000983564e-06,1.07095089327705,0.900662465732466,0
AZC7E_25,0.768897363555648,21.26,4.296818682791e-05,1.07095089327705,4.23618167046566,0
AZC7E_39,12.6221122596073,20.88,1.1327281537e-06,1.07095089327705,8.83671382319762,1
AZC7E_51,0.70394883682497,15.64,9.176178978856e-05,1.07095089327705,0.825016263262475,0
AZC7E_54,1.55003843085781,20.95,1.054870429421e-05,1.07095089327705,5.90073558852315,0
AZC7E_59,0.211555322457506,6.4,7.36893333857e-06,1.07095089327705,5.31234836529258,0
AZC7E_60,0.494687045099257,20.98,2.94370976389e-06,1.07095089327705,5.64591490355873,0
AZC7E_61,5.21809995707651,21.2,7.064028932129e-05,1.07095089327705,4.82639280397496,1
AZC7E_64,2.09385958422612,21.58,1.60732673145e-05,1.07095089327705,5.19380107965938,0
AZC7E_70,0.300297400422259,19.64,2.26370730498e-06,1.07095089327705,5.73438058982159,0
AZC7E_77,0.537164571049519,16.65,0.00014693444959573,1.07095089327705,0.0648599137479827,0
AZC7E_82,0.667551840424703,7.01,1.372501666051e-05,1.07095089327705,-1.86347194351096,0
AZC7E_89,10.5445021658166,19.95,7.4693753714e-07,1.07095089327705,9.18413392353802,1
AZC7E_109,0.935360051362921,22.18,8.756964180241e-05,1.07095089327705,2.86589262716409,0
AZC9C_6,13.0243541498616,22.55,1.43926184404e-06,1.07095089327705,9.13520628372779,1
AZC9C_7,0.662717221468674,22.1,2.09108318661e-06,1.07095089327705,6.83155435832721,0
AZC9C_29,0.689839694699613,14.05,9.966473065914e-05,1.07095089327705,-0.00678673917358297,0
AZC9C_32,1.12912557833725,23.45,0.00081820182143036,1.07095089327705,0.458316608847442,0
AZC9C_40,0.239173362616633,21.85,3.31717853246e-06,1.07095089327705,5.16901583373579,0
AZC9C_53,1.24108750265931,7.05,0.000427050648692,1.07095089327705,-1.00628142068513,0
AZC9C_54,2.13217221288459,14.69,0.00018368264524671,1.07095089327705,-0.737167117609815,0
AZC9C_61,0.753882040324489,8.18,1.382192127301e-05,1.07095089327705,-2.40773152276084,0
AZC9C_68,0.291881600419753,22.38,0.00048509259946902,1.07095089327705,0.732952855397497,0
AZC9C_95,2.98501817924388,14.8,1.707729348799e-05,1.07095089327705,-0.0787525759766512,0
AZC9C_96,0.446363631810064,3.02,5.591287724318e-05,1.07095089327705,-0.338337124260665,0
AZC9C_106,0.840451459447059,10.69,1.44808568718e-06,1.07095089327705,-0.106148245598393,0
AZC9C_112,0.670691547431164,13.06,0.00033326688339255,1.07095089327705,-0.133037852595998,0
AZC9C_113,1.71651554020088,15.95,0.00091045273592055,1.07095089327705,1.02802376117293,0
AZC9C_116,2.46637602068823,15.56,0.00075816715519754,1.07095089327705,0.0453581619260756,0
AZC3J_3,0.363013376607785,16.29,0.00068333198769114,0.933658030503779,-0.318669357858775,0
AZC3J_18,3.02330792604308,23.45,0.00141451574253885,0.933658030503779,-0.882377118923266,0
AZC3J_28,0.359867325433273,21.44,0.0002528513186989,0.933658030503779,-1.16704375676293,0
AZC3J_64,0.466227692030425,14.69,0.00020620112302935,0.933658030503779,-2.2069603659407,0
AZC3J_73,0.32352630269603,15.02,0.00087204110758345,0.933658030503779,0.489243249915771,0
AZC3J_87,6.37711946973021,17.24,0.00019661048768738,0.933658030503779,-1.80535945744658,0
AZC3J_99,0.595934157297345,6.83,0.00033286138183169,0.933658030503779,-1.14157073513923,0
AZC5T_14,0.871108925635768,13.21,0.00014169058502416,0.933658030503779,1.04408188400247,0
AZC5T_19,2.55722210035103,14.69,0.00091539768365018,0.933658030503779,-2.34439468560961,0
AZC5T_22,0.350319736128741,21.31,0.00022689412401109,0.933658030503779,-1.20891252194793,0
AZC5T_30,0.297737506931411,11.93,6.397164566242e-05,0.933658030503779,0.454992096386886,0
AZC5T_37,0.826847848860429,23.35,0.00127558464887722,0.933658030503779,-0.552234329981524,0
AZC5T_38,0.722074648894495,17.81,0.00083383126860207,0.933658030503779,-0.37136900099858,0
AZC5T_44,5.39803210262045,5.8,1.667227381604e-05,0.933658030503779,-0.494899967763339,0
AZC5T_57,0.446304384056363,14.7,0.00018022851760584,0.933658030503779,0.356050714271302,0
AZC5T_64,2.11440230822571,8.97,5.320519403293e-05,0.933658030503779,-2.00784001256793,0
AZC5T_80,1.76115605330583,22.19,0.00076152623358292,0.933658030503779,-0.0855651814936074,0
AZC5T_87,0.491961519248504,3.66,1.091583751338e-05,0.933658030503779,-1.10861400648681,0
AZC5T_98,0.715516577626384,8.38,1.772812824832e-05,0.933658030503779,-0.418103052761398,0
AZC5T_119,0.38886957644636,15.79,0.00064606246934508,0.933658030503779,-0.274815051007714,0
AZC5T_122,0.381910075439406,20.55,0.00053822334675743,0.933658030503779,-0.654653036060506,0
AZC7E_16,0.783589275933968,8.68,2.495925103853e-05,0.933658030503779,-0.531529430038256,0
AZC7E_29,0.981816680944068,17.54,0.00033188815579343,0.933658030503779,-1.07978323413639,0
AZC7E_45,1.72378646179046,15.88,0.0001515708187925,0.933658030503779,0.213766654188894,0
AZC7E_51,0.540983139624683,15.64,0.00117410478431968,0.933658030503779,-0.654044378202257,0
AZC7E_57,0.584862468712359,14.48,0.00015242645091228,0.933658030503779,0.155449144026753,0
AZC7E_59,0.310310975377541,6.4,0.00056502560842666,0.933658030503779,0.132083945157835,0
AZC7E_64,2.05312299914956,21.58,0.00106005513067091,0.933658030503779,-0.842896650663121,0
AZC7E_69,0.474610025602021,16.71,0.00069083307262408,0.933658030503779,-0.665757753857479,0
AZC7E_82,0.502257339425005,7.01,3.569832935123e-05,0.933658030503779,-2.51092218574108,0
AZC7E_114,0.703097495955004,18.14,0.00116392441079665,0.933658030503779,-0.279724200351534,0
AZC9C_18,4.99296207918525,23.31,0.00100439057373854,0.933658030503779,-0.0945025641227148,0
AZC9C_32,1.24037442571043,23.45,0.00051934918986836,0.933658030503779,-0.537569612725254,0
AZC9C_53,0.620069100809062,7.05,9.434033223785e-05,0.933658030503779,-1.32901287088193,0
AZC9C_54,2.7167095275209,14.69,0.00088909981837736,0.933658030503779,-3.01141169162381,0
AZC9C_61,0.635223537850563,8.18,9.5776890933e-07,0.933658030503779,-0.44152615913629,0
AZC9C_75,6.67085628474302,22.54,0.00158640020721735,0.933658030503779,-0.718275903829212,0
AZC9C_86,0.422851418513443,18.42,0.00025688410499602,0.933658030503779,-0.375455631996239,0
AZC9C_95,3.06402350685598,14.8,1.267114218655e-05,0.933658030503779,0.321974924282813,0
AZC9C_96,0.401496827365912,3.02,1.742092919471e-05,0.933658030503779,-1.12005990465728,0
AZC9C_112,0.71092039276046,13.06,0.00024600071648101,0.933658030503779,0.447527177939095,0
AZC3J_43,0.500187193319609,16.3,0.00038586240153674,1.18307232453375,-0.332122962685476,0
AZC3J_58,0.886964534584182,14.79,0.00024261049475745,1.18307232453375,2.43563984728123,0
AZC3J_76,0.411039980449136,20.87,0.00014828047332624,1.18307232453375,2.53439252373341,0
AZC3J_90,1.36573519170926,13.31,0.00066678659499828,1.18307232453375,0.384750249447246,0
AZC5T_8,1.15012463368994,14.76,0.00018668446444097,1.18307232453375,-0.166903900327683,0
AZC5T_9,0.386095920905464,13.75,0.00011538298291394,1.18307232453375,-0.359719528605979,0
AZC5T_32,0.370846164195281,2.76,1.817515887813e-05,1.18307232453375,0.751959305806959,0
AZC5T_34,0.43738530864004,21.12,0.00017269438890588,1.18307232453375,2.22010518756995,0
AZC5T_39,0.616337976885845,10.49,2.817269553943e-05,1.18307232453375,2.80876398364472,0
AZC5T_41,0.54810919714218,3.55,1.764400832152e-05,1.18307232453375,0.0379166697601308,0
AZC5T_51,0.464012226306744,4.43,7.37999751193e-05,1.18307232453375,-1.38145974878686,0
AZC5T_66,0.590392302433616,11.55,6.0234914995e-07,1.18307232453375,6.75629978956465,0
AZC5T_68,0.479760152425573,17.03,0.00023615889559002,1.18307232453375,-0.47373719703013,0
AZC5T_78,0.783492058962142,16.06,0.00072640657315902,1.18307232453375,-0.427911740861227,0
AZC5T_93,1.84840110827729,23.45,0.00061449722710546,1.18307232453375,1.63685938176097,0
AZC5T_94,0.593962292594921,22.81,0.00012235884108673,1.18307232453375,1.9119206461454,0
AZC5T_97,0.645753889224626,22.38,0.00060559849060014,1.18307232453375,1.63079654713491,0
AZC5T_104,3.38708035814687,16.3,0.000773807088815,1.18307232453375,0.331777898630627,0
AZC5T_107,1.10046254577203,22.04,0.00076532717841376,1.18307232453375,1.52091086916589,0
AZC5T_108,0.66498489474191,3.76,8.2712438865e-06,1.18307232453375,0.0767597630329852,0
AZC5T_109,6.29135494007532,19.28,0.000335381173549,1.18307232453375,3.40873631531338,1
AZC5T_120,14.4004392285631,7.44,4.78363799133e-06,1.18307232453375,-0.924118685164964,0
AZC7E_2,10.6578182784667,14.37,6.559602839283e-05,1.18307232453375,4.70288027373973,1
AZC7E_3,6.47498459624726,19.96,5.809997544172e-05,1.18307232453375,5.42383550251123,1
AZC7E_12,8.10707796297867,22.55,0.00039434350256368,1.18307232453375,2.72872058185298,1
AZC7E_13,0.526726885281718,15.38,8.526948271182e-05,1.18307232453375,0.140120597161554,0
AZC7E_15,15.5563679860145,14.76,0.00019185222419336,1.18307232453375,-0.288744766266257,0
AZC7E_17,1.32443767072654,20.67,6.19415561556e-05,1.18307232453375,4.05392897054112,0
AZC7E_23,3.12627302341765,22.38,0.00037101514348834,1.18307232453375,3.77056912612856,1
AZC7E_24,1.08331600700717,13.79,0.00011535342649201,1.18307232453375,-0.147062721432913,0
AZC7E_26,1.28614067941943,20.08,9.227387426702e-05,1.18307232453375,4.77834101331706,1
AZC7E_32,3.3202335408801,19.9,0.00011311789471717,1.18307232453375,4.53441167889037,1
AZC7E_36,1.711450875105,22.18,6.456086096545e-05,1.18307232453375,4.0293206019868,0
AZC7E_37,3.54747796367605,21.29,0.00010179555078291,1.18307232453375,4.57734494160383,1
AZC7E_38,7.80287954936616,18.86,0.00010466183022742,1.18307232453375,5.51355167527056,1
AZC7E_39,1.657095262751,20.88,1.079515067303e-05,1.18307232453375,6.61368211669855,1
AZC7E_42,9.62893524992175,10.55,0.00017201798590736,1.18307232453375,-0.138248705866016,0
AZC7E_48,1.21197020962174,18.38,3.438520673193e-05,1.18307232453375,2.29786071175411,0
AZC7E_55,0.760241432813792,4.12,0.00050392882871645,1.18307232453375,-0.656346114284541,0
AZC7E_58,1.82278818538823,21.6,0.00017147248965891,1.18307232453375,4.27234722290757,1
AZC7E_61,1.32446759731542,21.2,0.00011972998019517,1.18307232453375,3.66018756724489,0
AZC7E_62,0.960432421531279,14.3,0.00048046913995683,1.18307232453375,0.947214460299899,0
AZC7E_68,4.73833289064188,20.96,0.00019527310031032,1.18307232453375,3.89723371288711,1
AZC7E_71,0.655071872527933,21.32,9.656636238222e-05,1.18307232453375,2.36647638935962,0
AZC7E_73,8.05838406656078,21.16,0.00048747929788455,1.18307232453375,3.40280098672772,1
AZC7E_76,0.530343617212903,15.75,5.24800155231e-05,1.18307232453375,0.376284008438968,0
AZC7E_77,0.367046906004667,16.65,0.00019560912086784,1.18307232453375,-0.34334019623361,0
AZC7E_79,1.96293625148105,18.15,0.00031806653602812,1.18307232453375,3.09750699869088,1
AZC7E_80,3.86052107242398,15.31,3.731148719713e-05,1.18307232453375,0.078140700348499,0
AZC7E_81,1.63680787564137,21.22,0.00021809345728848,1.18307232453375,2.59726402116146,0
AZC7E_84,1.00434993835508,20.59,2.101928497169e-05,1.18307232453375,5.42749497635061,0
AZC7E_87,1.09669529687225,14.5,2.19655413388e-06,1.18307232453375,8.38212975689192,1
AZC7E_88,0.613625900944887,19.65,6.225030816459e-05,1.18307232453375,3.73758292814252,0
AZC7E_89,5.25556875060192,19.95,8.202274114522e-05,1.18307232453375,5.57636544226174,1
AZC7E_90,1.09881159549128,21.2,7.213435767869e-05,1.18307232453375,3.44551272687968,0
AZC7E_91,1.21681132440644,8.97,0.00017081431064698,1.18307232453375,-0.144816415122603,0
AZC7E_93,1.07611430457275,17.2,6.6552622086e-07,1.18307232453375,6.74596102920468,0
AZC7E_94,0.68014538722809,21.76,1.625373610424e-05,1.18307232453375,4.58989371246082,0
AZC7E_95,0.80843286700931,20.57,9.29405583901e-06,1.18307232453375,6.5815318931986,1
AZC7E_96,1.84272855375949,9.89,1.05363320832e-06,1.18307232453375,6.94289806873604,0
AZC7E_97,1.75381108763134,13.85,0.00012432852785786,1.18307232453375,-0.284799076346248,0
AZC7E_101,1.65691577319369,20.22,0.00029940302666701,1.18307232453375,3.80966633388968,1
AZC7E_104,4.54024796149666,18.27,4.837272466822e-05,1.18307232453375,5.7491977934447,1
AZC7E_105,4.30992028411688,16.42,3.390832354699e-05,1.18307232453375,2.34797195615688,0
AZC7E_106,4.67424340079999,20.5,9.25750093416e-06,1.18307232453375,4.17403633533186,0
AZC7E_109,1.80849138355558,22.18,0.00075354307823156,1.18307232453375,1.91537598171627,0
AZC7E_111,2.04769899955397,15.12,8.505588693178e-05,1.18307232453375,3.67217512823886,0
AZC7E_113,15.320720146102,18.45,9.812503550083e-05,1.18307232453375,6.57430454076254,1
AZC7E_115,0.505474361250814,12.02,1.42225137531e-06,1.18307232453375,0.310446171203786,0
AZC9C_14,1.84624733690974,4.13,6.732999396402e-05,1.18307232453375,1.24133856086646,0
AZC9C_27,0.560922653800227,13.3,0.00016867269819825,1.18307232453375,-0.510441078616896,0
AZC9C_29,1.49521630988489,14.05,0.00028037472636405,1.18307232453375,-0.165376720064705,0
AZC9C_40,0.666900703272501,21.85,0.00080924916066755,1.18307232453375,1.24360487964656,0
AZC9C_57,0.619269472334118,10.49,3.455497939882e-05,1.18307232453375,2.6245906053704,0
AZC9C_71,1.74168577725768,9.89,1.4977839211e-06,1.18307232453375,6.71922849282318,0
AZC9C_88,2.78367620187426,22.18,0.00082916428849129,1.18307232453375,2.15908457274811,1
AZC9C_93,0.285671233683971,14.45,0.00046200173256472,1.18307232453375,-0.409748239578961,0
AZC9C_102,0.646694863691582,15.35,0.00018039119857343,1.18307232453375,-0.146939261155422,0
AZC9C_106,4.51349943220351,10.69,1.16954309163e-06,1.18307232453375,0.310446170902716,0
AZC9C_113,0.554393878193497,15.95,0.00089882173854682,1.18307232453375,-0.339444528149328,0
AZC9C_116,1.29915565468661,15.56,0.00112839614279485,1.18307232453375,-0.407482444780635,0
AZC3J_21,0.296288023455549,15,0.00069201373353875,1.14704833920744,-0.721179504342376,0
AZC3J_32,1.32715822138494,21.22,1.518258486313e-05,1.14704833920744,5.70854878816053,0
AZC3J_43,0.449522726028038,16.3,0.00033754488166563,1.14704833920744,-0.258682106145072,0
AZC3J_55,0.575936020468358,8.96,7.16152023533e-06,1.14704833920744,-1.43530550206732,0
AZC3J_58,0.830103744631526,14.79,0.00110621638794507,1.14704833920744,-0.72260136657953,0
AZC3J_74,4.2010774373493,21.95,1.830985156832e-05,1.14704833920744,6.70412114136689,1
AZC3J_76,0.3990444199937,20.87,5.0401806011e-07,1.14704833920744,8.04228506834306,0
AZC3J_79,1.56732712527207,3.32,8.00120255213e-06,1.14704833920744,0.874279887242999,0
AZC3J_88,0.991823858285159,21.87,4.747735581284e-05,1.14704833920744,4.16184820301574,0
AZC3J_90,1.23639798735159,13.31,0.0001064624172572,1.14704833920744,0.221620904211595,0
AZC3J_91,0.245460313372377,14.65,0.00119367797045984,1.14704833920744,-0.410749433120352,0
AZC5T_8,1.08207563583418,14.76,0.00025670200250527,1.14704833920744,-0.39996627397067,0
AZC5T_9,0.352000137897741,13.75,0.00032617387175081,1.14704833920744,-0.172959079706649,0
AZC5T_21,0.244739209687051,13.42,0.0003306412653281,1.14704833920744,-0.447156195031942,0
AZC5T_32,0.403939696533862,2.76,1.451021299957e-05,1.14704833920744,0.236048455571252,0
AZC5T_39,0.602509695925202,10.49,0.00022283577621433,1.14704833920744,0.179220689014809,0
AZC5T_41,0.645820763446683,3.55,4.52526951169e-06,1.14704833920744,0.542994695811515,0
AZC5T_68,0.561122080472754,17.03,0.00033522387792469,1.14704833920744,0.0638286281862686,0
AZC5T_69,0.507406350637677,16.7,0.00032621484666724,1.14704833920744,-0.421961734704581,0
AZC5T_78,0.743779756955781,16.06,0.00062049058908558,1.14704833920744,0.091372918081401,0
AZC5T_94,0.677172347557411,22.81,8.647199498779e-05,1.14704833920744,2.51368094656559,0
AZC5T_97,0.734884400875829,22.38,1.24510791422e-06,1.14704833920744,7.3073757644281,0
AZC5T_106,1.10773123130817,18.45,3.53445356841e-06,1.14704833920744,7.49007731886131,1
AZC5T_107,0.990597455157183,22.04,0.00011717384997211,1.14704833920744,4.11269570258112,1
AZC5T_108,0.776727327445879,3.76,4.97709419142e-06,1.14704833920744,0.39139744144217,0
AZC5T_109,6.06718870356636,19.28,0.00083767916473582,1.14704833920744,2.66163263035371,1
AZC5T_120,13.9530966182041,7.44,0.00097782626381384,1.14704833920744,-5.33448566795202,0
AZC7E_2,10.2411837288445,14.37,1.274034431666e-05,1.14704833920744,7.62416445543221,1
AZC7E_3,6.38722973070531,19.96,3.8064985658e-07,1.14704833920744,9.21191209797625,1
AZC7E_4,1.13451557124919,15.54,2.65189470091e-06,1.14704833920744,7.98240867583831,1
AZC7E_12,8.01884044913076,22.55,0.00046874805279631,1.14704833920744,3.02388231961343,1
AZC7E_13,0.499091273312654,15.38,0.0001128445369695,1.14704833920744,-0.294055524265366,0
AZC7E_15,15.810774267963,14.76,0.00022220257330378,1.14704833920744,1.01082469676272,0
AZC7E_17,1.15998551431856,20.67,0.00014685839670414,1.14704833920744,4.01474446942603,1
AZC7E_23,2.96199569995454,22.38,5.8907559473e-07,1.14704833920744,8.64753389058843,1
AZC7E_24,1.02036962158711,13.79,0.00019343296144161,1.14704833920744,-0.402030437364667,0
AZC7E_25,5.66380820933694,21.26,4.50734259353e-05,1.14704833920744,6.12135640256624,1
AZC7E_26,1.46324310780035,20.08,2.753824629e-07,1.14704833920744,9.58434276893489,1
AZC7E_32,2.98951825748838,19.9,7.3687175571e-07,1.14704833920744,8.04840881800725,0
AZC7E_34,0.281463216322203,13.03,0.00027398309759361,1.14704833920744,-0.35141999132775,0
AZC7E_36,1.43556338138959,22.18,1.190786978035e-05,1.14704833920744,6.12508112780612,0
AZC7E_37,3.73029580208367,21.29,1.09309365485e-06,1.14704833920744,7.94401461224361,1
AZC7E_38,7.66021212822963,18.86,9.4951559226e-07,1.14704833920744,9.26375508136712,1
AZC7E_39,1.63682421903515,20.88,8.6234900844e-07,1.14704833920744,8.22943605637946,1
AZC7E_42,8.3663075033394,10.55,0.00059942590168441,1.14704833920744,-1.15558763571296,0
AZC7E_48,1.28906663064251,18.38,1.01225421862e-06,1.14704833920744,4.95521084703402,0
AZC7E_54,12.0290531272414,20.95,3.178567650712e-05,1.14704833920744,7.48233863348497,1
AZC7E_58,1.66412709414388,21.6,2.9348327277e-07,1.14704833920744,8.97199673196779,1
AZC7E_60,1.74607457912976,20.98,2.73906128472e-06,1.14704833920744,7.42805605242524,0
AZC7E_61,1.18053380125658,21.2,5.753470254017e-05,1.14704833920744,5.28938178874139,1
AZC7E_62,0.947999079010466,14.3,0.00045212540216243,1.14704833920744,-0.143579449868563,0
AZC7E_68,4.52300111019264,20.96,4.771618887263e-05,1.14704833920744,5.49856146141296,1
AZC7E_70,11.0825628569295,19.64,2.64978565171e-06,1.14704833920744,8.3897697543585,1
AZC7E_76,0.619177804726466,15.75,0.00065502525615425,1.14704833920744,0.0874395459573142,0
AZC7E_77,0.332223149059372,16.65,0.0002393456995615,1.14704833920744,-0.11273611481163,0
AZC7E_79,1.7405874885588,18.15,1.64521207348e-05,1.14704833920744,6.04630855880292,1
AZC7E_80,3.67641023902507,15.31,4.072793610592e-05,1.14704833920744,0.26021715080887,0
AZC7E_84,0.903922839211084,20.59,5.0612710931e-07,1.14704833920744,7.35612282131816,0
AZC7E_87,1.1643032607216,14.5,3.5833094833e-07,1.14704833920744,9.12575309655583,1
AZC7E_88,0.590823996544655,19.65,1.20257914692e-06,1.14704833920744,6.87255094801447,0
AZC7E_89,5.0913621356036,19.95,7.7940052302e-07,1.14704833920744,9.65424788620291,1
AZC7E_91,1.1249391912126,8.97,0.00033781766065187,1.14704833920744,-1.07229706305169,0
AZC7E_93,1.07963174714856,17.2,0.00010588618102374,1.14704833920744,4.09773236551812,0
AZC7E_94,0.629986713101977,21.76,1.563686637545e-05,1.14704833920744,5.18959762389666,0
AZC7E_95,0.913704111652864,20.57,6.964520376e-07,1.14704833920744,8.00916224105301,0
AZC7E_97,1.62991946014927,13.85,0.00013969456000469,1.14704833920744,-0.341822841097839,0
AZC7E_101,1.80589494750501,20.22,3.3601204007e-07,1.14704833920744,9.78021601286404,1
AZC7E_104,4.13977757358176,18.27,5.2633696837e-07,1.14704833920744,9.49446632310041,1
AZC7E_105,4.11254855752369,16.42,3.53744101563e-05,1.14704833920744,2.63209915113428,0
AZC7E_106,3.8341363646467,20.5,2.120829761019e-05,1.14704833920744,1.88708484228711,0
AZC7E_109,1.6504908894041,22.18,7.947741507349e-05,1.14704833920744,4.39135499454265,0
AZC7E_113,15.5032687900588,18.45,5.580666705778e-05,1.14704833920744,7.22738982856578,1
AZC7E_115,0.42596772578389,12.02,1.445449708759e-05,1.14704833920744,0.626140435868475,0
AZC7E_116,0.737149996621459,6.12,7.6917275187e-06,1.14704833920744,5.36575799376615,0
AZC9C_6,3.28784812637496,22.55,2.11378407026e-06,1.14704833920744,8.24032068178783,1
AZC9C_7,10.4381411947596,22.1,2.21061526715e-06,1.14704833920744,9.09155723826786,1
AZC9C_14,1.79009194876573,4.13,5.93926407886e-06,1.14704833920744,1.76909013326698,0
AZC9C_25,0.569164628142421,22.61,0.00026334390540085,1.14704833920744,2.20207030329632,0
AZC9C_27,0.524061906245098,13.3,0.00020496611603194,1.14704833920744,0.00990647237550798,0
AZC9C_29,1.33207863302804,14.05,0.00011098803455229,1.14704833920744,-0.222298014939292,0
AZC9C_40,0.631378537631804,21.85,3.53656261761e-06,1.14704833920744,6.27013494720121,0
AZC9C_57,0.605492726751379,10.49,0.0002102181045344,1.14704833920744,0.371003655326115,0
AZC9C_68,7.10994649115604,22.38,0.00046391787413297,1.14704833920744,3.74865436059839,1
AZC9C_88,2.50914492295097,22.18,1.110070383438e-05,1.14704833920744,6.77871571016658,1
AZC9C_102,0.636280253083009,15.35,0.00024982796382971,1.14704833920744,-0.597934175933484,0
AZC9C_106,4.15472665242827,10.69,1.43121474412e-06,1.14704833920744,0.0758233482004805,0
AZC9C_113,0.64539427160431,15.95,0.00075950796550799,1.14704833920744,0.68962754561193,0
AZC9C_116,1.23626118919083,15.56,0.00107983137673429,1.14704833920744,-0.0304151584219033,0
AZC3J_21,0.295728176337499,15,0.00030988218599172,1.07105596195689,1.67932260446133,0
AZC3J_32,1.37702786259371,21.22,0.00073954887794301,1.07105596195689,1.06865649748655,0
AZC3J_43,0.39925772173949,16.3,0.00021456540987892,1.07105596195689,-0.0204740469246762,0
AZC3J_58,0.791931567572409,14.79,0.00061777955981238,1.07105596195689,-0.0792734979913235,0
AZC3J_88,0.912551533711781,21.87,0.00072505644141146,1.07105596195689,0.734572966237933,0
AZC3J_90,1.28921886266774,13.31,0.00018930236601308,1.07105596195689,-0.742204716505598,0
AZC5T_9,0.30223551608948,13.75,0.00025211106378673,1.07105596195689,1.61541462520955,0
AZC5T_21,0.281299282749764,13.42,0.00024210207970338,1.07105596195689,1.82478467030088,0
AZC5T_32,0.416521845576477,2.76,1.22187695921e-05,1.07105596195689,-1.34702237920461,0
AZC5T_34,0.509411087518134,21.12,0.00010718085154599,1.07105596195689,2.04308595789609,0
AZC5T_39,0.475982935666863,10.49,0.00022761684118216,1.07105596195689,-1.03137546047356,0
AZC5T_41,0.545271213266961,3.55,0.0003079026681459,1.07105596195689,-2.83002173048506,0
AZC5T_51,0.43808794064854,4.43,0.0001081212444489,1.07105596195689,-1.541175494895,0
AZC5T_106,1.20655332440849,18.45,0.00010909979700598,1.07105596195689,2.87061552307763,0
AZC5T_108,0.631233278546648,3.76,4.982715182797e-05,1.07105596195689,-0.0459844250939396,0
AZC7E_2,8.07695585581993,14.37,0.00019121495948394,1.07105596195689,2.94486527793037,0
AZC7E_3,5.69575021957803,19.96,5.42082153122e-05,1.07105596195689,5.67920450051064,1
AZC7E_4,1.25032332835238,15.54,2.031047293731e-05,1.07105596195689,4.51806016229993,0
AZC7E_13,0.537182611045591,15.38,7.530157805119e-05,1.07105596195689,0.453146935810405,0
AZC7E_17,1.23714925368866,20.67,0.00055391397065063,1.07105596195689,1.35426725870468,0
AZC7E_23,2.39045306259133,22.38,0.00017391274503946,1.07105596195689,1.95789355713759,0
AZC7E_24,0.799937365590235,13.79,0.00013797420975303,1.07105596195689,0.528631020587508,0
AZC7E_26,1.31419239123617,20.08,0.00011572686117041,1.07105596195689,3.6042223424278,1
AZC7E_32,2.61533699034642,19.9,4.399396208054e-05,1.07105596195689,3.75834430648576,0
AZC7E_34,0.290896574767774,13.03,0.00020814388096341,1.07105596195689,1.72427281158807,0
AZC7E_36,1.79677795350113,22.18,0.00017796032627442,1.07105596195689,2.9276323796336,0
AZC7E_37,4.70106733667183,21.29,0.00014870720329463,1.07105596195689,3.20547552201044,0
AZC7E_38,6.76601658011564,18.86,0.00018195514037504,1.07105596195689,4.52890489077979,1
AZC7E_42,7.81911491827607,10.55,0.00024696781752979,1.07105596195689,-1.32794823541876,0
AZC7E_48,1.20418375254794,18.38,0.00050422248911282,1.07105596195689,-0.574433824462093,0
AZC7E_55,0.713442569316278,4.12,0.00020698820307738,1.07105596195689,-0.662498355088341,0
AZC7E_58,1.47057876258997,21.6,6.974960829934e-05,1.07105596195689,4.64316795642467,1
AZC7E_62,0.81179784568788,14.3,0.00021729920288549,1.07105596195689,0.0328211749483079,0
AZC7E_68,3.95610459018609,20.96,0.00044947383036065,1.07105596195689,2.7946527074645,1
AZC7E_71,0.712310835504356,21.32,0.00015285625243243,1.07105596195689,2.15286246623689,0
AZC7E_72,0.410095304737227,16.74,3.4345710325e-07,1.07105596195689,1.32292732351961,0
AZC7E_76,0.44487402138759,15.75,0.0006049569225109,1.07105596195689,0.293585601542502,0
AZC7E_79,2.21975074655057,18.15,6.371535218905e-05,1.07105596195689,4.26719949949475,1
AZC7E_80,3.29334732501136,15.31,3.180648161254e-05,1.07105596195689,-0.0501347271632704,0
AZC7E_81,1.59323791531861,21.22,0.00020869854302364,1.07105596195689,2.41386834880782,0
AZC7E_84,0.970624682830258,20.59,5.842440028446e-05,1.07105596195689,3.20727319456107,0
AZC7E_87,1.08227843077116,14.5,1.715027869084e-05,1.07105596195689,5.60506597963779,1
AZC7E_88,0.682483625204296,19.65,0.00019327291159953,1.07105596195689,2.05410310034769,0
AZC7E_90,0.90796373061134,21.2,0.00031528922693958,1.07105596195689,1.48508772374546,0
AZC7E_91,1.17746704650314,8.97,0.00038294319429073,1.07105596195689,-1.56108774195612,0
AZC7E_93,0.88705108968472,17.2,0.00031982500302111,1.07105596195689,1.76753293535825,0
AZC7E_94,0.567169525909468,21.76,0.00013506750786324,1.07105596195689,2.15186907195625,0
AZC7E_95,0.647173536442946,20.57,2.874284288184e-05,1.07105596195689,3.86412348630794,0
AZC7E_97,1.29644227982915,13.85,0.00059608168114203,1.07105596195689,-0.14943658843375,0
AZC7E_101,1.56276607247831,20.22,3.349915747409e-05,1.07105596195689,5.07567069985455,1
AZC7E_104,3.43996126278761,18.27,4.006466681191e-05,1.07105596195689,4.21749382171732,0
AZC7E_105,3.68015344133494,16.42,0.00019154576725003,1.07105596195689,-0.472660614035638,0
AZC7E_106,3.1351042181839,20.5,6.717494905674e-05,1.07105596195689,0.392168464573802,0
AZC7E_111,1.66894186369598,15.12,0.00030669104376168,1.07105596195689,2.44436784942072,0
AZC7E_113,13.8066592241351,18.45,0.00057269721249867,1.07105596195689,4.70687651627927,1
AZC7E_115,0.40337363239671,12.02,3.56605219752e-06,1.07105596195689,-0.691800296807507,0
AZC7E_116,0.806238837077901,6.12,8.6101025146e-07,1.07105596195689,5.82431612257324,0
AZC9C_14,1.59518078968081,4.13,0.0001257650602141,1.07105596195689,-0.0957604336505126,0
AZC9C_25,0.517550009728863,22.61,0.00039691330170657,1.07105596195689,1.36811843592133,0
AZC9C_27,0.390156302550105,13.3,0.00025993406005395,1.07105596195689,1.58330478838625,0
AZC9C_34,0.53603823455066,13.28,0.00035216681788733,1.07105596195689,-5.7180464681888,0
AZC9C_57,0.477453771295813,10.49,0.0002368002182234,1.07105596195689,-1.01998979875422,0
AZC9C_88,3.41796529903439,22.18,0.0007637905769714,1.07105596195689,1.982799220522,1
AZC9C_102,0.510133321062861,15.35,0.00011311880458085,1.07105596195689,0.607207361351916,0
