"assembly","mouse","baseMean","fold_change","significance","mean_d0_abundance","mean_d5_abundance","type","colonization"
"AZC3J_1","AZC3J",1010.78035508154,1.01587772871699,"no significant difference",0.00100544304347056,0.00105401727056764,"foreign","non-colonized"
"AZC3J_13","AZC3J",1282.84498534795,0.509522795337181,"no significant difference",0.00169425379545655,0.000842156231394634,"native","stable"
"AZC3J_18","AZC3J",6990.61018181065,1.33922919288311,"no significant difference",0.00596584015022336,0.00825088909932405,"native","stable"
"AZC3J_20","AZC3J",146.358533494202,1.29499957294469,"no significant difference",0.000127235911937331,0.000169031063083489,"foreign","non-colonized"
"AZC3J_21","AZC3J",696.674477360155,0.370162462319568,"no significant difference",0.0010055084845349,0.000389454071427626,"foreign","non-colonized"
"AZC3J_25","AZC3J",2.74558194548271,0.813921431426239,"no significant difference",0.00000214736444992342,0.00000133152917920816,"foreign","non-colonized"
"AZC3J_26","AZC3J",208.0098686478,1.34959786477123,"no significant difference",0.000175216324876695,0.000250421321129662,"foreign","non-colonized"
"AZC3J_28","AZC3J",1886.92437067889,0.156939316465284,"no significant difference",0.00330568584600127,0.000504544469066674,"native","stable"
"AZC3J_3","AZC3J",922.511808151845,1.74296651443419,"no significant difference",0.000666819671952411,0.00122470221040605,"native","stable"
"AZC3J_31","AZC3J",284.489709778314,1.1637440575735,"no significant difference",0.000263074953458612,0.000316999141048433,"foreign","non-colonized"
"AZC3J_32","AZC3J",996.02765114668,1.99968675739148,"significantly increased",0.00065942580121141,0.00135654486337723,"foreign","non-colonized"
"AZC3J_34","AZC3J",3187.19289672225,1.2222702719507,"no significant difference",0.00286417734518053,0.00364531931661953,"native","stable"
"AZC3J_45","AZC3J",560.457829212734,0.63443111770793,"no significant difference",0.000681535111498401,0.000427251439718867,"foreign","non-colonized"
"AZC3J_46","AZC3J",1238.12005470626,1.03665135754122,"no significant difference",0.00121009277941574,0.00126444442731765,"native","stable"
"AZC3J_49","AZC3J",710.325697842362,1.4166206030479,"no significant difference",0.000588141053464357,0.000819594296383211,"foreign","non-colonized"
"AZC3J_51","AZC3J",1.24673887282985,0.651137462225793,"no significant difference",0.000000335830814837664,0.000000351178090575269,"native","stable"
"AZC3J_55","AZC3J",942.301639945836,0.200791512473277,"significantly decreased",0.00155546574943513,0.000317108913241629,"native","unstable"
"AZC3J_56","AZC3J",155.544033780992,1.4973003955874,"no significant difference",0.000123893988344971,0.00018640245876378,"foreign","non-colonized"
"AZC3J_57","AZC3J",738.710937515832,0.581046356133469,"no significant difference",0.000937288234479716,0.000524089620250204,"foreign","non-colonized"
"AZC3J_59","AZC3J",205.500547003676,0.798794523210973,"no significant difference",0.000228923549337085,0.000190837994627549,"foreign","non-colonized"
"AZC3J_6","AZC3J",612.928702884927,0.814695350208267,"no significant difference",0.000669572131891691,0.000528050998338616,"foreign","non-colonized"
"AZC3J_60","AZC3J",37.4986706847728,0.463694442912126,"no significant difference",0.0000496311240382231,0.0000232792263903041,"foreign","non-colonized"
"AZC3J_61","AZC3J",915.892876995786,1.75943142626416,"no significant difference",0.000658985950175477,0.00124059575621098,"foreign","non-colonized"
"AZC3J_64","AZC3J",1108.15189562523,1.27015195409068,"no significant difference",0.000969069473283786,0.00121427660155831,"native","stable"
"AZC3J_71","AZC3J",258.303969410043,1.28447342727835,"no significant difference",0.000225959487683621,0.00029069879240303,"foreign","non-colonized"
"AZC3J_73","AZC3J",547.480406040685,0.536602709268901,"no significant difference",0.00071532195586752,0.000391885174745799,"native","stable"
"AZC3J_74","AZC3J",3349.07476926828,1.64762871246467,"significantly increased",0.00252380898325691,0.00422159572748441,"native","stable"
"AZC3J_76","AZC3J",7978.40328988571,0.982797329727942,"no significant difference",0.00800388202740751,0.00822064633030032,"native","stable"
"AZC3J_77","AZC3J",727.384390201112,0.890884451816256,"no significant difference",0.0007677162830066,0.000701991486999867,"foreign","non-colonized"
"AZC3J_79","AZC3J",1367.73851328842,0.0306318661838431,"significantly decreased",0.00268647514069496,0.0000795701064909689,"native","unstable"
"AZC3J_80","AZC3J",7158.78444836215,2.40432358686278,"no significant difference",0.00428288273834426,0.0101348518936013,"native","stable"
"AZC3J_81","AZC3J",953.857679818004,0.730961206831653,"significantly decreased",0.00109937212892725,0.0008269672960699,"native","unstable"
"AZC3J_82","AZC3J",473.877049791788,1.11427634084061,"no significant difference",0.000446999945724803,0.000511611627215828,"foreign","non-colonized"
"AZC3J_87","AZC3J",7988.27895334946,0.424201489346636,"significantly decreased",0.0112442490160601,0.00482461689887544,"native","unstable"
"AZC3J_88","AZC3J",747.193459968643,1.63887588869389,"significantly increased",0.000563227296727853,0.000950996039351917,"foreign","non-colonized"
"AZC3J_9","AZC3J",506.41979074339,1.19897050533571,"no significant difference",0.000462046806313401,0.000549962984391635,"foreign","non-colonized"
"AZC3J_91","AZC3J",1226.41091958792,1.23633301849399,"no significant difference",0.00109632088622123,0.00141899002182669,"native","stable"
"AZC3J_95","AZC3J",4.72579717860145,1.67435197611032,"no significant difference",0.00000288924927240633,0.00000476610220605485,"foreign","non-colonized"
"AZC3J_99","AZC3J",1476.45972022301,0.677421892094584,"no significant difference",0.00175943346509025,0.00118249014773702,"native","stable"
"AZC5T_104","AZC5T",1676.16793251071,0.275081869909995,"significantly decreased",0.00264237602643875,0.000737082949579273,"native","unstable"
"AZC5T_106","AZC5T",7130.2901041129,162.528878256801,"significantly increased",0.0000860311164234835,0.0143752749580729,"foreign","colonized"
"AZC5T_107","AZC5T",8823.03094994101,0.992908394285624,"no significant difference",0.00880638637180472,0.00912600259474394,"native","stable"
"AZC5T_109","AZC5T",1570.1303232745,1.20371244518063,"no significant difference",0.0014161195048124,0.00176422939941378,"native","stable"
"AZC5T_115","AZC5T",1.49188537956832,0.488353318398782,"no significant difference",0.000000791134271024419,0.000000303504040723849,"foreign","non-colonized"
"AZC5T_119","AZC5T",981.081704445807,1.75045304028167,"no significant difference",0.00070602908171817,0.00130953367173306,"native","stable"
"AZC5T_120","AZC5T",366.692854721379,0.0388782880581084,"significantly decreased",0.000701488978365783,0.0000270938308575991,"native","unstable"
"AZC5T_122","AZC5T",1208.89995476276,0.962995581024509,"no significant difference",0.00122530459711628,0.00121282463788975,"native","stable"
"AZC5T_14","AZC5T",2666.18357911506,3.6452894170936,"no significant difference",0.00114185916644924,0.00454236920996177,"native","stable"
"AZC5T_19","AZC5T",5389.07143541553,1.29545291966421,"no significant difference",0.00466456820779676,0.00595852745191639,"native","stable"
"AZC5T_21","AZC5T",560.961993594882,0.315108730071813,"no significant difference",0.000842987080846187,0.000277082468097717,"foreign","non-colonized"
"AZC5T_22","AZC5T",1853.18127098173,0.158162563991564,"no significant difference",0.00324287289910422,0.000499454681161553,"native","stable"
"AZC5T_26","AZC5T",1124.51808625874,0.968774870366661,"no significant difference",0.00113746857993351,0.0011084994052306,"native","stable"
"AZC5T_30","AZC5T",1170.60743422108,4.57880664184462,"significantly increased",0.000418844163186285,0.00191610873490827,"native","stable"
"AZC5T_37","AZC5T",1590.67910739024,1.08033133212819,"no significant difference",0.00152256949603905,0.00170470370376,"native","stable"
"AZC5T_38","AZC5T",1638.62079179292,1.19212580721083,"no significant difference",0.00149247755687709,0.00185144396376846,"native","stable"
"AZC5T_44","AZC5T",5302.93295388571,2.10413300361743,"no significant difference",0.00345684180056107,0.00685767924080504,"native","stable"
"AZC5T_57","AZC5T",1129.06429490651,0.617120719585586,"no significant difference",0.0014000214614689,0.000910381976110053,"native","stable"
"AZC5T_64","AZC5T",1282.69972063247,0.759336886166505,"no significant difference",0.00144219265982545,0.00107843217918414,"native","stable"
"AZC5T_66","AZC5T",5217.35717615518,1.10045390558828,"no significant difference",0.00498595863903471,0.00550064860822418,"native","stable"
"AZC5T_67","AZC5T",32.2064122756198,0.282945329107679,"no significant difference",0.0000485792222399992,0.0000135898843036564,"foreign","non-colonized"
"AZC5T_68","AZC5T",4689.88521835094,2.5309866586067,"no significant difference",0.00265999598688214,0.00726983052083695,"native","stable"
"AZC5T_69","AZC5T",2002.58238302876,0.556515925975024,"no significant difference",0.00261247064277506,0.00154558854996576,"native","stable"
"AZC5T_78","AZC5T",1389.87693701386,1.08352390010565,"no significant difference",0.00133831528292312,0.0014870755568534,"native","stable"
"AZC5T_8","AZC5T",1452.47706275183,0.162843077995771,"no significant difference",0.00254167821009741,0.000428967849869973,"native","stable"
"AZC5T_80","AZC5T",2548.14725559096,0.645044311396591,"no significant difference",0.0030868528460494,0.00194340870528783,"native","stable"
"AZC5T_85","AZC5T",2768.12551725611,0.452780987782119,"no significant difference",0.00377174717078352,0.00176145765143339,"native","stable"
"AZC5T_87","AZC5T",1492.41771551914,0.0571097776852299,"significantly decreased",0.00285678877328461,0.0001603165295656,"native","unstable"
"AZC5T_93","AZC5T",8330.00642312521,1.12879548478219,"no significant difference",0.0078142928144487,0.00896427851592832,"native","stable"
"AZC5T_94","AZC5T",7573.15207786879,0.640902517047362,"no significant difference",0.00924237732240313,0.00595388283520202,"native","stable"
"AZC5T_97","AZC5T",22887.1731844314,0.886022265833135,"no significant difference",0.0241482600893098,0.0219730274954672,"native","stable"
"AZC5T_98","AZC5T",866.67981861566,0.195608763080029,"significantly decreased",0.00143730280296739,0.000284558756263539,"native","unstable"
"AZC7E_107","AZC7E",36.5654871491343,0.295751149101777,"no significant difference",0.0000544636052774311,0.000015827900909223,"foreign","non-colonized"
"AZC7E_109","AZC7E",2638.65280057893,1.1686693649493,"no significant difference",0.00242244619336957,0.00291414248989973,"native","stable"
"AZC7E_114","AZC7E",1581.01944800494,1.16514275350747,"no significant difference",0.00145793724816864,0.00176863497652142,"native","stable"
"AZC7E_116","AZC7E",3.22505532607936,0.293011980308288,"no significant difference",0.00000428258684500683,0.000000811139326655626,"foreign","non-colonized"
"AZC7E_12","AZC7E",2023.31704347724,0.817655609230201,"significantly decreased",0.00222184502271705,0.00185982663551133,"native","unstable"
"AZC7E_15","AZC7E",15246.2063010048,1.6745918774542,"no significant difference",0.0115901425031405,0.0182157217962184,"native","stable"
"AZC7E_16","AZC7E",946.974069639513,0.194051355957274,"significantly decreased",0.00157173575512261,0.000309915401009688,"native","unstable"
"AZC7E_25","AZC7E",1924.11348975158,1.05173007036557,"no significant difference",0.00187153794023274,0.00201093260492635,"native","stable"
"AZC7E_29","AZC7E",1090.19050891924,0.438247576854244,"significantly decreased",0.00151814789813659,0.000674313569308018,"native","unstable"
"AZC7E_34","AZC7E",436.837342271897,0.339388184579152,"no significant difference",0.000645089920604788,0.000228221603578533,"foreign","non-colonized"
"AZC7E_39","AZC7E",43282.8625603552,0.874166346379097,"no significant difference",0.045951998350244,0.0412601870302865,"native","stable"
"AZC7E_4","AZC7E",5819.1614739025,622.346499745825,"significantly increased",0.0000178885331229995,0.0117870763524015,"foreign","colonized"
"AZC7E_45","AZC7E",1.22004069385397,1.46505681701622,"no significant difference",0.000000227651728093377,0.000000342448219767601,"native","stable"
"AZC7E_47","AZC7E",47.4509355363463,0.298029329187171,"no significant difference",0.0000722714822982199,0.0000204168583202263,"foreign","non-colonized"
"AZC7E_51","AZC7E",1086.50533179659,0.556899611125084,"no significant difference",0.00141520522069532,0.000756321654597491,"native","stable"
"AZC7E_54","AZC7E",4915.69561240151,1.33075201787123,"no significant difference",0.00420401941897479,0.00572795723113247,"native","stable"
"AZC7E_57","AZC7E",2043.65311621136,15.2505741922572,"no significant difference",0.000248930298415563,0.00417835795374711,"native","stable"
"AZC7E_59","AZC7E",925.982013711533,1.15902033449765,"no significant difference",0.000855904193163088,0.0010250631980624,"native","stable"
"AZC7E_60","AZC7E",1537.95560664787,1.1339970222084,"no significant difference",0.00143393612988709,0.00167021136924535,"native","stable"
"AZC7E_61","AZC7E",7659.55357408704,0.980397863542567,"no significant difference",0.0076929092056732,0.00788216093059376,"native","stable"
"AZC7E_64","AZC7E",3587.6854811089,0.750070571183829,"no significant difference",0.00408211652529686,0.00310280785944876,"native","stable"
"AZC7E_69","AZC7E",1.98281131966834,0.976705567984802,"no significant difference",0.000000565095907874585,0.000000793679585040294,"native","stable"
"AZC7E_70","AZC7E",1358.93885767332,1.5694308921662,"significantly increased",0.00105299323698379,0.00169036815783393,"native","stable"
"AZC7E_72","AZC7E",5.15952920101126,0.234251153093874,"no significant difference",0.00000784910270662747,0.000000758760101809623,"foreign","non-colonized"
"AZC7E_73","AZC7E",39171.0608269905,1.75202031579392,"no significant difference",0.0282617284283879,0.0520406084403691,"native","stable"
"AZC7E_74","AZC7E",238.460540036126,0.79331397750965,"no significant difference",0.000263347504208611,0.000216207801195251,"foreign","non-colonized"
"AZC7E_77","AZC7E",2466.80062019544,2.66645377662269,"no significant difference",0.00133372934565459,0.00376462040625896,"native","stable"
"AZC7E_78","AZC7E",1114.49841478728,1.02386769994389,"no significant difference",0.00109553981388261,0.00113032754798784,"native","stable"
"AZC7E_82","AZC7E",387.757572962645,0.0237966274405224,"significantly decreased",0.000752719185824672,0.0000166122283235501,"native","unstable"
"AZC7E_89","AZC7E",15829.5148484075,1.14453916518867,"no significant difference",0.0147214486921612,0.0172473742664579,"native","stable"
"AZC7E_96","AZC7E",6099.49828686958,1.12004182596945,"no significant difference",0.00577380127597653,0.00648283873245441,"native","stable"
"AZC9C_103","AZC9C",1844.95781359819,0.804487132271234,"no significant difference",0.00205227701701714,0.00157273743033606,"native","stable"
"AZC9C_106","AZC9C",5671.69855366993,0.000496689680503786,"significantly decreased",0.011099673101677,0.0000049540764887345,"native","unstable"
"AZC9C_108","AZC9C",284.958206955333,1.43451285159561,"no significant difference",0.000233613289596552,0.000335134194215485,"foreign","non-colonized"
"AZC9C_110","AZC9C",734.311247473674,1.32967904260718,"no significant difference",0.000621981268333529,0.000814110222319093,"foreign","non-colonized"
"AZC9C_112","AZC9C",2843.17193412588,0.296155902644998,"no significant difference",0.00443943847825127,0.00135415893240004,"native","stable"
"AZC9C_113","AZC9C",2549.31316436291,1.50168048316,"no significant difference",0.00202669683125426,0.00315636304227295,"native","stable"
"AZC9C_115","AZC9C",100.348071668605,0.612900318921505,"no significant difference",0.0001235096729463,0.0000736753617511024,"foreign","non-colonized"
"AZC9C_116","AZC9C",2266.81721031055,1.17532157812797,"no significant difference",0.00209208142390496,0.00251551773853185,"native","stable"
"AZC9C_18","AZC9C",3602.07009166666,0.712511648885288,"no significant difference",0.00418926474471202,0.00295427586081925,"native","stable"
"AZC9C_25","AZC9C",765.483364083073,3.0371848189543,"significantly increased",0.000376263681333722,0.00116656552526048,"foreign","non-colonized"
"AZC9C_29","AZC9C",555.315166812248,0.434926065487944,"no significant difference",0.000763839175486279,0.000358459331605233,"native","stable"
"AZC9C_3","AZC9C",987.185215714124,1.08540666968559,"no significant difference",0.000941554961492561,0.00103097514182887,"foreign","non-colonized"
"AZC9C_30","AZC9C",396.85888842319,0.0605137090525687,"significantly decreased",0.000756576885765043,0.0000437545300687341,"foreign","non-colonized"
"AZC9C_32","AZC9C",2441.93304945173,1.26258139756753,"no significant difference",0.00215066327804057,0.00278946695701233,"native","stable"
"AZC9C_34","AZC9C",516.253512213652,2.94568019689851,"no significant difference",0.000260829424653713,0.000762886580787022,"foreign","non-colonized"
"AZC9C_40","AZC9C",1133.84169066043,1.28802737199157,"no significant difference",0.000984732268303808,0.00130723043515885,"native","stable"
"AZC9C_53","AZC9C",1464.30264091719,0.823148034707494,"no significant difference",0.00161027790364444,0.0012780187437979,"native","stable"
"AZC9C_54","AZC9C",5903.98700278969,1.282848835305,"no significant difference",0.00513875209277042,0.00649951130242129,"native","stable"
"AZC9C_6","AZC9C",47273.5113465589,0.893138394903742,"no significant difference",0.0496861485818837,0.045565173016412,"native","stable"
"AZC9C_60","AZC9C",830.166387136266,0.0895393803710722,"no significant difference",0.00155054612771599,0.000133136935496115,"foreign","non-colonized"
"AZC9C_61","AZC9C",443.188093731214,0.0828140465235433,"no significant difference",0.000813495313443229,0.0000644111777758566,"native","stable"
"AZC9C_68","AZC9C",1498.65280342051,1.83295146424491,"significantly increased",0.00105286526719512,0.00197197372856485,"native","stable"
"AZC9C_69","AZC9C",453.625758898634,452.206442551148,"significantly increased",0.00000118589472406486,0.000866328836406129,"foreign","non-colonized"
"AZC9C_7","AZC9C",1809.19770888023,1.18352525176194,"no significant difference",0.00165485360259479,0.00199284992582125,"native","stable"
"AZC9C_71","AZC9C",8714.15241423911,1.09366270107205,"no significant difference",0.00834976067153807,0.00915408873282722,"native","stable"
"AZC9C_75","AZC9C",17446.1833812497,1.12248193963429,"no significant difference",0.0163928738796175,0.019106439881814,"native","stable"
"AZC9C_80","AZC9C",248.775640467024,0.154962274748656,"no significant difference",0.000424058114837011,0.0000687019991281821,"foreign","non-colonized"
"AZC9C_81","AZC9C",642.781173505674,0.853353661793449,"no significant difference",0.000692389554262809,0.000606405679854823,"foreign","non-colonized"
"AZC9C_86","AZC9C",1098.65539342538,0.955627385992049,"no significant difference",0.00111703247207409,0.00110129510918106,"native","stable"
"AZC9C_91","AZC9C",419.347046476148,1.20872627258218,"no significant difference",0.000378529514798673,0.000481417139053186,"foreign","non-colonized"
"AZC9C_93","AZC9C",2468.02649819477,1.41860522506591,"no significant difference",0.00207018398114218,0.00295333354885568,"native","stable"
"AZC9C_94","AZC9C",2632.63887160923,0.610092765470654,"no significant difference",0.00332583647328044,0.00191550232847518,"native","stable"
"AZC9C_95","AZC9C",4586.87240488324,0.849938119169004,"significantly decreased",0.00495547369300729,0.00429807855869976,"native","unstable"
"AZC9C_96","AZC9C",1269.64854234303,0.556922049282416,"no significant difference",0.0016374997515866,0.000877454215732448,"native","stable"
"AZC9C_97","AZC9C",48.391216890258,0.609463694200145,"no significant difference",0.000058533741908018,0.0000363373272331502,"foreign","non-colonized"
"AZC9C_98","AZC9C",1049.57975902887,0.982046561043254,"no significant difference",0.00105635937319528,0.00107456706020825,"native","stable"
