taxon,distance,sample_id
AZC3J_1,0.350211958653441,JtoT
AZC3J_6,0.04706879428321718,JtoT
AZC3J_9,0.4133569958257475,JtoT
AZC3J_18,0.2225863678246708,JtoT
AZC3J_20,0.28741721568613293,JtoT
AZC3J_21,0.34510186645893054,JtoT
AZC3J_25,0.7483995579388083,JtoT
AZC3J_26,0.5880377317166997,JtoT
AZC3J_28,0.7139293961368062,JtoT
AZC3J_32,0.14282978186607617,JtoT
AZC3J_34,0.31545308478512,JtoT
AZC3J_45,0.3167520377481055,JtoT
AZC3J_49,0.47306017566837133,JtoT
AZC3J_55,0.5100298527022794,JtoT
AZC3J_56,0.05366387080204481,JtoT
AZC3J_57,0.36044540620811955,JtoT
AZC3J_59,0.2839538409008967,JtoT
AZC3J_61,0.6438387798824825,JtoT
AZC3J_64,0.3246091477068201,JtoT
AZC3J_71,0.3427873752326507,JtoT
AZC3J_73,0.6570586957568911,JtoT
AZC3J_74,0.12413237396602513,JtoT
AZC3J_77,0.1733823990058418,JtoT
AZC3J_79,0.583066481990078,JtoT
AZC3J_81,0.6567476846480245,JtoT
AZC3J_82,0.4094334376555973,JtoT
AZC3J_87,0.5473594250618443,JtoT
AZC3J_88,0.4223425808292334,JtoT
AZC3J_91,0.6473900526754706,JtoT
AZC3J_95,0.6356431868481164,JtoT
AZC3J_99,0.6450178868700347,JtoT
AZC5T_21,0.607757699991294,JtoT
AZC5T_22,0.7123797114908361,JtoT
AZC5T_64,0.1622398130021318,JtoT
AZC5T_69,0.4403424680774628,JtoT
AZC5T_85,0.652565593516924,JtoT
AZC5T_87,0.44013085141854924,JtoT
AZC5T_98,0.5175835282801527,JtoT
AZC5T_106,0.03961235007894507,JtoT
AZC5T_115,0.014549753676773903,JtoT
AZC7E_4,0.02493346693227655,JtoT
AZC7E_16,0.5195709889941448,JtoT
AZC7E_25,0.0386105860476507,JtoT
AZC7E_29,0.36591296929691014,JtoT
AZC7E_34,0.6446269510974104,JtoT
AZC7E_45,0.2518629500658701,JtoT
AZC7E_47,0.01557159129428205,JtoT
AZC7E_54,0.41144481968510094,JtoT
AZC7E_60,0.6268845640568708,JtoT
AZC7E_69,0.5885570781934658,JtoT
AZC7E_70,0.10847220348905617,JtoT
AZC7E_72,0.014937857515288266,JtoT
AZC7E_74,0.06564824107974654,JtoT
AZC7E_116,0.04604086379491771,JtoT
AZC9C_6,0.5599454138974097,JtoT
AZC9C_7,0.03474992890665991,JtoT
AZC9C_25,0.45150327728273,JtoT
AZC9C_30,0.5455480673087747,JtoT
AZC9C_34,0.2910445109287505,JtoT
AZC9C_60,0.6483444903907063,JtoT
AZC9C_68,0.6809397369680221,JtoT
AZC9C_69,0.4605142720394289,JtoT
AZC9C_80,0.6517416898412306,JtoT
AZC9C_81,0.09442523690520495,JtoT
AZC9C_91,0.6361576361702477,JtoT
AZC9C_96,0.35609732972440117,JtoT
AZC9C_98,0.387079427895323,JtoT
AZC9C_108,0.3159347861638381,JtoT
AZC9C_110,0.5830109583118356,JtoT
AZC9C_115,0.3585929921530234,JtoT
AZC3J_1,0.15833381245192987,JtoC
AZC3J_6,0.12308018024270755,JtoC
AZC3J_9,0.40095272813533445,JtoC
AZC3J_18,0.26289779416016074,JtoC
AZC3J_20,0.1995897803866554,JtoC
AZC3J_21,0.2506267636697286,JtoC
AZC3J_25,0.2749493147005095,JtoC
AZC3J_26,0.19170962305465028,JtoC
AZC3J_28,0.49288277024405647,JtoC
AZC3J_32,0.1825309849807057,JtoC
AZC3J_34,0.4193039330416072,JtoC
AZC3J_45,0.2770910973826334,JtoC
AZC3J_49,0.49927946249239036,JtoC
AZC3J_55,0.45163268821261476,JtoC
AZC3J_56,0.08068513816491484,JtoC
AZC3J_57,0.20397752672277059,JtoC
AZC3J_59,0.29504092610639177,JtoC
AZC3J_61,0.22831112054995284,JtoC
AZC3J_64,0.27316659683621036,JtoC
AZC3J_71,0.17656753059660396,JtoC
AZC3J_73,0.22308132198602887,JtoC
AZC3J_74,0.16263637963751224,JtoC
AZC3J_77,0.21412883405667854,JtoC
AZC3J_79,0.2755684111889133,JtoC
AZC3J_81,0.22636783494044277,JtoC
AZC3J_82,0.5346912638326864,JtoC
AZC3J_87,0.5395122788837964,JtoC
AZC3J_88,0.4453683412441106,JtoC
AZC3J_91,0.2152214479982712,JtoC
AZC3J_95,0.22168376436869316,JtoC
AZC3J_99,0.3354954123370183,JtoC
AZC5T_21,0.386513384574227,JtoC
AZC5T_22,0.48679794890956274,JtoC
AZC5T_64,0.1895911313311353,JtoC
AZC5T_69,0.38737864079406215,JtoC
AZC5T_85,0.22660620983065796,JtoC
AZC5T_87,0.2869314832010793,JtoC
AZC5T_98,0.17621865622100083,JtoC
AZC5T_106,0.11487431399319911,JtoC
AZC5T_115,0.050488808955430876,JtoC
AZC7E_4,0.09694115410980503,JtoC
AZC7E_16,0.17770005003243422,JtoC
AZC7E_25,0.050175457695201195,JtoC
AZC7E_29,0.23068998248991068,JtoC
AZC7E_34,0.23010269489097812,JtoC
AZC7E_45,0.3014569807554074,JtoC
AZC7E_47,0.07856217006846783,JtoC
AZC7E_54,0.4401625180978871,JtoC
AZC7E_60,0.24689088455029093,JtoC
AZC7E_69,0.2708345325946617,JtoC
AZC7E_70,0.1485499364946333,JtoC
AZC7E_72,0.05047692414280499,JtoC
AZC7E_74,0.0907992823847,JtoC
AZC7E_116,0.09246969387398624,JtoC
AZC9C_6,0.5615501070106974,JtoC
AZC9C_7,0.04810193674603645,JtoC
AZC9C_25,0.47000315059919906,JtoC
AZC9C_30,0.22816404597555398,JtoC
AZC9C_34,0.29529490782378587,JtoC
AZC9C_60,0.23189167041190747,JtoC
AZC9C_68,0.33242151485461413,JtoC
AZC9C_69,0.40759272818740955,JtoC
AZC9C_80,0.22637241485537837,JtoC
AZC9C_81,0.1319815688299363,JtoC
AZC9C_91,0.3205818911238361,JtoC
AZC9C_96,0.20287027436050115,JtoC
AZC9C_98,0.5099213325216974,JtoC
AZC9C_108,0.27635602579836194,JtoC
AZC9C_110,0.2508555161490513,JtoC
AZC9C_115,0.2010645379317509,JtoC
AZC3J_1,0.26242804112726936,JtoE
AZC3J_6,0.13094296961710428,JtoE
AZC3J_9,0.5593521210080376,JtoE
AZC3J_18,0.24133287022563493,JtoE
AZC3J_20,0.26564064769983425,JtoE
AZC3J_21,0.4124233001170328,JtoE
AZC3J_25,0.09641538960234596,JtoE
AZC3J_26,0.2038046903409541,JtoE
AZC3J_28,0.2929962836372923,JtoE
AZC3J_32,0.06065679109359144,JtoE
AZC3J_34,0.6272904532261756,JtoE
AZC3J_45,0.40969332417632937,JtoE
AZC3J_49,0.5805256136708203,JtoE
AZC3J_55,0.4936181793068113,JtoE
AZC3J_56,0.07493430413992794,JtoE
AZC3J_57,0.32636202860224034,JtoE
AZC3J_59,0.44009474571368734,JtoE
AZC3J_61,0.18979653778135114,JtoE
AZC3J_64,0.4619566848524809,JtoE
AZC3J_71,0.312750486718991,JtoE
AZC3J_73,0.19101634444336799,JtoE
AZC3J_74,0.13585466445779143,JtoE
AZC3J_77,0.23108328645879742,JtoE
AZC3J_79,0.14678493453723235,JtoE
AZC3J_81,0.19162046127846094,JtoE
AZC3J_82,0.6975971756485849,JtoE
AZC3J_87,0.5925976068891613,JtoE
AZC3J_88,0.2731523058148867,JtoE
AZC3J_91,0.190815796661204,JtoE
AZC3J_95,0.1962028485262998,JtoE
AZC3J_99,0.3432731687420253,JtoE
AZC5T_21,0.35026631024363236,JtoE
AZC5T_22,0.28744769308843193,JtoE
AZC5T_64,0.32079385163905977,JtoE
AZC5T_69,0.5997721754774961,JtoE
AZC5T_85,0.19038309715846058,JtoE
AZC5T_87,0.28106730821942294,JtoE
AZC5T_98,0.2132566777512071,JtoE
AZC5T_106,0.11809419529464293,JtoE
AZC5T_115,0.06289155332677757,JtoE
AZC7E_4,0.10523097610029901,JtoE
AZC7E_16,0.21317618096753482,JtoE
AZC7E_25,0.09220316375109291,JtoE
AZC7E_29,0.33775826745507104,JtoE
AZC7E_34,0.18533590781499154,JtoE
AZC7E_45,0.36272535819269364,JtoE
AZC7E_47,0.08456804354627431,JtoE
AZC7E_54,0.2753879396320547,JtoE
AZC7E_60,0.2062201993032753,JtoE
AZC7E_69,0.5674256034922711,JtoE
AZC7E_70,0.04601844824245264,JtoE
AZC7E_72,0.06387457775965383,JtoE
AZC7E_74,0.11597258314186351,JtoE
AZC7E_116,0.07303983865849976,JtoE
AZC9C_6,0.39880519541635806,JtoE
AZC9C_7,0.0878435080831291,JtoE
AZC9C_25,0.20527881635464834,JtoE
AZC9C_30,0.21015445651111708,JtoE
AZC9C_34,0.323108851415712,JtoE
AZC9C_60,0.21176505551412972,JtoE
AZC9C_68,0.1641710905818127,JtoE
AZC9C_69,0.4272580858160636,JtoE
AZC9C_80,0.18978896796396313,JtoE
AZC9C_81,0.1545265121840566,JtoE
AZC9C_91,0.27779259410116125,JtoE
AZC9C_96,0.32103482668435357,JtoE
AZC9C_98,0.6464076418982486,JtoE
AZC9C_108,0.2790479349561178,JtoE
AZC9C_110,0.27265275102976966,JtoE
AZC9C_115,0.3260492431643941,JtoE
AZC3J_1,0.26418182040603166,TtoJ
AZC3J_2,0.3931887597742104,TtoJ
AZC3J_6,0.06589159293831814,TtoJ
AZC3J_10,0.5398648690092379,TtoJ
AZC3J_18,0.11924039726601052,TtoJ
AZC3J_26,0.3256572286611991,TtoJ
AZC3J_34,0.4005350801382863,TtoJ
AZC3J_45,0.4017566076350555,TtoJ
AZC3J_62,0.09872494341168844,TtoJ
AZC3J_63,0.04688433187107784,TtoJ
AZC3J_70,0.5388979876701958,TtoJ
AZC3J_71,0.29458771493298747,TtoJ
AZC3J_81,0.3825138605721305,TtoJ
AZC3J_92,0.6976245549259456,TtoJ
AZC3J_95,0.04934604603418423,TtoJ
AZC3J_99,0.30951751731238075,TtoJ
AZC5T_1,0.4050093072331796,TtoJ
AZC5T_4,0.5025226544155323,TtoJ
AZC5T_12,0.04470790641276347,TtoJ
AZC5T_24,0.45398973357187133,TtoJ
AZC5T_30,0.4875366557896871,TtoJ
AZC5T_34,0.04957852914200622,TtoJ
AZC5T_47,0.3645192611667128,TtoJ
AZC5T_49,0.05164502529687156,TtoJ
AZC5T_51,0.42320092261854614,TtoJ
AZC5T_53,0.05129817953023772,TtoJ
AZC5T_58,0.0755443462278847,TtoJ
AZC5T_61,0.5317387324578755,TtoJ
AZC5T_63,0.048049875051235966,TtoJ
AZC5T_64,0.3886443828893834,TtoJ
AZC5T_65,0.36819031354842535,TtoJ
AZC5T_66,0.06970987158261101,TtoJ
AZC5T_71,0.4022397940547361,TtoJ
AZC5T_79,0.045169772051262394,TtoJ
AZC5T_80,0.7896940567421715,TtoJ
AZC5T_85,0.4447149209609907,TtoJ
AZC5T_90,0.06867802359067296,TtoJ
AZC5T_93,0.7314476951020326,TtoJ
AZC5T_99,0.41337930442332455,TtoJ
AZC5T_104,0.6308759723126067,TtoJ
AZC5T_111,0.04949084914819536,TtoJ
AZC5T_115,0.045790633008571044,TtoJ
AZC5T_119,0.4638888160304739,TtoJ
AZC7E_22,0.049577106162066384,TtoJ
AZC7E_29,0.29713575262233244,TtoJ
AZC7E_45,0.4598343575410476,TtoJ
AZC7E_47,0.07641597691387372,TtoJ
AZC7E_52,0.049576275241532505,TtoJ
AZC7E_55,0.20522261876074435,TtoJ
AZC7E_57,0.056468474487501565,TtoJ
AZC7E_69,0.474787203226651,TtoJ
AZC7E_71,0.04122023025232787,TtoJ
AZC7E_72,0.03784383874973137,TtoJ
AZC7E_73,0.13585835341489613,TtoJ
AZC7E_81,0.05064371095403495,TtoJ
AZC7E_90,0.5192989435631606,TtoJ
AZC7E_96,0.06902728295874212,TtoJ
AZC7E_111,0.444825660700511,TtoJ
AZC7E_114,0.6459396661542847,TtoJ
AZC7E_117,0.6750562459916363,TtoJ
AZC9C_18,0.8058058296726269,TtoJ
AZC9C_34,0.46542977755718,TtoJ
AZC9C_58,0.3203168592897212,TtoJ
AZC9C_60,0.056931736739738746,TtoJ
AZC9C_71,0.06681946282629055,TtoJ
AZC9C_75,0.1408256273226442,TtoJ
AZC9C_86,0.30037400830852146,TtoJ
AZC9C_93,0.4410105932714587,TtoJ
AZC9C_98,0.3667774103402742,TtoJ
AZC3J_1,0.1747344388610869,TtoC
AZC3J_2,0.4449647004224917,TtoC
AZC3J_6,0.11167509536034212,TtoC
AZC3J_10,0.4600354432892749,TtoC
AZC3J_18,0.13089342483165606,TtoC
AZC3J_26,0.1272566639641724,TtoC
AZC3J_34,0.4216840008826531,TtoC
AZC3J_45,0.34018564056261896,TtoC
AZC3J_62,0.10591046541909517,TtoC
AZC3J_63,0.05019003251619686,TtoC
AZC3J_70,0.3627148064568934,TtoC
AZC3J_71,0.15383109269704764,TtoC
AZC3J_81,0.46489016702428965,TtoC
AZC3J_92,0.5968398493230503,TtoC
AZC3J_95,0.05061912334098746,TtoC
AZC3J_99,0.13237501892652043,TtoC
AZC5T_1,0.4018353243775338,TtoC
AZC5T_4,0.5665724564074514,TtoC
AZC5T_12,0.05221598742681318,TtoC
AZC5T_24,0.28573124536191685,TtoC
AZC5T_30,0.41880608211835507,TtoC
AZC5T_34,0.09558690408407687,TtoC
AZC5T_47,0.5103944628888192,TtoC
AZC5T_49,0.0984725264961152,TtoC
AZC5T_51,0.2772823325669622,TtoC
AZC5T_53,0.0978976777358631,TtoC
AZC5T_58,0.13352055625970788,TtoC
AZC5T_61,0.4334297754939799,TtoC
AZC5T_63,0.07336665870362605,TtoC
AZC5T_64,0.19739111804104437,TtoC
AZC5T_65,0.15128793667619228,TtoC
AZC5T_66,0.09951181603683859,TtoC
AZC5T_71,0.3375208657351367,TtoC
AZC5T_79,0.05031604736309532,TtoC
AZC5T_80,0.5955905989530086,TtoC
AZC5T_85,0.3666111800864446,TtoC
AZC5T_90,0.07199497466246209,TtoC
AZC5T_93,0.6437448196873563,TtoC
AZC5T_99,0.3960847068693142,TtoC
AZC5T_104,0.4116974909425738,TtoC
AZC5T_111,0.07759389281200532,TtoC
AZC5T_115,0.05724527930456806,TtoC
AZC5T_119,0.3636188736237703,TtoC
AZC7E_22,0.0955852998793694,TtoC
AZC7E_29,0.1375498189799821,TtoC
AZC7E_45,0.27332744837842127,TtoC
AZC7E_47,0.13391364268763545,TtoC
AZC7E_52,0.09558521346474722,TtoC
AZC7E_55,0.15395500476558482,TtoC
AZC7E_57,0.07539644575374793,TtoC
AZC7E_69,0.21982307451119346,TtoC
AZC7E_71,0.0564953530492639,TtoC
AZC7E_72,0.060963232207909626,TtoC
AZC7E_73,0.14918230348861045,TtoC
AZC7E_81,0.05453201552049687,TtoC
AZC7E_90,0.4351438594854833,TtoC
AZC7E_96,0.09843939705703213,TtoC
AZC7E_111,0.4091974124239267,TtoC
AZC7E_114,0.5772232255440286,TtoC
AZC7E_117,0.6276730797223191,TtoC
AZC9C_18,0.6129729422663093,TtoC
AZC9C_34,0.2700334637163151,TtoC
AZC9C_58,0.14953505031645378,TtoC
AZC9C_60,0.0798258876783937,TtoC
AZC9C_71,0.09693869292059999,TtoC
AZC9C_75,0.15225583418476432,TtoC
AZC9C_86,0.17823604524973108,TtoC
AZC9C_93,0.27361220425590477,TtoC
AZC9C_98,0.45841128167425504,TtoC
AZC3J_1,0.3002124870188145,TtoE
AZC3J_2,0.5620846789320046,TtoE
AZC3J_6,0.11437852424226709,TtoE
AZC3J_10,0.3748979317744548,TtoE
AZC3J_18,0.16173478441935715,TtoE
AZC3J_26,0.30060723146379187,TtoE
AZC3J_34,0.6476664376321302,TtoE
AZC3J_45,0.48569014629001234,TtoE
AZC3J_62,0.14215970454842494,TtoE
AZC3J_63,0.06167534719257552,TtoE
AZC3J_70,0.4227580964208607,TtoE
AZC3J_71,0.3183317038185927,TtoE
AZC3J_81,0.45155007436861305,TtoE
AZC3J_92,0.5100089478666481,TtoE
AZC3J_95,0.06288799971609607,TtoE
AZC3J_99,0.2872421346991724,TtoE
AZC5T_1,0.29912578286530395,TtoE
AZC5T_4,0.6669689507932803,TtoE
AZC5T_12,0.08142284458559594,TtoE
AZC5T_24,0.4610240215722391,TtoE
AZC5T_30,0.6390002010440485,TtoE
AZC5T_34,0.0988358888230584,TtoE
AZC5T_47,0.7106229772355143,TtoE
AZC5T_49,0.10016387325821867,TtoE
AZC5T_51,0.3754916981233174,TtoE
AZC5T_53,0.09995658402994015,TtoE
AZC5T_58,0.1338603515981279,TtoE
AZC5T_61,0.2759728905778468,TtoE
AZC5T_63,0.077278316807141,TtoE
AZC5T_64,0.3315355572435802,TtoE
AZC5T_65,0.2952145353722691,TtoE
AZC5T_66,0.09574180698637377,TtoE
AZC5T_71,0.4840992486425594,TtoE
AZC5T_79,0.061594447842176506,TtoE
AZC5T_80,0.7454845700570284,TtoE
AZC5T_85,0.5950291736404152,TtoE
AZC5T_90,0.08712859502957465,TtoE
AZC5T_93,0.7392581571521741,TtoE
AZC5T_99,0.6087430066987123,TtoE
AZC5T_104,0.19568939346949193,TtoE
AZC5T_111,0.056314676941407016,TtoE
AZC5T_115,0.06624356748370604,TtoE
AZC5T_119,0.4522864001582221,TtoE
AZC7E_22,0.0988354065108527,TtoE
AZC7E_29,0.3103110179549086,TtoE
AZC7E_45,0.12330852218809832,TtoE
AZC7E_47,0.13751035606269352,TtoE
AZC7E_52,0.09883446306210461,TtoE
AZC7E_55,0.2611693051110712,TtoE
AZC7E_57,0.09112859342312417,TtoE
AZC7E_69,0.4198558254713026,TtoE
AZC7E_71,0.049824526019742965,TtoE
AZC7E_72,0.07181842467218572,TtoE
AZC7E_73,0.17996558431363757,TtoE
AZC7E_81,0.08710350719730184,TtoE
AZC7E_90,0.24307617645291324,TtoE
AZC7E_96,0.0947058783704944,TtoE
AZC7E_111,0.3839411101637379,TtoE
AZC7E_114,0.6716561563331989,TtoE
AZC7E_117,0.7257399335182563,TtoE
AZC9C_18,0.7632015504605136,TtoE
AZC9C_34,0.4342259376823015,TtoE
AZC9C_58,0.29936494711118133,TtoE
AZC9C_60,0.0820570938979018,TtoE
AZC9C_71,0.09428088918564569,TtoE
AZC9C_75,0.18520246578169314,TtoE
AZC9C_86,0.3244934608270912,TtoE
AZC9C_93,0.45144083678682917,TtoE
AZC9C_98,0.5740795741842002,TtoE
AZC3J_3,0.23558918244836585,CtoJ
AZC3J_18,0.6195044919640165,CtoJ
AZC3J_28,0.1356444827609923,CtoJ
AZC3J_34,0.4965135359981002,CtoJ
AZC3J_55,0.23536318004096488,CtoJ
AZC3J_64,0.3180080807059976,CtoJ
AZC3J_73,0.39401897825106413,CtoJ
AZC3J_74,0.056670998936750906,CtoJ
AZC3J_76,0.5433517176503099,CtoJ
AZC3J_79,0.21846057567093843,CtoJ
AZC3J_81,0.05451792859387743,CtoJ
AZC3J_87,0.6166695608671786,CtoJ
AZC3J_91,0.5585350318867807,CtoJ
AZC3J_99,0.19597379838678314,CtoJ
AZC5T_8,0.4398892878441371,CtoJ
AZC5T_14,0.46384635280200187,CtoJ
AZC5T_19,0.3442180398759386,CtoJ
AZC5T_22,0.13456696869647686,CtoJ
AZC5T_30,0.3942720777130343,CtoJ
AZC5T_37,0.396044338858597,CtoJ
AZC5T_38,0.6598719100081851,CtoJ
AZC5T_44,0.5060521045862687,CtoJ
AZC5T_57,0.438128550375309,CtoJ
AZC5T_64,0.404103184394771,CtoJ
AZC5T_66,0.6034608707632139,CtoJ
AZC5T_68,0.389261147435308,CtoJ
AZC5T_69,0.4191654520436492,CtoJ
AZC5T_78,0.32993729795283233,CtoJ
AZC5T_80,0.7892783023662719,CtoJ
AZC5T_85,0.4379954468204087,CtoJ
AZC5T_87,0.22160544884975053,CtoJ
AZC5T_93,0.6196697242046103,CtoJ
AZC5T_94,0.6098658007673574,CtoJ
AZC5T_97,0.5049527134492445,CtoJ
AZC5T_98,0.22902351931502718,CtoJ
AZC5T_104,0.6424164444012977,CtoJ
AZC5T_107,0.544801938430672,CtoJ
AZC5T_109,0.46377551069587497,CtoJ
AZC5T_119,0.2340468140433603,CtoJ
AZC5T_120,0.11398889913941149,CtoJ
AZC5T_122,0.5122864757033272,CtoJ
AZC7E_12,0.40175156983179894,CtoJ
AZC7E_15,0.5600912081663031,CtoJ
AZC7E_16,0.23565434733803103,CtoJ
AZC7E_25,0.07788020213005019,CtoJ
AZC7E_29,0.26401392067547264,CtoJ
AZC7E_39,0.4848313798316396,CtoJ
AZC7E_45,0.4729253479679086,CtoJ
AZC7E_51,0.388864687659029,CtoJ
AZC7E_54,0.0881981189509906,CtoJ
AZC7E_57,0.07359298488113976,CtoJ
AZC7E_59,0.19949284868701808,CtoJ
AZC7E_60,0.07699549895358926,CtoJ
AZC7E_61,0.5433358387196957,CtoJ
AZC7E_64,0.5542482845897297,CtoJ
AZC7E_69,0.4870287953520359,CtoJ
AZC7E_70,0.04398125750179984,CtoJ
AZC7E_73,0.4803679109323261,CtoJ
AZC7E_77,0.5707809401168922,CtoJ
AZC7E_82,0.12601148434913875,CtoJ
AZC7E_89,0.7686531405640162,CtoJ
AZC7E_96,0.6203459716440145,CtoJ
AZC7E_109,0.09292827607567851,CtoJ
AZC7E_114,0.6599286273780736,CtoJ
AZC9C_6,0.4903320181100973,CtoJ
AZC9C_7,0.07871402202196771,CtoJ
AZC9C_18,0.5977322084636294,CtoJ
AZC9C_29,0.3838968544910932,CtoJ
AZC9C_32,0.39939520525922023,CtoJ
AZC9C_40,0.0831149133757386,CtoJ
AZC9C_53,0.4824850765265582,CtoJ
AZC9C_54,0.3483864153051595,CtoJ
AZC9C_61,0.2240736758058282,CtoJ
AZC9C_68,0.427709537275724,CtoJ
AZC9C_71,0.613625823268517,CtoJ
AZC9C_75,0.6119628785939618,CtoJ
AZC9C_86,0.1653792089154007,CtoJ
AZC9C_93,0.45570519520989333,CtoJ
AZC9C_95,0.5585850494009472,CtoJ
AZC9C_96,0.24799455503336665,CtoJ
AZC9C_98,0.3527434039907956,CtoJ
AZC9C_106,0.07542352617151427,CtoJ
AZC9C_112,0.48703824545724916,CtoJ
AZC9C_113,0.4435982255543472,CtoJ
AZC9C_116,0.37929680919240505,CtoJ
AZC3J_3,0.3849699763886944,CtoT
AZC3J_18,0.6288147069929145,CtoT
AZC3J_28,0.6206762615782424,CtoT
AZC3J_34,0.39206874036872713,CtoT
AZC3J_55,0.1601173830629941,CtoT
AZC3J_64,0.14091103084576265,CtoT
AZC3J_73,0.36129581031428354,CtoT
AZC3J_74,0.04206105903816112,CtoT
AZC3J_76,0.47859242294956184,CtoT
AZC3J_79,0.2726286592033153,CtoT
AZC3J_81,0.6224009388402715,CtoT
AZC3J_87,0.6184244394262974,CtoT
AZC3J_91,0.570232724837676,CtoT
AZC3J_99,0.6178545958698863,CtoT
AZC5T_8,0.34037017108927864,CtoT
AZC5T_14,0.29447284542315655,CtoT
AZC5T_19,0.23833861647129656,CtoT
AZC5T_22,0.6208910272148346,CtoT
AZC5T_30,0.3875346560045818,CtoT
AZC5T_37,0.3068047317769246,CtoT
AZC5T_38,0.5558460309631924,CtoT
AZC5T_44,0.29418380158412183,CtoT
AZC5T_57,0.31459387443738673,CtoT
AZC5T_64,0.1632362357152426,CtoT
AZC5T_66,0.5925107143455437,CtoT
AZC5T_68,0.30400445428050543,CtoT
AZC5T_69,0.32071266534240334,CtoT
AZC5T_78,0.17694647985659298,CtoT
AZC5T_80,0.618909382157386,CtoT
AZC5T_85,0.34881603171068876,CtoT
AZC5T_87,0.2645365151594429,CtoT
AZC5T_93,0.6291682991090722,CtoT
AZC5T_94,0.6167043766893343,CtoT
AZC5T_97,0.7798816974981502,CtoT
AZC5T_98,0.166733007515387,CtoT
AZC5T_104,0.602886021774389,CtoT
AZC5T_107,0.4812645349058853,CtoT
AZC5T_109,0.6687260050768129,CtoT
AZC5T_119,0.36664861155161516,CtoT
AZC5T_120,0.3814373745013616,CtoT
AZC5T_122,0.4127660220743475,CtoT
AZC7E_12,0.24965313200022438,CtoT
AZC7E_15,0.5126764965354714,CtoT
AZC7E_16,0.15976856013355603,CtoT
AZC7E_25,0.06454310125684808,CtoT
AZC7E_29,0.1763465673254845,CtoT
AZC7E_39,0.7228844686800955,CtoT
AZC7E_45,0.7443254026338881,CtoT
AZC7E_51,0.19257014074507645,CtoT
AZC7E_54,0.06646125175162902,CtoT
AZC7E_57,0.047740336289845454,CtoT
AZC7E_59,0.17705453940692797,CtoT
AZC7E_60,0.06379586528989789,CtoT
AZC7E_61,0.47894842862389353,CtoT
AZC7E_64,0.4427878898706171,CtoT
AZC7E_69,0.512627833996534,CtoT
AZC7E_70,0.028059613639818227,CtoT
AZC7E_73,0.7423276815958805,CtoT
AZC7E_77,0.5770384745787582,CtoT
AZC7E_82,0.361179467010309,CtoT
AZC7E_89,0.765793379917395,CtoT
AZC7E_96,0.620264632854149,CtoT
AZC7E_109,0.06307095743136412,CtoT
AZC7E_114,0.5566743580994188,CtoT
AZC9C_6,0.7095638596546812,CtoT
AZC9C_7,0.06541418330963898,CtoT
AZC9C_18,0.3983274489949231,CtoT
AZC9C_29,0.536989901957828,CtoT
AZC9C_32,0.17873586938943836,CtoT
AZC9C_40,0.06372797212922748,CtoT
AZC9C_53,0.7454933118479147,CtoT
AZC9C_54,0.2413791425572235,CtoT
AZC9C_61,0.17510475760721614,CtoT
AZC9C_68,0.4387977597422449,CtoT
AZC9C_71,0.642661991093204,CtoT
AZC9C_75,0.6149514066990716,CtoT
AZC9C_86,0.3296549513823547,CtoT
AZC9C_93,0.5974419674653576,CtoT
AZC9C_95,0.42846421165625737,CtoT
AZC9C_96,0.23239639867993683,CtoT
AZC9C_98,0.38005148292797836,CtoT
AZC9C_106,0.04817581025302899,CtoT
AZC9C_112,0.3556298436489661,CtoT
AZC9C_113,0.27195714062646353,CtoT
AZC9C_116,0.20352865266338852,CtoT
AZC3J_3,0.2941958995758045,CtoE
AZC3J_18,0.5319010622752971,CtoE
AZC3J_28,0.23040223491774298,CtoE
AZC3J_34,0.5862041332551537,CtoE
AZC3J_55,0.32636182506992373,CtoE
AZC3J_64,0.31896290081987305,CtoE
AZC3J_73,0.40234493014976136,CtoE
AZC3J_74,0.09131590853920753,CtoE
AZC3J_76,0.4651667431254509,CtoE
AZC3J_79,0.30190686151861257,CtoE
AZC3J_81,0.19478351361323534,CtoE
AZC3J_87,0.609151178478477,CtoE
AZC3J_91,0.24715838209633528,CtoE
AZC3J_99,0.27478258040799997,CtoE
AZC5T_8,0.3163745895996995,CtoE
AZC5T_14,0.43213794752898843,CtoE
AZC5T_19,0.3570436888215193,CtoE
AZC5T_22,0.2310305732318227,CtoE
AZC5T_30,0.44185167458044045,CtoE
AZC5T_37,0.3630159653662118,CtoE
AZC5T_38,0.6242447930346823,CtoE
AZC5T_44,0.41422730000454644,CtoE
AZC5T_57,0.31863615466895945,CtoE
AZC5T_64,0.32081863954082623,CtoE
AZC5T_66,0.5256076294922062,CtoE
AZC5T_68,0.41308215355135997,CtoE
AZC5T_69,0.2530619838417162,CtoE
AZC5T_78,0.2734557999946078,CtoE
AZC5T_80,0.7159082950056133,CtoE
AZC5T_85,0.3032697781951072,CtoE
AZC5T_87,0.3016768422160524,CtoE
AZC5T_93,0.5321596558101341,CtoE
AZC5T_94,0.5225217232393679,CtoE
AZC5T_97,0.11819848268944413,CtoE
AZC5T_98,0.32730471736178396,CtoE
AZC5T_104,0.13626238971719973,CtoE
AZC5T_107,0.4616472012408638,CtoE
AZC5T_109,0.43525342083232693,CtoE
AZC5T_119,0.2943996507758124,CtoE
AZC5T_120,0.2556278177768896,CtoE
AZC5T_122,0.2728648052568362,CtoE
AZC7E_12,0.3875058524871738,CtoE
AZC7E_15,0.5234353711209236,CtoE
AZC7E_16,0.3262554035825519,CtoE
AZC7E_25,0.11425104548771085,CtoE
AZC7E_29,0.30533074648216707,CtoE
AZC7E_39,0.1706325408726391,CtoE
AZC7E_45,0.1006854258975661,CtoE
AZC7E_51,0.2675478911151508,CtoE
AZC7E_54,0.05759125029540737,CtoE
AZC7E_57,0.052478206175442244,CtoE
AZC7E_59,0.2164353311094346,CtoE
AZC7E_60,0.11300259043439709,CtoE
AZC7E_61,0.4681158444995601,CtoE
AZC7E_64,0.35791934837027506,CtoE
AZC7E_69,0.5815784700334519,CtoE
AZC7E_70,0.05370238172980017,CtoE
AZC7E_73,0.1189455511788772,CtoE
AZC7E_77,0.13123335817191295,CtoE
AZC7E_82,0.2628804756705526,CtoE
AZC7E_89,0.7264074353373845,CtoE
AZC7E_96,0.5490320733826739,CtoE
AZC7E_109,0.05482275508710338,CtoE
AZC7E_114,0.6227590337611942,CtoE
AZC9C_6,0.1828015093681698,CtoE
AZC9C_7,0.11510213652242265,CtoE
AZC9C_18,0.5300121876795487,CtoE
AZC9C_29,0.3456824734132165,CtoE
AZC9C_32,0.36041270290701594,CtoE
AZC9C_40,0.05707951353686645,CtoE
AZC9C_53,0.09482594458263523,CtoE
AZC9C_54,0.3592883627887947,CtoE
AZC9C_61,0.3271180101525104,CtoE
AZC9C_68,0.6007205314854941,CtoE
AZC9C_71,0.5380665114736023,CtoE
AZC9C_75,0.5434036253496851,CtoE
AZC9C_86,0.30700259169234345,CtoE
AZC9C_93,0.39446184974680043,CtoE
AZC9C_95,0.29525439968397427,CtoE
AZC9C_96,0.2982151959268887,CtoE
AZC9C_98,0.6142873461268481,CtoE
AZC9C_106,0.05625297921812648,CtoE
AZC9C_112,0.6037986233895679,CtoE
AZC9C_113,0.3995911228464072,CtoE
AZC9C_116,0.30015371521538137,CtoE
AZC3J_21,0.0559979172060321,EtoJ
AZC3J_32,0.06477866956372022,EtoJ
AZC3J_34,0.5707520253031156,EtoJ
AZC3J_43,0.33441250917275644,EtoJ
AZC3J_55,0.13328533492730835,EtoJ
AZC3J_58,0.5101029496175069,EtoJ
AZC3J_74,0.09187399970275077,EtoJ
AZC3J_76,0.5373181315802709,EtoJ
AZC3J_79,0.4024064506855157,EtoJ
AZC3J_81,0.06097756764180938,EtoJ
AZC3J_88,0.4687943060207778,EtoJ
AZC3J_90,0.2069879324144741,EtoJ
AZC3J_91,0.38995705364164845,EtoJ
AZC5T_8,0.5992303409412093,EtoJ
AZC5T_9,0.5695964529282459,EtoJ
AZC5T_21,0.05161675258513698,EtoJ
AZC5T_32,0.3531728789949026,EtoJ
AZC5T_34,0.15237482819209908,EtoJ
AZC5T_39,0.3478748707623178,EtoJ
AZC5T_41,0.267550709021933,EtoJ
AZC5T_51,0.4663392145819145,EtoJ
AZC5T_66,0.1540207449119927,EtoJ
AZC5T_68,0.2583963447475888,EtoJ
AZC5T_69,0.1906672974705766,EtoJ
AZC5T_78,0.4366847451959825,EtoJ
AZC5T_85,0.6106644012185842,EtoJ
AZC5T_93,0.6572664416756984,EtoJ
AZC5T_94,0.3619414721171469,EtoJ
AZC5T_97,0.42844871178251775,EtoJ
AZC5T_104,0.6556940544522296,EtoJ
AZC5T_106,0.08679926787580425,EtoJ
AZC5T_107,0.5218106667106526,EtoJ
AZC5T_108,0.2738199590389273,EtoJ
AZC5T_109,0.5236921922237208,EtoJ
AZC5T_120,0.6503096030365747,EtoJ
AZC7E_2,0.5325323632907023,EtoJ
AZC7E_3,0.5874697966233519,EtoJ
AZC7E_4,0.08712508331341695,EtoJ
AZC7E_12,0.6532342971238178,EtoJ
AZC7E_13,0.2264823782265987,EtoJ
AZC7E_15,0.8242928909281577,EtoJ
AZC7E_17,0.08271746464732278,EtoJ
AZC7E_23,0.4702973543701118,EtoJ
AZC7E_24,0.5975524618701694,EtoJ
AZC7E_25,0.1244183177430986,EtoJ
AZC7E_26,0.4761883884249647,EtoJ
AZC7E_32,0.5993047886831818,EtoJ
AZC7E_34,0.05529860458779516,EtoJ
AZC7E_36,0.11988085778788957,EtoJ
AZC7E_37,0.08611535415510121,EtoJ
AZC7E_38,0.5889751066059425,EtoJ
AZC7E_39,0.4716021473221358,EtoJ
AZC7E_42,0.5611178936709913,EtoJ
AZC7E_48,0.6164199867421265,EtoJ
AZC7E_54,0.5074675255285702,EtoJ
AZC7E_55,0.26127793827250334,EtoJ
AZC7E_58,0.5582814123561124,EtoJ
AZC7E_60,0.05780212354299297,EtoJ
AZC7E_61,0.5443026321071753,EtoJ
AZC7E_62,0.5839282296317057,EtoJ
AZC7E_68,0.6766499949619745,EtoJ
AZC7E_70,0.46584377412666156,EtoJ
AZC7E_71,0.09238989751423379,EtoJ
AZC7E_72,0.1323003423169457,EtoJ
AZC7E_73,0.6519156607018408,EtoJ
AZC7E_76,0.31874121328871785,EtoJ
AZC7E_77,0.5722413525449092,EtoJ
AZC7E_79,0.12619138335074348,EtoJ
AZC7E_80,0.659622434016432,EtoJ
AZC7E_81,0.0624056570935488,EtoJ
AZC7E_84,0.08765277958720478,EtoJ
AZC7E_87,0.6196556918693351,EtoJ
AZC7E_88,0.09267673645079587,EtoJ
AZC7E_89,0.7201007750749202,EtoJ
AZC7E_90,0.5218625432043728,EtoJ
AZC7E_91,0.4699019628558999,EtoJ
AZC7E_93,0.5894988059242924,EtoJ
AZC7E_94,0.5326677295785267,EtoJ
AZC7E_95,0.4343860179376309,EtoJ
AZC7E_96,0.5111612877231971,EtoJ
AZC7E_97,0.6113010328934989,EtoJ
AZC7E_101,0.5965980657600497,EtoJ
AZC7E_104,0.6177711359766729,EtoJ
AZC7E_105,0.6603370871092735,EtoJ
AZC7E_106,0.4512665174784452,EtoJ
AZC7E_109,0.558046747965877,EtoJ
AZC7E_111,0.5805078055719355,EtoJ
AZC7E_113,0.8127513249166552,EtoJ
AZC7E_115,0.4184254204502018,EtoJ
AZC7E_116,0.12868030007102182,EtoJ
AZC9C_6,0.4732347641446678,EtoJ
AZC9C_7,0.4672471174552378,EtoJ
AZC9C_14,0.5910958829708207,EtoJ
AZC9C_25,0.5334015988115544,EtoJ
AZC9C_27,0.5773465369902088,EtoJ
AZC9C_29,0.3365275821820559,EtoJ
AZC9C_34,0.40518500216689424,EtoJ
AZC9C_40,0.09232623214483085,EtoJ
AZC9C_57,0.34802517572602576,EtoJ
AZC9C_68,0.4840886679256869,EtoJ
AZC9C_71,0.5114661680940104,EtoJ
AZC9C_88,0.13518946048855243,EtoJ
AZC9C_93,0.4832186854804207,EtoJ
AZC9C_98,0.6253315825933137,EtoJ
AZC9C_102,0.571825688001852,EtoJ
AZC9C_106,0.11772639949285199,EtoJ
AZC9C_113,0.32456453542753866,EtoJ
AZC9C_116,0.4674335739233316,EtoJ
AZC3J_21,0.6247235746078035,EtoT
AZC3J_32,0.053917962234097436,EtoT
AZC3J_34,0.5539061150523723,EtoT
AZC3J_43,0.23115110100994524,EtoT
AZC3J_55,0.34755529463531004,EtoT
AZC3J_58,0.5970391698867413,EtoT
AZC3J_74,0.09063203009290885,EtoT
AZC3J_76,0.4643158783332611,EtoT
AZC3J_79,0.36328797983229466,EtoT
AZC3J_81,0.6224438980560906,EtoT
AZC3J_88,0.5018221899901136,EtoT
AZC3J_90,0.19435693869714496,EtoT
AZC3J_91,0.5669553202426527,EtoT
AZC5T_8,0.5820968041958873,EtoT
AZC5T_9,0.5994542003859809,EtoT
AZC5T_21,0.6266249255916667,EtoT
AZC5T_32,0.5315377244447439,EtoT
AZC5T_34,0.16226514423687913,EtoT
AZC5T_39,0.23113482552304424,EtoT
AZC5T_41,0.7280293803694404,EtoT
AZC5T_51,0.3938429994218212,EtoT
AZC5T_66,0.6318775716969491,EtoT
AZC5T_68,0.5162410597787284,EtoT
AZC5T_69,0.610020438862733,EtoT
AZC5T_78,0.37073523769694566,EtoT
AZC5T_85,0.5990372555243884,EtoT
AZC5T_93,0.5828065116424789,EtoT
AZC5T_94,0.8401140978638073,EtoT
AZC5T_97,0.7337193988992499,EtoT
AZC5T_104,0.612821400424623,EtoT
AZC5T_106,0.06561829250674837,EtoT
AZC5T_107,0.46033237823001266,EtoT
AZC5T_108,0.7249725243676906,EtoT
AZC5T_109,0.7529058675260123,EtoT
AZC5T_120,0.5285437211991505,EtoT
AZC7E_2,0.750672986176074,EtoT
AZC7E_3,0.6357618101732511,EtoT
AZC7E_4,0.06531479621194489,EtoT
AZC7E_12,0.6538802561701682,EtoT
AZC7E_13,0.2124575679273446,EtoT
AZC7E_15,0.8670382311384441,EtoT
AZC7E_17,0.06649800544605612,EtoT
AZC7E_23,0.7477937757978311,EtoT
AZC7E_24,0.5797814581254629,EtoT
AZC7E_25,0.13526140005927795,EtoT
AZC7E_26,0.8507666323124046,EtoT
AZC7E_32,0.5738710969010533,EtoT
AZC7E_34,0.6253255604806307,EtoT
AZC7E_36,0.09395931707497822,EtoT
AZC7E_37,0.0826854723838712,EtoT
AZC7E_38,0.6299589404792345,EtoT
AZC7E_39,0.7460969429938855,EtoT
AZC7E_42,0.5683249018250258,EtoT
AZC7E_48,0.5394166346096708,EtoT
AZC7E_54,0.6755397488474861,EtoT
AZC7E_55,0.4439093538906375,EtoT
AZC7E_58,0.5190899601513259,EtoT
AZC7E_60,0.04508545627319897,EtoT
AZC7E_61,0.4521529811042134,EtoT
AZC7E_62,0.642176210093218,EtoT
AZC7E_68,0.7114142198200625,EtoT
AZC7E_70,0.7297342031448792,EtoT
AZC7E_71,0.08198319895261212,EtoT
AZC7E_72,0.09721245308454274,EtoT
AZC7E_73,0.6460462803114397,EtoT
AZC7E_76,0.5907805614662324,EtoT
AZC7E_77,0.602068152665153,EtoT
AZC7E_79,0.10244266573283209,EtoT
AZC7E_80,0.6305744617707122,EtoT
AZC7E_81,0.05096770099309731,EtoT
AZC7E_84,0.07410453795820689,EtoT
AZC7E_87,0.5391598583424687,EtoT
AZC7E_88,0.08244134350774204,EtoT
AZC7E_89,0.7700803967263559,EtoT
AZC7E_90,0.46032059952190146,EtoT
AZC7E_91,0.6174878521487166,EtoT
AZC7E_93,0.7259226475189771,EtoT
AZC7E_94,0.4583873326359993,EtoT
AZC7E_95,0.6602432700100425,EtoT
AZC7E_96,0.3603407242716247,EtoT
AZC7E_97,0.6005686642842794,EtoT
AZC7E_101,0.8445320149903079,EtoT
AZC7E_104,0.5795001901919201,EtoT
AZC7E_105,0.6324954752313905,EtoT
AZC7E_106,0.2318218715163988,EtoT
AZC7E_109,0.518707020647142,EtoT
AZC7E_111,0.5400933892748895,EtoT
AZC7E_113,0.889135138018886,EtoT
AZC7E_115,0.33346651295789764,EtoT
AZC7E_116,0.13464731562275256,EtoT
AZC9C_6,0.7572956208641994,EtoT
AZC9C_7,0.7315888096130607,EtoT
AZC9C_14,0.7078927350695071,EtoT
AZC9C_25,0.46136578570025255,EtoT
AZC9C_27,0.6069390099740819,EtoT
AZC9C_29,0.3520825914217189,EtoT
AZC9C_34,0.4364955261886312,EtoT
AZC9C_40,0.0818773769189483,EtoT
AZC9C_57,0.23102831570584428,EtoT
AZC9C_68,0.7742800958378934,EtoT
AZC9C_71,0.3610792496997817,EtoT
AZC9C_88,0.11535841581414592,EtoT
AZC9C_93,0.5902816627238553,EtoT
AZC9C_98,0.6607032978685972,EtoT
AZC9C_102,0.5551537020344256,EtoT
AZC9C_106,0.10158603309566935,EtoT
AZC9C_113,0.5896008234263169,EtoT
AZC9C_116,0.38444358633203235,EtoT
AZC3J_21,0.24889822106866863,EtoC
AZC3J_32,0.08595568000677685,EtoC
AZC3J_34,0.4216683053419823,EtoC
AZC3J_43,0.18770313909089972,EtoC
AZC3J_55,0.15161544897370088,EtoC
AZC3J_58,0.4244098973677855,EtoC
AZC3J_74,0.11179699701444593,EtoC
AZC3J_76,0.4575210122390345,EtoC
AZC3J_79,0.3964226443362988,EtoC
AZC3J_81,0.25138833632104335,EtoC
AZC3J_88,0.4883763438464845,EtoC
AZC3J_90,0.18882570304582819,EtoC
AZC3J_91,0.3821640656150377,EtoC
AZC5T_8,0.4467830654950003,EtoC
AZC5T_9,0.32094233244444376,EtoC
AZC5T_21,0.24835244234769432,EtoC
AZC5T_32,0.4129104534744701,EtoC
AZC5T_34,0.19379768169573056,EtoC
AZC5T_39,0.25445587600848507,EtoC
AZC5T_41,0.43686334486986594,EtoC
AZC5T_51,0.43788440458111105,EtoC
AZC5T_66,0.2816676865317423,EtoC
AZC5T_68,0.300791270341404,EtoC
AZC5T_69,0.3569166835029556,EtoC
AZC5T_78,0.24603076764224213,EtoC
AZC5T_85,0.45757761730471647,EtoC
AZC5T_93,0.5728123880851046,EtoC
AZC5T_94,0.6984077075917872,EtoC
AZC5T_97,0.40837486841378434,EtoC
AZC5T_104,0.4201816841454379,EtoC
AZC5T_106,0.08202217177624117,EtoC
AZC5T_107,0.45405421940950885,EtoC
AZC5T_108,0.4419439480891274,EtoC
AZC5T_109,0.35925521293135637,EtoC
AZC5T_120,0.5376819786070774,EtoC
AZC7E_2,0.3559183641688145,EtoC
AZC7E_3,0.3387624058529093,EtoC
AZC7E_4,0.08156471620244775,EtoC
AZC7E_12,0.33508711288289283,EtoC
AZC7E_13,0.20433184245775834,EtoC
AZC7E_15,0.8094785106181808,EtoC
AZC7E_17,0.0866329618926046,EtoC
AZC7E_23,0.28818225781100154,EtoC
AZC7E_24,0.44418165225644335,EtoC
AZC7E_25,0.15980889792305047,EtoC
AZC7E_26,0.7070420355296853,EtoC
AZC7E_32,0.43436765921271026,EtoC
AZC7E_34,0.2491512098182068,EtoC
AZC7E_36,0.09578375068994295,EtoC
AZC7E_37,0.10496167729630024,EtoC
AZC7E_38,0.3318569963121262,EtoC
AZC7E_39,0.2987491388939122,EtoC
AZC7E_42,0.3221521514169763,EtoC
AZC7E_48,0.5523605968923843,EtoC
AZC7E_54,0.35766952867026075,EtoC
AZC7E_55,0.36267388458190364,EtoC
AZC7E_58,0.36561886815462924,EtoC
AZC7E_60,0.07554942652076233,EtoC
AZC7E_61,0.44053085769079486,EtoC
AZC7E_62,0.34298094144166336,EtoC
AZC7E_68,0.4717038788455092,EtoC
AZC7E_70,0.26978122286240436,EtoC
AZC7E_71,0.10520792446507798,EtoC
AZC7E_72,0.10132324576229243,EtoC
AZC7E_73,0.3847501635366957,EtoC
AZC7E_76,0.30882697850999896,EtoC
AZC7E_77,0.3201899921923772,EtoC
AZC7E_79,0.10183442649841586,EtoC
AZC7E_80,0.4017379958589222,EtoC
AZC7E_81,0.08254037660685536,EtoC
AZC7E_84,0.09503655635185392,EtoC
AZC7E_87,0.5538346375069992,EtoC
AZC7E_88,0.10589485564999848,EtoC
AZC7E_89,0.5646489301110308,EtoC
AZC7E_90,0.45407318016593157,EtoC
AZC7E_91,0.5570022515803934,EtoC
AZC7E_93,0.49980847060921274,EtoC
AZC7E_94,0.4538188777760072,EtoC
AZC7E_95,0.26679966229464885,EtoC
AZC7E_96,0.40115642530603524,EtoC
AZC7E_97,0.4521127801045971,EtoC
AZC7E_101,0.7229446638359087,EtoC
AZC7E_104,0.43541378133122244,EtoC
AZC7E_105,0.4006521659343825,EtoC
AZC7E_106,0.25100557565764725,EtoC
AZC7E_109,0.3657835405353292,EtoC
AZC7E_111,0.3669069195312334,EtoC
AZC7E_113,0.743336198394691,EtoC
AZC7E_115,0.2360939482128897,EtoC
AZC7E_116,0.1816655649216347,EtoC
AZC9C_6,0.2819055296591614,EtoC
AZC9C_7,0.27144578040120376,EtoC
AZC9C_14,0.5007586378224878,EtoC
AZC9C_25,0.4555349939832355,EtoC
AZC9C_27,0.34395718519231605,EtoC
AZC9C_29,0.30184041018572244,EtoC
AZC9C_34,0.34800049468657035,EtoC
AZC9C_40,0.10503600923144556,EtoC
AZC9C_57,0.25447679439944226,EtoC
AZC9C_68,0.278327627901949,EtoC
AZC9C_71,0.4025268281976633,EtoC
AZC9C_88,0.11035237738552026,EtoC
AZC9C_93,0.3203395461315522,EtoC
AZC9C_98,0.3581653858841456,EtoC
AZC9C_102,0.4229772633587702,EtoC
AZC9C_106,0.09059902489722235,EtoC
AZC9C_113,0.3121440620147703,EtoC
AZC9C_116,0.25800043316466176,EtoC
