donor,recipient,engraftment rate,flux,metabolism
D-10,11,0.3105815199185404,41.904073080290274,scfa metabolism
D-10,12,0.06561113024527154,38.647603583601324,scfa metabolism
D-10,16,0.44797034927657015,31.793537539336644,scfa metabolism
D-10,18,0.32063717986706963,36.102537988611054,scfa metabolism
D-10,19,0.2667467230281505,36.77852253376595,scfa metabolism
D-10,22,0.2384015425409633,39.0002168939784,scfa metabolism
D-10,23,0.10508062617526881,29.006509504396124,scfa metabolism
D-10,24,0.18060878805539532,33.57368487548153,scfa metabolism
D-10,25,0.04833619292630116,37.94656626904476,scfa metabolism
D-10,3,-0.010045195531365873,40.350511609882005,scfa metabolism
D-10,30,0.15772341846100632,34.1832110719535,scfa metabolism
D-10,31,-0.014534878351317468,31.31670727076307,scfa metabolism
D-10,32,0.09279557981894156,37.536309208577116,scfa metabolism
D-10,33,0.1452774537266111,38.17434415082575,scfa metabolism
D-10,36,0.06007760159934854,32.669775937303655,scfa metabolism
D-10,37,0.3564556741544495,28.486147653160312,scfa metabolism
D-10,54,-0.06676073174740763,31.49028875287093,scfa metabolism
D-10,70,0.29731244894567427,38.553224944410886,scfa metabolism
D-10,71,0.20391425466892546,33.453276438612455,scfa metabolism
D-10,75,0.12369548416539188,33.76005230959963,scfa metabolism
D-10,77,0.275977446911633,45.98888398073955,scfa metabolism
D-10,78,0.3045452221138164,40.52850861223395,scfa metabolism
D-10,88,-0.15246245350015822,38.86192668418451,scfa metabolism
D-10,89,0.08170160727400938,43.97373896222984,scfa metabolism
D-10,90,-0.2506566619688429,38.003557378986116,scfa metabolism
D-12,11,0.17043542884792667,43.858946433001954,scfa metabolism
D-12,12,0.02503508458204448,43.60099132827662,scfa metabolism
D-12,16,0.14548279062191785,42.05660693909087,scfa metabolism
D-12,18,0.19219196018055626,42.02544351832581,scfa metabolism
D-12,19,0.035575845058760665,42.546519221901086,scfa metabolism
D-12,22,0.17163740943981065,40.75709605487218,scfa metabolism
D-12,23,0.059280905489629596,32.25465653974156,scfa metabolism
D-12,24,0.030712696463211023,39.23112458685467,scfa metabolism
D-12,25,-0.11887265350341357,40.97544816007097,scfa metabolism
D-12,3,-0.17812676031186156,44.94736479765534,scfa metabolism
D-12,30,-0.03957419681195041,40.31750874774185,scfa metabolism
D-12,31,-0.1750698087423868,36.559113166194166,scfa metabolism
D-12,32,-0.04617881529056613,41.54658976132636,scfa metabolism
D-12,33,-0.11415118475808843,35.72216476265762,scfa metabolism
D-12,36,-0.025839358473929288,39.70119119195072,scfa metabolism
D-12,37,0.2267984006620882,38.779530139070765,scfa metabolism
D-12,54,-0.31759545492874536,33.551477276852914,scfa metabolism
D-12,56,0.04070356641963459,38.80776658372809,scfa metabolism
D-12,59,0.1431234340960174,38.67380785504037,scfa metabolism
D-12,75,-0.006278950877020389,40.88955598006097,scfa metabolism
D-12,77,0.2056942381200173,48.34558261955804,scfa metabolism
D-12,78,0.2753164719636311,41.58018643692928,scfa metabolism
D-12,88,-0.24395534886204018,43.16466598748959,scfa metabolism
D-12,89,-0.25938036347529203,40.5866117987036,scfa metabolism
D-12,90,-0.22107915869225908,41.56988736523815,scfa metabolism
D-13U,11,0.2223967119628439,41.9060057040948,scfa metabolism
D-13U,12,0.07370598217890256,40.99934740944313,scfa metabolism
D-13U,16,0.2761413422720155,38.32303540746487,scfa metabolism
D-13U,18,0.25599085345048095,44.30509498646803,scfa metabolism
D-13U,19,0.174360383466058,41.022118161278875,scfa metabolism
D-13U,22,0.22814309160908586,40.6974348121584,scfa metabolism
D-13U,23,0.11263821794336347,31.275860745065426,scfa metabolism
D-13U,24,0.197650266101231,45.19416005444659,scfa metabolism
D-13U,25,-0.037153900002902605,39.718906009325245,scfa metabolism
D-13U,3,-0.2732465784841402,43.790250873404254,scfa metabolism
D-13U,30,0.01125296122986977,38.36919720320636,scfa metabolism
D-13U,31,-0.08117389471500339,35.488767236749695,scfa metabolism
D-13U,32,0.006703899796965232,37.414266432899325,scfa metabolism
D-13U,33,-0.030062390227081577,34.23429254974445,scfa metabolism
D-13U,36,0.10116536455120456,37.09949655597846,scfa metabolism
D-13U,37,0.23938948335484234,32.61818084426619,scfa metabolism
D-13U,54,-0.17552941053301066,30.224711714040094,scfa metabolism
D-13U,56,0.09057798923213663,35.05390280180746,scfa metabolism
D-13U,59,0.16703638401179832,36.542377172795995,scfa metabolism
D-13U,70,0.1315685955293471,45.07753410636407,scfa metabolism
D-13U,71,0.08782366616581148,44.06071514406335,scfa metabolism
D-13U,88,-0.2523113079136952,41.2209638288354,scfa metabolism
D-13U,89,-0.11327091557637918,48.75169701372228,scfa metabolism
D-13U,90,-0.2967333545124767,38.571614403810145,scfa metabolism
D-14,11,0.31754432770135926,35.53068419746332,scfa metabolism
D-14,12,0.07148183479269898,41.24510931517,scfa metabolism
D-14,16,0.24595959455162344,39.768267468960815,scfa metabolism
D-14,18,0.2066862999243782,44.101077475055106,scfa metabolism
D-14,19,0.2837366006085887,34.814045867966485,scfa metabolism
D-14,22,0.27609863796148837,40.50781849867638,scfa metabolism
D-14,23,0.25622655767562,32.15991841463213,scfa metabolism
D-14,24,0.09302496436934242,49.70822701361689,scfa metabolism
D-14,25,0.09512325629214059,38.45009233965567,scfa metabolism
D-14,3,-0.2868478685703388,41.034540874358186,scfa metabolism
D-14,30,0.11035561068871585,33.62878469131144,scfa metabolism
D-14,31,0.0879269873722694,34.79128078800048,scfa metabolism
D-14,32,0.13974276090074866,37.39273803617458,scfa metabolism
D-14,33,0.13323333842704319,35.40659328553557,scfa metabolism
D-14,36,0.06755800123885791,39.94477474696517,scfa metabolism
D-14,37,0.26968399876032356,29.83616462740468,scfa metabolism
D-14,54,0.035725307761771484,32.09114197970589,scfa metabolism
D-14,56,0.1131965804218556,36.673527503727,scfa metabolism
D-14,59,0.17255460085809965,39.3972123103777,scfa metabolism
D-14,70,0.18146477171037562,44.486300514647574,scfa metabolism
D-14,71,0.12944271160987952,42.58727001453585,scfa metabolism
D-14,75,0.0982208237646753,34.49514974524459,scfa metabolism
D-14,77,0.23161268177484248,55.04537378913728,scfa metabolism
D-14,78,0.32370195706420385,41.1900949613142,scfa metabolism
D-14,88,0.06707198624079008,42.10784279363041,scfa metabolism
D-14,89,-0.018096211085061837,47.320485733741705,scfa metabolism
D-15Fryst,11,0.15191574214371475,47.52877959602422,scfa metabolism
D-15Fryst,12,-0.04991504638272966,42.56770612379236,scfa metabolism
D-15Fryst,16,0.35686981066080437,37.388921738783395,scfa metabolism
D-15Fryst,18,0.2967184646806043,42.281634898860894,scfa metabolism
D-15Fryst,19,0.056159733316857016,41.24094494085624,scfa metabolism
D-15Fryst,22,0.3206728467216405,40.30666150474636,scfa metabolism
D-15Fryst,23,0.01469504621807856,31.493297522386186,scfa metabolism
D-15Fryst,24,0.27327105199018764,34.71668879112423,scfa metabolism
D-15Fryst,25,0.13565806649254086,36.0914960193389,scfa metabolism
D-15Fryst,3,0.07920010703393836,41.46851612749386,scfa metabolism
D-15Fryst,30,0.13856797286424938,38.395078811252375,scfa metabolism
D-15Fryst,31,0.05776441296493989,35.57339442482225,scfa metabolism
D-15Fryst,32,0.16567648550563002,38.881449613506184,scfa metabolism
D-15Fryst,33,0.16528884263225954,35.19297976274425,scfa metabolism
D-15Fryst,36,-0.10194671603341446,39.50996980125607,scfa metabolism
D-15Fryst,37,0.37912253729362194,30.307236695180165,scfa metabolism
D-15Fryst,54,-0.20875617531081903,32.07119813593134,scfa metabolism
D-15Fryst,56,0.1969569295256649,36.50891944754493,scfa metabolism
D-15Fryst,59,0.29052579465312817,38.180062244984484,scfa metabolism
D-15Fryst,70,0.10318964064087449,43.38911950247852,scfa metabolism
D-15Fryst,71,0.1762725299185905,42.452193299585296,scfa metabolism
D-15Fryst,75,0.2270242030554852,38.22917776528022,scfa metabolism
D-15Fryst,77,0.23073858230062005,48.90193205010388,scfa metabolism
D-15Fryst,78,0.4064038108900896,39.66735442512415,scfa metabolism
D-15Fryst,90,0.1396265268736193,33.8011423156572,scfa metabolism
D-2,16,0.12799612722968093,40.43207764201041,scfa metabolism
D-2,18,0.1210913711017701,72.75568703293459,scfa metabolism
D-2,19,0.151797656223029,44.27159334333415,scfa metabolism
D-2,22,0.21494441822227633,45.66365074673648,scfa metabolism
D-2,23,0.05156509452655849,32.406452739495464,scfa metabolism
D-2,24,-0.05892713875050504,49.79057236749112,scfa metabolism
D-2,25,0.008575770424752266,37.54327444557558,scfa metabolism
D-2,3,-0.030841998555517777,40.36359557092089,scfa metabolism
D-2,30,0.0076298627369877255,40.01077010510564,scfa metabolism
D-2,31,-0.03243362192223796,40.23441227839738,scfa metabolism
D-2,32,0.12350516336560785,38.33067118318248,scfa metabolism
D-2,33,0.048443644957906366,36.242550674996345,scfa metabolism
D-2,36,0.0018951646556086383,46.84740986441731,scfa metabolism
D-2,37,0.18759297258476762,34.59074074488106,scfa metabolism
D-2,54,-0.12875284573891574,36.29654249057366,scfa metabolism
D-2,56,-0.038548945327825185,41.13565573651578,scfa metabolism
D-2,59,0.12054569312272047,40.151857806086014,scfa metabolism
D-2,70,0.08831830444855689,49.201276039915605,scfa metabolism
D-2,71,0.11122309414659663,47.60467385814325,scfa metabolism
D-2,75,-0.04332190655178083,37.748461691036,scfa metabolism
D-2,77,0.1416218728661812,51.74991746543428,scfa metabolism
D-2,78,0.2266505656195923,50.628024505133304,scfa metabolism
D-2,88,-0.10525157637346651,39.90435590544122,scfa metabolism
D-2,89,0.08713469887663335,45.647953791392574,scfa metabolism
D-2,90,-0.11791050829159215,41.3365351008926,scfa metabolism
D-3,11,0.1471396734633947,45.32088777250433,scfa metabolism
D-3,12,0.027593876859278468,42.67100332678641,scfa metabolism
D-3,18,0.24272054255073125,53.40490933458713,scfa metabolism
D-3,23,-0.0562153033099009,30.675946513772764,scfa metabolism
D-3,24,0.10084267114307184,39.4117111830697,scfa metabolism
D-3,25,-0.013144976363604904,31.242548165039086,scfa metabolism
D-3,3,0.05649447246708396,39.15859405782354,scfa metabolism
D-3,30,0.07783921700381555,36.67499964434527,scfa metabolism
D-3,31,-0.0549809400618959,33.85532171308866,scfa metabolism
D-3,32,-0.011991510637209268,37.76681216003832,scfa metabolism
D-3,33,0.15212145351533196,33.44474357789318,scfa metabolism
D-3,36,0.05498849849299942,40.98718259443598,scfa metabolism
D-3,37,0.28914095587602784,31.457741246661026,scfa metabolism
D-3,54,-0.17719881016345987,32.853761579297384,scfa metabolism
D-3,56,0.17808686571733473,37.19554335465271,scfa metabolism
D-3,59,0.19513808598164734,36.876332093960485,scfa metabolism
D-3,70,0.20966993525152774,44.61333426370878,scfa metabolism
D-3,71,0.20429612743535636,44.490484418054876,scfa metabolism
D-3,75,0.03073285708141889,38.48486415032375,scfa metabolism
D-3,77,0.29940619509387545,52.932208083153085,scfa metabolism
D-3,78,0.22456336981571454,57.24245385163241,scfa metabolism
D-3,88,-0.12940880281099504,36.55405171154931,scfa metabolism
D-3,89,0.2009404024595437,38.8935543532609,scfa metabolism
D-3,90,-0.20226566868124474,38.01716735662344,scfa metabolism
D-4,11,0.22105837089250407,37.37092878071799,scfa metabolism
D-4,12,-0.043785915580799174,41.55821067201751,scfa metabolism
D-4,16,0.1866702059878272,37.46879871183336,scfa metabolism
D-4,18,0.12377903920114523,48.26162653262369,scfa metabolism
D-4,19,0.25114795004932783,39.98707600217588,scfa metabolism
D-4,22,0.22545389140912434,41.83536431323378,scfa metabolism
D-4,24,-0.1067848667542382,46.585828986662484,scfa metabolism
D-4,25,-0.007491612882762964,34.97160082884489,scfa metabolism
D-4,3,-0.12096914654831985,40.59801213546602,scfa metabolism
D-4,30,-0.01794808114778353,35.28254733050771,scfa metabolism
D-4,32,0.12433385903688929,37.26283783901908,scfa metabolism
D-4,33,0.11015399175514115,35.988098574227074,scfa metabolism
D-4,36,0.025203906013118147,43.5585698989465,scfa metabolism
D-4,37,0.20022494311244882,30.58162276239397,scfa metabolism
D-4,54,-0.08853707073085887,35.462150430482495,scfa metabolism
D-4,56,0.06803681091677287,42.05860856915347,scfa metabolism
D-4,59,0.16292234109924558,34.74740865952533,scfa metabolism
D-4,70,0.08898468251046276,46.14236231486378,scfa metabolism
D-4,71,0.067341869762449,43.90969262289058,scfa metabolism
D-4,75,-0.10508538954461707,38.37613970777265,scfa metabolism
D-4,77,0.15966679891545205,50.74761462557197,scfa metabolism
D-4,78,0.21659058490502345,37.611146821330216,scfa metabolism
D-4,88,-0.1931168640751687,36.44764542204704,scfa metabolism
D-4,89,0.12090700929178953,41.220465030933056,scfa metabolism
D-4,90,-0.1864037442273468,34.777313937336956,scfa metabolism
D-5Fryst,11,0.22072146210395477,41.71971924041056,scfa metabolism
D-5Fryst,12,-0.0459055561132191,41.486688294703164,scfa metabolism
D-5Fryst,16,0.1892849573617269,36.70445382182138,scfa metabolism
D-5Fryst,18,0.10858893791261356,87.24670025302252,scfa metabolism
D-5Fryst,19,0.24350531928558528,44.28182024403124,scfa metabolism
D-5Fryst,22,0.2285974292091629,44.84542875282657,scfa metabolism
D-5Fryst,23,0.05481716943153338,32.38003975647899,scfa metabolism
D-5Fryst,24,-0.048729734664060526,47.584440630324885,scfa metabolism
D-5Fryst,25,-0.0848982990802068,36.60143178146811,scfa metabolism
D-5Fryst,3,-0.11414749836802085,38.790226701891655,scfa metabolism
D-5Fryst,30,-0.09278138693151591,36.91734035118771,scfa metabolism
D-5Fryst,31,-0.13710475462185123,38.664492021573274,scfa metabolism
D-5Fryst,32,0.04669169477712428,37.23386034792064,scfa metabolism
D-5Fryst,33,0.06557892352984108,36.69418664563883,scfa metabolism
D-5Fryst,36,-0.03978206147602071,47.22682785711008,scfa metabolism
D-5Fryst,54,-0.14591516377014263,35.066642372516306,scfa metabolism
D-5Fryst,56,0.047020719628544774,39.988984157307954,scfa metabolism
D-5Fryst,59,0.13702394750415015,35.30730719315989,scfa metabolism
D-5Fryst,70,0.0674724086242185,43.726529572155314,scfa metabolism
D-5Fryst,71,0.083124132959645,45.493526108060806,scfa metabolism
D-5Fryst,75,-0.10471236319016233,38.62895443596958,scfa metabolism
D-5Fryst,77,0.16785237838706668,53.33945039280733,scfa metabolism
D-5Fryst,78,0.21821957516528764,65.44567544466732,scfa metabolism
D-5Fryst,88,-0.27931102439440236,39.37781045989226,scfa metabolism
D-5Fryst,89,0.08746036401483734,44.129392440339494,scfa metabolism
D-5Fryst,90,-0.23040766755049108,38.60329268652025,scfa metabolism
D-6Fresk,11,0.22681807303899928,46.717391514992556,scfa metabolism
D-6Fresk,12,0.05333776187823788,43.221679871683264,scfa metabolism
D-6Fresk,16,0.26944298176849824,47.19596471366619,scfa metabolism
D-6Fresk,18,0.23401916874007475,60.90285696512726,scfa metabolism
D-6Fresk,19,0.31421198688646407,42.791385061338225,scfa metabolism
D-6Fresk,22,0.264698380427245,43.696031737900476,scfa metabolism
D-6Fresk,23,0.10648815074032347,27.428807561214935,scfa metabolism
D-6Fresk,3,0.14211607382392313,40.21711449802786,scfa metabolism
D-6Fresk,31,0.03953154941471211,34.58200493270364,scfa metabolism
D-6Fresk,32,0.17065046910360018,40.3328604928249,scfa metabolism
D-6Fresk,36,0.12207510365296273,40.51933332702734,scfa metabolism
D-6Fresk,37,0.23009823976285668,36.065519405664574,scfa metabolism
D-6Fresk,54,-0.00013005800643876638,31.936529287690153,scfa metabolism
D-6Fresk,56,0.21394495911516437,35.910990548492485,scfa metabolism
D-6Fresk,59,0.3893646795367954,38.22335512371177,scfa metabolism
D-6Fresk,70,0.2606471573995001,43.09083170750719,scfa metabolism
D-6Fresk,71,0.23616159938431963,54.12907027085797,scfa metabolism
D-6Fresk,75,0.0920680601054283,38.974417746896414,scfa metabolism
D-6Fresk,77,0.2695578233492635,61.552335282540305,scfa metabolism
D-6Fresk,78,0.24958596513727688,63.44974397702537,scfa metabolism
D-6Fresk,88,-0.04934135226655018,36.280013311373956,scfa metabolism
D-6Fresk,89,0.23514331827721208,35.488591762015716,scfa metabolism
D-6Fresk,90,-0.03966874370651069,36.66858404922152,scfa metabolism
D-7Fryst,11,0.20249821053577496,36.869121103135946,scfa metabolism
D-7Fryst,12,-0.06155639468002553,41.18591641439401,scfa metabolism
D-7Fryst,16,0.12541555101895493,39.63067120132808,scfa metabolism
D-7Fryst,19,0.06168825230237388,37.14856299241192,scfa metabolism
D-7Fryst,22,0.22175201931180333,42.00338287204095,scfa metabolism
D-7Fryst,23,0.07081144030426038,31.84663569517196,scfa metabolism
D-7Fryst,24,-0.0949759374404328,47.82715293959489,scfa metabolism
D-7Fryst,25,-0.047177734785272325,38.39280239841877,scfa metabolism
D-7Fryst,3,-0.050222857181401556,38.87496444065757,scfa metabolism
D-7Fryst,30,-0.010731214069288874,34.23176427271018,scfa metabolism
D-7Fryst,31,-0.1390636294861054,36.816850245920165,scfa metabolism
D-7Fryst,33,0.15187693914372194,37.41532666181175,scfa metabolism
D-7Fryst,37,0.2306212544746674,35.29348736433279,scfa metabolism
D-7Fryst,54,-0.07386677293789888,35.87313278577266,scfa metabolism
D-7Fryst,56,0.0481465251702022,43.478656942012776,scfa metabolism
D-7Fryst,59,0.07387050664348814,39.46243474489067,scfa metabolism
D-7Fryst,70,0.06616992097766303,40.43940046271908,scfa metabolism
D-7Fryst,71,0.05458880899573224,41.43491974189487,scfa metabolism
D-7Fryst,75,-0.06497814864204356,39.16579817287157,scfa metabolism
D-7Fryst,77,0.1441723250813369,51.6779048991517,scfa metabolism
D-7Fryst,78,0.20221404059274012,66.26243259424726,scfa metabolism
D-7Fryst,88,-0.21250539866099943,37.17513849149684,scfa metabolism
D-7Fryst,89,0.042951062997957,43.26582070400079,scfa metabolism
D-7Fryst,90,-0.0878508582534435,38.0706898452574,scfa metabolism
D-9Fryst,11,0.4520349055319472,27.894309791360445,scfa metabolism
D-9Fryst,12,0.054470095501375,41.60667133075468,scfa metabolism
D-9Fryst,16,0.3764029678717075,30.979545977698162,scfa metabolism
D-9Fryst,18,0.21816589683912735,65.45732894667059,scfa metabolism
D-9Fryst,19,0.3351328917608346,34.830021657025355,scfa metabolism
D-9Fryst,22,0.29009546003709474,34.30334615919339,scfa metabolism
D-9Fryst,23,0.15431209246717667,29.592086681578756,scfa metabolism
D-9Fryst,24,0.10396090819095513,41.70015199386491,scfa metabolism
D-9Fryst,25,0.0035270148255345754,42.90777591098629,scfa metabolism
D-9Fryst,3,-0.19480375972871183,40.9468468004372,scfa metabolism
D-9Fryst,30,0.061780850292892986,35.89087770270073,scfa metabolism
D-9Fryst,31,-0.009364712479310328,33.351222398424824,scfa metabolism
D-9Fryst,32,0.07847737573027493,37.97397846459068,scfa metabolism
D-9Fryst,33,0.03703727091152906,35.41812970919416,scfa metabolism
D-9Fryst,36,0.19801883886574262,40.29148781854728,scfa metabolism
D-9Fryst,37,0.2981049714679599,25.630282422154895,scfa metabolism
D-9Fryst,56,0.1455691215641825,33.13456173869022,scfa metabolism
D-9Fryst,59,0.28511973991597317,34.363174817636754,scfa metabolism
D-9Fryst,70,0.21374472336026468,43.241067968571826,scfa metabolism
D-9Fryst,71,0.18158090376841318,40.6584907222564,scfa metabolism
D-9Fryst,75,0.058943786051576345,34.35364010482734,scfa metabolism
D-9Fryst,77,0.3268491594002018,56.212192732795806,scfa metabolism
D-9Fryst,78,0.2817655990291999,68.36458542869106,scfa metabolism
D-9Fryst,88,-0.28390649719495364,39.08712794648198,scfa metabolism
D-9Fryst,89,0.01204260631609318,48.06649072809518,scfa metabolism
D-9Fryst,90,-0.22676716251943552,40.27367901556901,scfa metabolism
D-10,11,0.3105815199185404,0.5514706334982429,gas metabolism
D-10,12,0.06561113024527154,0.5534978264274943,gas metabolism
D-10,16,0.44797034927657015,0.32036136105504065,gas metabolism
D-10,18,0.32063717986706963,0.28321563859455673,gas metabolism
D-10,19,0.2667467230281505,0.4831946445944065,gas metabolism
D-10,22,0.2384015425409633,0.294806211404235,gas metabolism
D-10,23,0.10508062617526881,0.24575845800506463,gas metabolism
D-10,24,0.18060878805539532,0.6808589709208624,gas metabolism
D-10,25,0.04833619292630116,0.33206262445353396,gas metabolism
D-10,3,-0.010045195531365873,0.32172818268950965,gas metabolism
D-10,30,0.15772341846100632,0.29093630219248257,gas metabolism
D-10,31,-0.014534878351317468,0.27760881957369193,gas metabolism
D-10,32,0.09279557981894156,0.39730582749403964,gas metabolism
D-10,33,0.1452774537266111,0.4536557829646349,gas metabolism
D-10,36,0.06007760159934854,0.315521350066006,gas metabolism
D-10,37,0.3564556741544495,0.3427120055444758,gas metabolism
D-10,54,-0.06676073174740763,0.39039836603894473,gas metabolism
D-10,70,0.29731244894567427,0.457453913186458,gas metabolism
D-10,71,0.20391425466892546,0.6118533442278176,gas metabolism
D-10,75,0.12369548416539188,0.3282436580437753,gas metabolism
D-10,77,0.275977446911633,0.48711995352057463,gas metabolism
D-10,78,0.3045452221138164,0.366844041529565,gas metabolism
D-10,88,-0.15246245350015822,0.4484552243956436,gas metabolism
D-10,89,0.08170160727400938,0.4296706650649202,gas metabolism
D-10,90,-0.2506566619688429,0.34725027894704463,gas metabolism
D-12,11,0.17043542884792667,0.8573590947543328,gas metabolism
D-12,12,0.02503508458204448,0.8160965873090024,gas metabolism
D-12,16,0.14548279062191785,0.6959487740465465,gas metabolism
D-12,18,0.19219196018055626,0.7534631308256755,gas metabolism
D-12,19,0.035575845058760665,0.5579034753520934,gas metabolism
D-12,22,0.17163740943981065,0.38668219235298945,gas metabolism
D-12,23,0.059280905489629596,0.2683805634165679,gas metabolism
D-12,24,0.030712696463211023,1.0242845604820332,gas metabolism
D-12,25,-0.11887265350341357,0.610004080347955,gas metabolism
D-12,3,-0.17812676031186156,0.42634630104972737,gas metabolism
D-12,30,-0.03957419681195041,0.5691996793048901,gas metabolism
D-12,31,-0.1750698087423868,0.5820687368376393,gas metabolism
D-12,32,-0.04617881529056613,0.5909537540620812,gas metabolism
D-12,33,-0.11415118475808843,0.28587147623118203,gas metabolism
D-12,36,-0.025839358473929288,0.5408180547872417,gas metabolism
D-12,37,0.2267984006620882,0.49172369607060606,gas metabolism
D-12,54,-0.31759545492874536,0.49782966325400685,gas metabolism
D-12,56,0.04070356641963459,0.6659995655351502,gas metabolism
D-12,59,0.1431234340960174,0.5992021320001694,gas metabolism
D-12,75,-0.006278950877020389,0.5738525907364171,gas metabolism
D-12,77,0.2056942381200173,0.835999119504466,gas metabolism
D-12,78,0.2753164719636311,0.4060951789531851,gas metabolism
D-12,88,-0.24395534886204018,0.39704971288420204,gas metabolism
D-12,89,-0.25938036347529203,0.481930314668622,gas metabolism
D-12,90,-0.22107915869225908,0.3853128689341136,gas metabolism
D-13U,11,0.2223967119628439,0.641171718923808,gas metabolism
D-13U,12,0.07370598217890256,0.6846240956748845,gas metabolism
D-13U,16,0.2761413422720155,0.7519209417911805,gas metabolism
D-13U,18,0.25599085345048095,0.5264570331934462,gas metabolism
D-13U,19,0.174360383466058,0.6796666979138424,gas metabolism
D-13U,22,0.22814309160908586,0.3639279753654316,gas metabolism
D-13U,23,0.11263821794336347,0.28372470051709653,gas metabolism
D-13U,24,0.197650266101231,0.8921700974299173,gas metabolism
D-13U,25,-0.037153900002902605,0.5827326141831317,gas metabolism
D-13U,3,-0.2732465784841402,0.5798393483841424,gas metabolism
D-13U,30,0.01125296122986977,0.7983367041717605,gas metabolism
D-13U,31,-0.08117389471500339,0.4820956089498324,gas metabolism
D-13U,32,0.006703899796965232,0.44490158828841503,gas metabolism
D-13U,33,-0.030062390227081577,0.3581370433329446,gas metabolism
D-13U,36,0.10116536455120456,0.49409306242850337,gas metabolism
D-13U,37,0.23938948335484234,0.6035738708210788,gas metabolism
D-13U,54,-0.17552941053301066,0.3237363981754903,gas metabolism
D-13U,56,0.09057798923213663,0.6881735735434059,gas metabolism
D-13U,59,0.16703638401179832,0.7257904530734993,gas metabolism
D-13U,70,0.1315685955293471,0.7653896753170519,gas metabolism
D-13U,71,0.08782366616581148,1.019219134270223,gas metabolism
D-13U,88,-0.2523113079136952,0.462111766580553,gas metabolism
D-13U,89,-0.11327091557637918,0.5605342458477083,gas metabolism
D-13U,90,-0.2967333545124767,0.28448777546735904,gas metabolism
D-14,11,0.31754432770135926,0.5937013444638289,gas metabolism
D-14,12,0.07148183479269898,0.4779763173411105,gas metabolism
D-14,16,0.24595959455162344,0.8539589768770378,gas metabolism
D-14,18,0.2066862999243782,0.6213165404510957,gas metabolism
D-14,19,0.2837366006085887,0.49110752659584295,gas metabolism
D-14,22,0.27609863796148837,0.3027431402299613,gas metabolism
D-14,23,0.25622655767562,0.2401994751544383,gas metabolism
D-14,24,0.09302496436934242,1.168766921009419,gas metabolism
D-14,25,0.09512325629214059,0.6333603979529647,gas metabolism
D-14,3,-0.2868478685703388,0.7526794943393562,gas metabolism
D-14,30,0.11035561068871585,0.48093804856778305,gas metabolism
D-14,31,0.0879269873722694,0.4239434758003049,gas metabolism
D-14,32,0.13974276090074866,0.30614506985840917,gas metabolism
D-14,33,0.13323333842704319,0.31389658723359987,gas metabolism
D-14,36,0.06755800123885791,0.580615348076377,gas metabolism
D-14,37,0.26968399876032356,0.37844153805109665,gas metabolism
D-14,54,0.035725307761771484,0.42562616628286165,gas metabolism
D-14,56,0.1131965804218556,0.9408921638202677,gas metabolism
D-14,59,0.17255460085809965,0.5701427922914725,gas metabolism
D-14,70,0.18146477171037562,0.7440821237392383,gas metabolism
D-14,71,0.12944271160987952,1.233338049064564,gas metabolism
D-14,75,0.0982208237646753,0.40944422592770335,gas metabolism
D-14,77,0.23161268177484248,1.101879266698775,gas metabolism
D-14,78,0.32370195706420385,0.4631686271105314,gas metabolism
D-14,88,0.06707198624079008,0.3365345629995223,gas metabolism
D-14,89,-0.018096211085061837,0.41315123018255456,gas metabolism
D-15Fryst,11,0.15191574214371475,2.270109157246529,gas metabolism
D-15Fryst,12,-0.04991504638272966,0.6631878950329582,gas metabolism
D-15Fryst,16,0.35686981066080437,0.48006637878428715,gas metabolism
D-15Fryst,18,0.2967184646806043,0.546173260863011,gas metabolism
D-15Fryst,19,0.056159733316857016,0.5123300830924128,gas metabolism
D-15Fryst,22,0.3206728467216405,0.3410808339403385,gas metabolism
D-15Fryst,23,0.01469504621807856,0.2548582258777697,gas metabolism
D-15Fryst,24,0.27327105199018764,0.4969232296057327,gas metabolism
D-15Fryst,25,0.13565806649254086,0.4852723547192254,gas metabolism
D-15Fryst,3,0.07920010703393836,0.6960308397330273,gas metabolism
D-15Fryst,30,0.13856797286424938,0.4068939966110457,gas metabolism
D-15Fryst,31,0.05776441296493989,0.280399984567227,gas metabolism
D-15Fryst,32,0.16567648550563002,0.38428745851637625,gas metabolism
D-15Fryst,33,0.16528884263225954,0.34739625363548576,gas metabolism
D-15Fryst,36,-0.10194671603341446,0.5382756812822996,gas metabolism
D-15Fryst,37,0.37912253729362194,0.3349523548155365,gas metabolism
D-15Fryst,54,-0.20875617531081903,0.342957314260867,gas metabolism
D-15Fryst,56,0.1969569295256649,0.42325522707359403,gas metabolism
D-15Fryst,59,0.29052579465312817,0.5956503658556405,gas metabolism
D-15Fryst,70,0.10318964064087449,0.6166186635896788,gas metabolism
D-15Fryst,71,0.1762725299185905,0.7156060451466536,gas metabolism
D-15Fryst,75,0.2270242030554852,0.3454168381320192,gas metabolism
D-15Fryst,77,0.23073858230062005,1.1760917056378584,gas metabolism
D-15Fryst,78,0.4064038108900896,0.5018019270926153,gas metabolism
D-15Fryst,90,0.1396265268736193,0.3979064298413003,gas metabolism
D-2,16,0.12799612722968093,0.5757610482630925,gas metabolism
D-2,18,0.1210913711017701,0.742088155283262,gas metabolism
D-2,19,0.151797656223029,0.5595631548021589,gas metabolism
D-2,22,0.21494441822227633,0.27117695694359567,gas metabolism
D-2,23,0.05156509452655849,0.230210788330001,gas metabolism
D-2,24,-0.05892713875050504,1.1001511464617477,gas metabolism
D-2,25,0.008575770424752266,0.47661931129857743,gas metabolism
D-2,3,-0.030841998555517777,0.6521511527650323,gas metabolism
D-2,30,0.0076298627369877255,0.6196860533424517,gas metabolism
D-2,31,-0.03243362192223796,0.527944328061112,gas metabolism
D-2,32,0.12350516336560785,0.3083750888208941,gas metabolism
D-2,33,0.048443644957906366,0.3222407651468971,gas metabolism
D-2,36,0.0018951646556086383,0.5559105338105921,gas metabolism
D-2,37,0.18759297258476762,0.45564873688325647,gas metabolism
D-2,54,-0.12875284573891574,0.4851526282618261,gas metabolism
D-2,56,-0.038548945327825185,0.6270440703757855,gas metabolism
D-2,59,0.12054569312272047,0.6185499128932891,gas metabolism
D-2,70,0.08831830444855689,0.8303332433478678,gas metabolism
D-2,71,0.11122309414659663,0.9741927037844342,gas metabolism
D-2,75,-0.04332190655178083,0.5577741870125533,gas metabolism
D-2,77,0.1416218728661812,1.027154314273573,gas metabolism
D-2,78,0.2266505656195923,0.43515077803114716,gas metabolism
D-2,88,-0.10525157637346651,0.5520999372661913,gas metabolism
D-2,89,0.08713469887663335,0.3585988001214733,gas metabolism
D-2,90,-0.11791050829159215,0.35382207340810745,gas metabolism
D-3,11,0.1471396734633947,0.5592499184839902,gas metabolism
D-3,12,0.027593876859278468,0.7114306546374085,gas metabolism
D-3,18,0.24272054255073125,0.5164397865467628,gas metabolism
D-3,23,-0.0562153033099009,0.21722147300391934,gas metabolism
D-3,24,0.10084267114307184,0.49640736231164156,gas metabolism
D-3,25,-0.013144976363604904,0.38243058814077624,gas metabolism
D-3,3,0.05649447246708396,0.3607423445288653,gas metabolism
D-3,30,0.07783921700381555,0.41271047894551094,gas metabolism
D-3,31,-0.0549809400618959,0.30518745123448476,gas metabolism
D-3,32,-0.011991510637209268,0.26511095441613697,gas metabolism
D-3,33,0.15212145351533196,0.2588469840687492,gas metabolism
D-3,36,0.05498849849299942,0.3998895569947066,gas metabolism
D-3,37,0.28914095587602784,0.24326673785605005,gas metabolism
D-3,54,-0.17719881016345987,0.3563784228649771,gas metabolism
D-3,56,0.17808686571733473,0.4096121100040098,gas metabolism
D-3,59,0.19513808598164734,0.3750397211567466,gas metabolism
D-3,70,0.20966993525152774,0.5735492256738818,gas metabolism
D-3,71,0.20429612743535636,0.5471341577156551,gas metabolism
D-3,75,0.03073285708141889,0.38657043419433335,gas metabolism
D-3,77,0.29940619509387545,0.7174391760058308,gas metabolism
D-3,78,0.22456336981571454,0.4222112768990482,gas metabolism
D-3,88,-0.12940880281099504,0.43361981933693455,gas metabolism
D-3,89,0.2009404024595437,0.2761446260176485,gas metabolism
D-3,90,-0.20226566868124474,0.34263988119797584,gas metabolism
D-4,11,0.22105837089250407,0.7236566952852272,gas metabolism
D-4,12,-0.043785915580799174,0.5023841555464865,gas metabolism
D-4,16,0.1866702059878272,0.7134788158114658,gas metabolism
D-4,18,0.12377903920114523,0.7253473905240951,gas metabolism
D-4,19,0.25114795004932783,0.42459937166352274,gas metabolism
D-4,22,0.22545389140912434,0.26955681140723176,gas metabolism
D-4,24,-0.1067848667542382,1.0954788302848253,gas metabolism
D-4,25,-0.007491612882762964,0.5695494303965343,gas metabolism
D-4,3,-0.12096914654831985,0.9761263878100737,gas metabolism
D-4,30,-0.01794808114778353,0.5360254135205661,gas metabolism
D-4,32,0.12433385903688929,0.2790213671503936,gas metabolism
D-4,33,0.11015399175514115,0.2856105234030371,gas metabolism
D-4,36,0.025203906013118147,0.640339262505139,gas metabolism
D-4,37,0.20022494311244882,0.3235009676303747,gas metabolism
D-4,54,-0.08853707073085887,0.3868379094629665,gas metabolism
D-4,56,0.06803681091677287,0.7915183041632117,gas metabolism
D-4,59,0.16292234109924558,0.4840371197028749,gas metabolism
D-4,70,0.08898468251046276,0.9820557651452736,gas metabolism
D-4,71,0.067341869762449,1.0621204764985637,gas metabolism
D-4,75,-0.10508538954461707,0.552102669260365,gas metabolism
D-4,77,0.15966679891545205,1.2513103127558203,gas metabolism
D-4,78,0.21659058490502345,0.4065477334696553,gas metabolism
D-4,88,-0.1931168640751687,0.5598921433750748,gas metabolism
D-4,89,0.12090700929178953,0.3259170442806532,gas metabolism
D-4,90,-0.1864037442273468,0.22912604524786845,gas metabolism
D-5Fryst,11,0.22072146210395477,0.598044272797364,gas metabolism
D-5Fryst,12,-0.0459055561132191,0.46785506378290037,gas metabolism
D-5Fryst,16,0.1892849573617269,0.46290550353923643,gas metabolism
D-5Fryst,18,0.10858893791261356,0.8162308342537707,gas metabolism
D-5Fryst,19,0.24350531928558528,0.4331137644330947,gas metabolism
D-5Fryst,22,0.2285974292091629,0.26666161244548636,gas metabolism
D-5Fryst,23,0.05481716943153338,0.20890163465733996,gas metabolism
D-5Fryst,24,-0.048729734664060526,1.0774734740871486,gas metabolism
D-5Fryst,25,-0.0848982990802068,0.558661996316339,gas metabolism
D-5Fryst,3,-0.11414749836802085,0.52798684892728,gas metabolism
D-5Fryst,30,-0.09278138693151591,0.5549862515461289,gas metabolism
D-5Fryst,31,-0.13710475462185123,0.47214919504140923,gas metabolism
D-5Fryst,32,0.04669169477712428,0.2807332781526772,gas metabolism
D-5Fryst,33,0.06557892352984108,0.2954504868151511,gas metabolism
D-5Fryst,36,-0.03978206147602071,0.5613845268501453,gas metabolism
D-5Fryst,54,-0.14591516377014263,0.3999846751283615,gas metabolism
D-5Fryst,56,0.047020719628544774,0.7331563411848886,gas metabolism
D-5Fryst,59,0.13702394750415015,0.4535152732811822,gas metabolism
D-5Fryst,70,0.0674724086242185,0.7999128087688201,gas metabolism
D-5Fryst,71,0.083124132959645,0.9937251436211351,gas metabolism
D-5Fryst,75,-0.10471236319016233,0.5155280006744111,gas metabolism
D-5Fryst,77,0.16785237838706668,0.9386934348270004,gas metabolism
D-5Fryst,78,0.21821957516528764,0.5714050711244767,gas metabolism
D-5Fryst,88,-0.27931102439440236,0.676120755051815,gas metabolism
D-5Fryst,89,0.08746036401483734,0.34875944776894685,gas metabolism
D-5Fryst,90,-0.23040766755049108,0.25488270651272,gas metabolism
D-6Fresk,11,0.22681807303899928,1.3732490417287198,gas metabolism
D-6Fresk,12,0.05333776187823788,0.5114736559397296,gas metabolism
D-6Fresk,16,0.26944298176849824,1.0516845278949671,gas metabolism
D-6Fresk,18,0.23401916874007475,0.5843642933593527,gas metabolism
D-6Fresk,19,0.31421198688646407,0.2966901835218788,gas metabolism
D-6Fresk,22,0.264698380427245,0.2517753426260902,gas metabolism
D-6Fresk,23,0.10648815074032347,0.1881601779533285,gas metabolism
D-6Fresk,3,0.14211607382392313,0.3878132486961622,gas metabolism
D-6Fresk,31,0.03953154941471211,0.23178769027713322,gas metabolism
D-6Fresk,32,0.17065046910360018,0.23538922578902235,gas metabolism
D-6Fresk,36,0.12207510365296273,0.32902129589530743,gas metabolism
D-6Fresk,37,0.23009823976285668,0.31733250608562186,gas metabolism
D-6Fresk,54,-0.00013005800643876638,0.2896260952443353,gas metabolism
D-6Fresk,56,0.21394495911516437,0.31146411265834567,gas metabolism
D-6Fresk,59,0.3893646795367954,0.3078416555917321,gas metabolism
D-6Fresk,70,0.2606471573995001,0.34607816033761957,gas metabolism
D-6Fresk,71,0.23616159938431963,0.5803946769912244,gas metabolism
D-6Fresk,75,0.0920680601054283,0.28899904743542904,gas metabolism
D-6Fresk,77,0.2695578233492635,0.846669304520424,gas metabolism
D-6Fresk,78,0.24958596513727688,0.47617577125829047,gas metabolism
D-6Fresk,88,-0.04934135226655018,0.19792782410772433,gas metabolism
D-6Fresk,89,0.23514331827721208,0.3516818444197464,gas metabolism
D-6Fresk,90,-0.03966874370651069,0.33292662218205665,gas metabolism
D-7Fryst,11,0.20249821053577496,0.28731270104617784,gas metabolism
D-7Fryst,12,-0.06155639468002553,0.4382710087261356,gas metabolism
D-7Fryst,16,0.12541555101895493,0.2850433393686887,gas metabolism
D-7Fryst,19,0.06168825230237388,0.30365814462305407,gas metabolism
D-7Fryst,22,0.22175201931180333,0.2076477225238009,gas metabolism
D-7Fryst,23,0.07081144030426038,0.19393354345768268,gas metabolism
D-7Fryst,24,-0.0949759374404328,0.3608780748845549,gas metabolism
D-7Fryst,25,-0.047177734785272325,0.41649018273060895,gas metabolism
D-7Fryst,3,-0.050222857181401556,0.35361222004754933,gas metabolism
D-7Fryst,30,-0.010731214069288874,0.22015995400279242,gas metabolism
D-7Fryst,31,-0.1390636294861054,0.4654745038686716,gas metabolism
D-7Fryst,33,0.15187693914372194,0.22751732452819376,gas metabolism
D-7Fryst,37,0.2306212544746674,0.232923026710458,gas metabolism
D-7Fryst,54,-0.07386677293789888,0.3398890279284266,gas metabolism
D-7Fryst,56,0.0481465251702022,0.2701089009312708,gas metabolism
D-7Fryst,59,0.07387050664348814,0.36091618024453787,gas metabolism
D-7Fryst,70,0.06616992097766303,0.5451189028921617,gas metabolism
D-7Fryst,71,0.05458880899573224,0.6513566276717834,gas metabolism
D-7Fryst,75,-0.06497814864204356,0.24649991777597507,gas metabolism
D-7Fryst,77,0.1441723250813369,0.7332748901520838,gas metabolism
D-7Fryst,78,0.20221404059274012,0.44745528120442546,gas metabolism
D-7Fryst,88,-0.21250539866099943,0.3896042412539219,gas metabolism
D-7Fryst,89,0.042951062997957,0.2825956082353388,gas metabolism
D-7Fryst,90,-0.0878508582534435,0.20325222768520487,gas metabolism
D-9Fryst,11,0.4520349055319472,0.13559211665026916,gas metabolism
D-9Fryst,12,0.054470095501375,0.20758576432721507,gas metabolism
D-9Fryst,16,0.3764029678717075,0.11587631568982185,gas metabolism
D-9Fryst,18,0.21816589683912735,0.4720908840953142,gas metabolism
D-9Fryst,19,0.3351328917608346,0.14283364567687387,gas metabolism
D-9Fryst,22,0.29009546003709474,0.13091502814671294,gas metabolism
D-9Fryst,23,0.15431209246717667,0.14019185411655907,gas metabolism
D-9Fryst,24,0.10396090819095513,0.14790231098081694,gas metabolism
D-9Fryst,25,0.0035270148255345754,0.22158336374659435,gas metabolism
D-9Fryst,3,-0.19480375972871183,0.24285311842099855,gas metabolism
D-9Fryst,30,0.061780850292892986,0.13024942159660388,gas metabolism
D-9Fryst,31,-0.009364712479310328,0.15730846048679037,gas metabolism
D-9Fryst,32,0.07847737573027493,0.160834317260854,gas metabolism
D-9Fryst,33,0.03703727091152906,0.18424176166152206,gas metabolism
D-9Fryst,36,0.19801883886574262,0.2828056270938577,gas metabolism
D-9Fryst,37,0.2981049714679599,0.1081048171442567,gas metabolism
D-9Fryst,56,0.1455691215641825,0.13730301763563435,gas metabolism
D-9Fryst,59,0.28511973991597317,0.13530195707125303,gas metabolism
D-9Fryst,70,0.21374472336026468,0.2059499716154417,gas metabolism
D-9Fryst,71,0.18158090376841318,0.2750536982935162,gas metabolism
D-9Fryst,75,0.058943786051576345,0.15981362636747662,gas metabolism
D-9Fryst,77,0.3268491594002018,0.41893844232124855,gas metabolism
D-9Fryst,78,0.2817655990291999,0.3913687070524968,gas metabolism
D-9Fryst,88,-0.28390649719495364,0.15325215378446974,gas metabolism
D-9Fryst,89,0.01204260631609318,0.1944773097721315,gas metabolism
D-9Fryst,90,-0.22676716251943552,0.1835091110215516,gas metabolism
D-10,11,0.3105815199185404,0.18685182741690232,sulfur metabolism
D-10,12,0.06561113024527154,0.6819196110761687,sulfur metabolism
D-10,16,0.44797034927657015,0.04646795915931732,sulfur metabolism
D-10,18,0.32063717986706963,0.024312393611539647,sulfur metabolism
D-10,19,0.2667467230281505,0.07511904043378312,sulfur metabolism
D-10,22,0.2384015425409633,0.11915480715647948,sulfur metabolism
D-10,23,0.10508062617526881,0.16071109718135662,sulfur metabolism
D-10,24,0.18060878805539532,0.10946028356905856,sulfur metabolism
D-10,25,0.04833619292630116,0.16611581274437323,sulfur metabolism
D-10,3,-0.010045195531365873,0.04463425914322907,sulfur metabolism
D-10,30,0.15772341846100632,0.3240068323834385,sulfur metabolism
D-10,31,-0.014534878351317468,0.20209401413835315,sulfur metabolism
D-10,32,0.09279557981894156,0.312440552766896,sulfur metabolism
D-10,33,0.1452774537266111,0.05521840976303944,sulfur metabolism
D-10,36,0.06007760159934854,0.6536449284744651,sulfur metabolism
D-10,37,0.3564556741544495,0.057636414889453376,sulfur metabolism
D-10,54,-0.06676073174740763,0.1522395125645332,sulfur metabolism
D-10,70,0.29731244894567427,0.30315767176523845,sulfur metabolism
D-10,71,0.20391425466892546,0.06830390999686048,sulfur metabolism
D-10,75,0.12369548416539188,0.14043534330266214,sulfur metabolism
D-10,77,0.275977446911633,0.18604837927236714,sulfur metabolism
D-10,78,0.3045452221138164,0.6170825390107464,sulfur metabolism
D-10,88,-0.15246245350015822,0.09706477402551889,sulfur metabolism
D-10,89,0.08170160727400938,0.27192814063504656,sulfur metabolism
D-10,90,-0.2506566619688429,0.2326623616656486,sulfur metabolism
D-12,11,0.17043542884792667,0.12278094186937669,sulfur metabolism
D-12,12,0.02503508458204448,0.29086443316611454,sulfur metabolism
D-12,16,0.14548279062191785,0.1280553555543261,sulfur metabolism
D-12,18,0.19219196018055626,0.041639726933656813,sulfur metabolism
D-12,19,0.035575845058760665,0.1626756880255713,sulfur metabolism
D-12,22,0.17163740943981065,0.08767766674763099,sulfur metabolism
D-12,23,0.059280905489629596,0.15497861563878096,sulfur metabolism
D-12,24,0.030712696463211023,0.1745213495809178,sulfur metabolism
D-12,25,-0.11887265350341357,0.13866215422176142,sulfur metabolism
D-12,3,-0.17812676031186156,0.05264314903989938,sulfur metabolism
D-12,30,-0.03957419681195041,0.2583657192106118,sulfur metabolism
D-12,31,-0.1750698087423868,0.26723430372774337,sulfur metabolism
D-12,32,-0.04617881529056613,0.14657208803534943,sulfur metabolism
D-12,33,-0.11415118475808843,0.09489451845493435,sulfur metabolism
D-12,36,-0.025839358473929288,0.23798328707632202,sulfur metabolism
D-12,37,0.2267984006620882,0.08561305556035959,sulfur metabolism
D-12,54,-0.31759545492874536,0.16661418835715994,sulfur metabolism
D-12,56,0.04070356641963459,0.12308573172751744,sulfur metabolism
D-12,59,0.1431234340960174,0.10616123963209519,sulfur metabolism
D-12,75,-0.006278950877020389,0.19642887740933,sulfur metabolism
D-12,77,0.2056942381200173,0.16854643926627774,sulfur metabolism
D-12,78,0.2753164719636311,0.29469800015963815,sulfur metabolism
D-12,88,-0.24395534886204018,0.04580329651497757,sulfur metabolism
D-12,89,-0.25938036347529203,0.16353347374252242,sulfur metabolism
D-12,90,-0.22107915869225908,0.06848371984328487,sulfur metabolism
D-13U,11,0.2223967119628439,0.06883388192096244,sulfur metabolism
D-13U,12,0.07370598217890256,0.09020351244572174,sulfur metabolism
D-13U,16,0.2761413422720155,0.12087000795064172,sulfur metabolism
D-13U,18,0.25599085345048095,0.01472458934442396,sulfur metabolism
D-13U,19,0.174360383466058,0.18013591456647754,sulfur metabolism
D-13U,22,0.22814309160908586,0.13027035222002314,sulfur metabolism
D-13U,23,0.11263821794336347,0.04477679414658346,sulfur metabolism
D-13U,24,0.197650266101231,0.020464309410513797,sulfur metabolism
D-13U,25,-0.037153900002902605,0.019636324192832545,sulfur metabolism
D-13U,3,-0.2732465784841402,0.014146899973417684,sulfur metabolism
D-13U,30,0.01125296122986977,0.3096050752745163,sulfur metabolism
D-13U,31,-0.08117389471500339,0.2223581777314768,sulfur metabolism
D-13U,32,0.006703899796965232,0.15128358986155624,sulfur metabolism
D-13U,33,-0.030062390227081577,0.1910489327527537,sulfur metabolism
D-13U,36,0.10116536455120456,0.08540054963063601,sulfur metabolism
D-13U,37,0.23938948335484234,0.08460629084977836,sulfur metabolism
D-13U,54,-0.17552941053301066,0.021885895428111653,sulfur metabolism
D-13U,56,0.09057798923213663,0.11880436944503683,sulfur metabolism
D-13U,59,0.16703638401179832,0.09789837787273657,sulfur metabolism
D-13U,70,0.1315685955293471,0.0806631933731019,sulfur metabolism
D-13U,71,0.08782366616581148,0.025363028501701773,sulfur metabolism
D-13U,88,-0.2523113079136952,0.042896532346773444,sulfur metabolism
D-13U,89,-0.11327091557637918,0.061705773584790166,sulfur metabolism
D-13U,90,-0.2967333545124767,0.04286048404353377,sulfur metabolism
D-14,11,0.31754432770135926,0.0889839085914824,sulfur metabolism
D-14,12,0.07148183479269898,1.3146222546007378,sulfur metabolism
D-14,16,0.24595959455162344,0.5133623713302535,sulfur metabolism
D-14,18,0.2066862999243782,0.030415289130737173,sulfur metabolism
D-14,19,0.2837366006085887,0.3927627567960711,sulfur metabolism
D-14,22,0.27609863796148837,0.1107566146945024,sulfur metabolism
D-14,23,0.25622655767562,0.26142851811198325,sulfur metabolism
D-14,24,0.09302496436934242,0.7914462046219781,sulfur metabolism
D-14,25,0.09512325629214059,0.2651499737435141,sulfur metabolism
D-14,3,-0.2868478685703388,0.11889516812111753,sulfur metabolism
D-14,30,0.11035561068871585,1.016934497162481,sulfur metabolism
D-14,31,0.0879269873722694,0.32664472346309814,sulfur metabolism
D-14,32,0.13974276090074866,0.19605423746239709,sulfur metabolism
D-14,33,0.13323333842704319,0.2235952732668695,sulfur metabolism
D-14,36,0.06755800123885791,0.9503042018217888,sulfur metabolism
D-14,37,0.26968399876032356,0.32289791363589626,sulfur metabolism
D-14,54,0.035725307761771484,0.2365853007074196,sulfur metabolism
D-14,56,0.1131965804218556,0.9430563724015166,sulfur metabolism
D-14,59,0.17255460085809965,0.30277796189800055,sulfur metabolism
D-14,70,0.18146477171037562,0.9082030817103997,sulfur metabolism
D-14,71,0.12944271160987952,0.1117832941708562,sulfur metabolism
D-14,75,0.0982208237646753,0.3812800079832739,sulfur metabolism
D-14,77,0.23161268177484248,0.3262727694402794,sulfur metabolism
D-14,78,0.32370195706420385,0.7346738079637596,sulfur metabolism
D-14,88,0.06707198624079008,0.07089522425775946,sulfur metabolism
D-14,89,-0.018096211085061837,0.36213303043423983,sulfur metabolism
D-15Fryst,11,0.15191574214371475,0.6126975245718469,sulfur metabolism
D-15Fryst,12,-0.04991504638272966,0.5141293882125698,sulfur metabolism
D-15Fryst,16,0.35686981066080437,0.16480670077624043,sulfur metabolism
D-15Fryst,18,0.2967184646806043,0.027433994847197107,sulfur metabolism
D-15Fryst,19,0.056159733316857016,0.2655921199573015,sulfur metabolism
D-15Fryst,22,0.3206728467216405,0.17050668230156107,sulfur metabolism
D-15Fryst,23,0.01469504621807856,0.24115071729744475,sulfur metabolism
D-15Fryst,24,0.27327105199018764,0.4858260308440803,sulfur metabolism
D-15Fryst,25,0.13565806649254086,0.27871014759281065,sulfur metabolism
D-15Fryst,3,0.07920010703393836,0.05806118323643024,sulfur metabolism
D-15Fryst,30,0.13856797286424938,0.4463761970027955,sulfur metabolism
D-15Fryst,31,0.05776441296493989,0.1972046033560691,sulfur metabolism
D-15Fryst,32,0.16567648550563002,0.343768821164782,sulfur metabolism
D-15Fryst,33,0.16528884263225954,0.05691375908224684,sulfur metabolism
D-15Fryst,36,-0.10194671603341446,0.5115374551431234,sulfur metabolism
D-15Fryst,37,0.37912253729362194,0.05106476952584947,sulfur metabolism
D-15Fryst,54,-0.20875617531081903,0.20263062760732176,sulfur metabolism
D-15Fryst,56,0.1969569295256649,0.36496845845438736,sulfur metabolism
D-15Fryst,59,0.29052579465312817,0.20834081686734152,sulfur metabolism
D-15Fryst,70,0.10318964064087449,0.4134672600109519,sulfur metabolism
D-15Fryst,71,0.1762725299185905,0.09818079196243232,sulfur metabolism
D-15Fryst,75,0.2270242030554852,0.2197010325794151,sulfur metabolism
D-15Fryst,77,0.23073858230062005,0.3949726180738273,sulfur metabolism
D-15Fryst,78,0.4064038108900896,0.5965607582262765,sulfur metabolism
D-15Fryst,90,0.1396265268736193,0.1823027058988334,sulfur metabolism
D-2,16,0.12799612722968093,0.27486470629550347,sulfur metabolism
D-2,18,0.1210913711017701,0.03371669276720438,sulfur metabolism
D-2,19,0.151797656223029,0.4034865504471169,sulfur metabolism
D-2,22,0.21494441822227633,0.0892017760989686,sulfur metabolism
D-2,23,0.05156509452655849,0.19745817230156626,sulfur metabolism
D-2,24,-0.05892713875050504,0.14163522050499452,sulfur metabolism
D-2,25,0.008575770424752266,0.21294798346440771,sulfur metabolism
D-2,3,-0.030841998555517777,0.14708214863098815,sulfur metabolism
D-2,30,0.0076298627369877255,0.4773823764584712,sulfur metabolism
D-2,31,-0.03243362192223796,0.6923216930848508,sulfur metabolism
D-2,32,0.12350516336560785,0.32558605251601214,sulfur metabolism
D-2,33,0.048443644957906366,0.1907125005470974,sulfur metabolism
D-2,36,0.0018951646556086383,0.7691574668375316,sulfur metabolism
D-2,37,0.18759297258476762,0.2795475732468783,sulfur metabolism
D-2,54,-0.12875284573891574,0.23394892908406498,sulfur metabolism
D-2,56,-0.038548945327825185,0.28189027432151303,sulfur metabolism
D-2,59,0.12054569312272047,0.16094873303464455,sulfur metabolism
D-2,70,0.08831830444855689,0.7924034573702587,sulfur metabolism
D-2,71,0.11122309414659663,0.1776132938429473,sulfur metabolism
D-2,75,-0.04332190655178083,0.5010242133580305,sulfur metabolism
D-2,77,0.1416218728661812,0.30020349184113815,sulfur metabolism
D-2,78,0.2266505656195923,2.3577577152660565,sulfur metabolism
D-2,88,-0.10525157637346651,0.0890409837456211,sulfur metabolism
D-2,89,0.08713469887663335,0.3205306663269979,sulfur metabolism
D-2,90,-0.11791050829159215,0.1872871993714288,sulfur metabolism
D-3,11,0.1471396734633947,0.07690165676678598,sulfur metabolism
D-3,12,0.027593876859278468,0.10450283272116254,sulfur metabolism
D-3,18,0.24272054255073125,0.0212127986048867,sulfur metabolism
D-3,23,-0.0562153033099009,0.04573272523311508,sulfur metabolism
D-3,24,0.10084267114307184,0.02029580790004476,sulfur metabolism
D-3,25,-0.013144976363604904,0.023943894675830624,sulfur metabolism
D-3,3,0.05649447246708396,0.010309926647964738,sulfur metabolism
D-3,30,0.07783921700381555,0.3189336226938374,sulfur metabolism
D-3,31,-0.0549809400618959,0.8509378734045816,sulfur metabolism
D-3,32,-0.011991510637209268,0.0393740898103212,sulfur metabolism
D-3,33,0.15212145351533196,0.05347430907881812,sulfur metabolism
D-3,36,0.05498849849299942,0.10589456598820372,sulfur metabolism
D-3,37,0.28914095587602784,0.041416821827869814,sulfur metabolism
D-3,54,-0.17719881016345987,0.035206182084326375,sulfur metabolism
D-3,56,0.17808686571733473,0.1559436392340852,sulfur metabolism
D-3,59,0.19513808598164734,0.04526405898261017,sulfur metabolism
D-3,70,0.20966993525152774,0.0692266342312209,sulfur metabolism
D-3,71,0.20429612743535636,0.015487616780977223,sulfur metabolism
D-3,75,0.03073285708141889,0.06268708080958485,sulfur metabolism
D-3,77,0.29940619509387545,0.02487747316229469,sulfur metabolism
D-3,78,0.22456336981571454,0.17963763016541678,sulfur metabolism
D-3,88,-0.12940880281099504,0.058401262399615635,sulfur metabolism
D-3,89,0.2009404024595437,0.0639080573881431,sulfur metabolism
D-3,90,-0.20226566868124474,0.08496211930341045,sulfur metabolism
D-4,11,0.22105837089250407,0.3108194323207294,sulfur metabolism
D-4,12,-0.043785915580799174,0.3594038510938696,sulfur metabolism
D-4,16,0.1866702059878272,0.30390260824534776,sulfur metabolism
D-4,18,0.12377903920114523,0.027780073547970133,sulfur metabolism
D-4,19,0.25114795004932783,0.2556595754236629,sulfur metabolism
D-4,22,0.22545389140912434,0.09101637095712173,sulfur metabolism
D-4,24,-0.1067848667542382,0.7257658373437196,sulfur metabolism
D-4,25,-0.007491612882762964,0.249758487843659,sulfur metabolism
D-4,3,-0.12096914654831985,0.18444533327353022,sulfur metabolism
D-4,30,-0.01794808114778353,0.4467250113938295,sulfur metabolism
D-4,32,0.12433385903688929,0.29753250846060475,sulfur metabolism
D-4,33,0.11015399175514115,0.10639977651408639,sulfur metabolism
D-4,36,0.025203906013118147,0.7232531548879677,sulfur metabolism
D-4,37,0.20022494311244882,0.11517824846377044,sulfur metabolism
D-4,54,-0.08853707073085887,0.22783012052278884,sulfur metabolism
D-4,56,0.06803681091677287,0.8192744535920216,sulfur metabolism
D-4,59,0.16292234109924558,0.0776250371488953,sulfur metabolism
D-4,70,0.08898468251046276,0.5752693494661647,sulfur metabolism
D-4,71,0.067341869762449,0.1229796754707057,sulfur metabolism
D-4,75,-0.10508538954461707,0.2792930833635312,sulfur metabolism
D-4,77,0.15966679891545205,0.4033604308870359,sulfur metabolism
D-4,78,0.21659058490502345,0.9597070496412239,sulfur metabolism
D-4,88,-0.1931168640751687,0.10577334953880943,sulfur metabolism
D-4,89,0.12090700929178953,0.20925813592356887,sulfur metabolism
D-4,90,-0.1864037442273468,0.10794162204820199,sulfur metabolism
D-5Fryst,11,0.22072146210395477,0.2415380569611293,sulfur metabolism
D-5Fryst,12,-0.0459055561132191,0.33386652489667046,sulfur metabolism
D-5Fryst,16,0.1892849573617269,0.1911314780497425,sulfur metabolism
D-5Fryst,18,0.10858893791261356,0.032841328603023995,sulfur metabolism
D-5Fryst,19,0.24350531928558528,0.20455427152583006,sulfur metabolism
D-5Fryst,22,0.2285974292091629,0.08482087239930336,sulfur metabolism
D-5Fryst,23,0.05481716943153338,0.16634899659817193,sulfur metabolism
D-5Fryst,24,-0.048729734664060526,0.14417476095057527,sulfur metabolism
D-5Fryst,25,-0.0848982990802068,0.3430397421072534,sulfur metabolism
D-5Fryst,3,-0.11414749836802085,0.11848227039143852,sulfur metabolism
D-5Fryst,30,-0.09278138693151591,0.5050228279765574,sulfur metabolism
D-5Fryst,31,-0.13710475462185123,0.6376382325562515,sulfur metabolism
D-5Fryst,32,0.04669169477712428,0.3080072081395878,sulfur metabolism
D-5Fryst,33,0.06557892352984108,0.11018242620492233,sulfur metabolism
D-5Fryst,36,-0.03978206147602071,0.46355152567366953,sulfur metabolism
D-5Fryst,54,-0.14591516377014263,0.2832279002994572,sulfur metabolism
D-5Fryst,56,0.047020719628544774,0.3119556176224151,sulfur metabolism
D-5Fryst,59,0.13702394750415015,0.08401058197731207,sulfur metabolism
D-5Fryst,70,0.0674724086242185,0.45230868770032717,sulfur metabolism
D-5Fryst,71,0.083124132959645,0.1343349244102281,sulfur metabolism
D-5Fryst,75,-0.10471236319016233,0.3361048295510738,sulfur metabolism
D-5Fryst,77,0.16785237838706668,0.30134236157392436,sulfur metabolism
D-5Fryst,78,0.21821957516528764,2.1987287011829144,sulfur metabolism
D-5Fryst,88,-0.27931102439440236,0.1192098307696158,sulfur metabolism
D-5Fryst,89,0.08746036401483734,0.17548933005677744,sulfur metabolism
D-5Fryst,90,-0.23040766755049108,0.11058555392406064,sulfur metabolism
D-6Fresk,16,0.26944298176849824,3.895171839386473e-08,sulfur metabolism
D-6Fresk,36,0.12207510365296273,2.5092480612864105e-07,sulfur metabolism
D-6Fresk,54,-0.00013005800643876638,6.928128264291348e-06,sulfur metabolism
D-6Fresk,70,0.2606471573995001,5.79814482237114e-07,sulfur metabolism
D-7Fryst,11,0.20249821053577496,5.553709640899524e-08,sulfur metabolism
D-7Fryst,16,0.12541555101895493,1.4600919928873306e-08,sulfur metabolism
D-7Fryst,19,0.06168825230237388,1.040298377391291e-08,sulfur metabolism
D-7Fryst,23,0.07081144030426038,6.798106023499304e-09,sulfur metabolism
D-7Fryst,24,-0.0949759374404328,1.0024157473231492e-08,sulfur metabolism
D-7Fryst,25,-0.047177734785272325,2.7149585854249355e-07,sulfur metabolism
D-7Fryst,33,0.15187693914372194,6.691797813328646e-09,sulfur metabolism
D-7Fryst,56,0.0481465251702022,4.033555384743342e-09,sulfur metabolism
D-7Fryst,59,0.07387050664348814,2.8883040090684566e-08,sulfur metabolism
D-7Fryst,70,0.06616992097766303,3.237736309293633e-09,sulfur metabolism
D-7Fryst,77,0.1441723250813369,1.8747495996911054e-09,sulfur metabolism
D-7Fryst,89,0.042951062997957,6.257786435844976e-09,sulfur metabolism
D-9Fryst,23,0.15431209246717667,9.236305663159628e-09,sulfur metabolism
