taxon,average_distance,recipient,donor_subject,n_donor_replicates_used
818,4.132934798890701,FAT_006,FAT_DON_11,3
904,2.2354410270995837,FAT_006,FAT_DON_11,3
205913,6.2738036132792665,FAT_006,FAT_DON_11,3
206672,6.114363576550159,FAT_006,FAT_DON_11,3
207244,1.311986796758137,FAT_006,FAT_DON_11,3
213810,5.267243398945746,FAT_006,FAT_DON_11,3
226186,7.162643453755244,FAT_006,FAT_DON_11,3
246198,1.8654138450790587,FAT_006,FAT_DON_11,3
246201,0.0,FAT_006,FAT_DON_11,3
264199,4.517010551825996,FAT_006,FAT_DON_11,3
264731,2.7120382023279803,FAT_006,FAT_DON_11,3
272559,3.396185143556282,FAT_006,FAT_DON_11,3
272621,3.984626741711936,FAT_006,FAT_DON_11,3
295405,4.2740057205906465,FAT_006,FAT_DON_11,3
314315,2.6511077471921234,FAT_006,FAT_DON_11,3
321967,3.5018369022221,FAT_006,FAT_DON_11,3
326426,2.04965279116624,FAT_006,FAT_DON_11,3
347253,4.011384084646211,FAT_006,FAT_DON_11,3
349741,1.9445267927768322,FAT_006,FAT_DON_11,3
367928,9.738216683400202,FAT_006,FAT_DON_11,3
391904,4.351090370391134,FAT_006,FAT_DON_11,3
398513,2.3793826931927473,FAT_006,FAT_DON_11,3
409438,2.758244312118618,FAT_006,FAT_DON_11,3
411459,7.9351218529522045,FAT_006,FAT_DON_11,3
411460,4.527953071465155,FAT_006,FAT_DON_11,3
411461,12.80445587808324,FAT_006,FAT_DON_11,3
411462,16.080737677648482,FAT_006,FAT_DON_11,3
411463,4.574105918685276,FAT_006,FAT_DON_11,3
411464,7.616796000985642,FAT_006,FAT_DON_11,3
411466,1.3998210213379334,FAT_006,FAT_DON_11,3
411467,4.8785919297945535,FAT_006,FAT_DON_11,3
411468,4.9032188275449196,FAT_006,FAT_DON_11,3
411469,13.582280252276922,FAT_006,FAT_DON_11,3
411470,6.032672290184976,FAT_006,FAT_DON_11,3
411471,8.695085892233084,FAT_006,FAT_DON_11,3
411473,6.553925263768317,FAT_006,FAT_DON_11,3
411474,9.015812341446898,FAT_006,FAT_DON_11,3
411475,7.320949155430554,FAT_006,FAT_DON_11,3
411476,4.653111616779993,FAT_006,FAT_DON_11,3
411477,10.267095445220283,FAT_006,FAT_DON_11,3
411479,7.755968819160387,FAT_006,FAT_DON_11,3
411483,11.203937349985074,FAT_006,FAT_DON_11,3
411484,9.808295613181347,FAT_006,FAT_DON_11,3
411485,11.38838071930155,FAT_006,FAT_DON_11,3
411486,9.205749538255276,FAT_006,FAT_DON_11,3
411487,9.394781769332555,FAT_006,FAT_DON_11,3
411489,13.080185650412687,FAT_006,FAT_DON_11,3
411490,5.55797130531644,FAT_006,FAT_DON_11,3
411901,1.0119014203782521,FAT_006,FAT_DON_11,3
411902,4.6593543430748285,FAT_006,FAT_DON_11,3
411903,14.72669035496178,FAT_006,FAT_DON_11,3
420247,5.065351211865121,FAT_006,FAT_DON_11,3
428125,4.044484852488064,FAT_006,FAT_DON_11,3
428126,1.02981136701441,FAT_006,FAT_DON_11,3
428127,5.550935685657187,FAT_006,FAT_DON_11,3
428128,6.918010451293672,FAT_006,FAT_DON_11,3
435590,11.91402057936441,FAT_006,FAT_DON_11,3
435591,7.454044095363937,FAT_006,FAT_DON_11,3
435830,1.852510934426272,FAT_006,FAT_DON_11,3
442563,2.3929410962976263,FAT_006,FAT_DON_11,3
445970,8.25473156448561,FAT_006,FAT_DON_11,3
445972,6.947077765294476,FAT_006,FAT_DON_11,3
445973,5.782498867560718,FAT_006,FAT_DON_11,3
445975,2.963544366221452,FAT_006,FAT_DON_11,3
449673,4.866916399856039,FAT_006,FAT_DON_11,3
450749,2.06912647520005,FAT_006,FAT_DON_11,3
451640,8.348410547513835,FAT_006,FAT_DON_11,3
457387,3.849157377504829,FAT_006,FAT_DON_11,3
457388,6.181677797299827,FAT_006,FAT_DON_11,3
457390,1.6817464391274164,FAT_006,FAT_DON_11,3
457391,6.750824908392549,FAT_006,FAT_DON_11,3
457392,2.585667403547084,FAT_006,FAT_DON_11,3
457393,10.58520122992193,FAT_006,FAT_DON_11,3
457394,8.09436180055919,FAT_006,FAT_DON_11,3
457395,6.394036133642767,FAT_006,FAT_DON_11,3
457412,12.376856959935472,FAT_006,FAT_DON_11,3
457416,2.077315021469968,FAT_006,FAT_DON_11,3
457421,3.7017728647236416,FAT_006,FAT_DON_11,3
457424,3.4911894043683787,FAT_006,FAT_DON_11,3
469585,3.258349484326851,FAT_006,FAT_DON_11,3
469588,2.963925368185098,FAT_006,FAT_DON_11,3
469589,5.004276547847062,FAT_006,FAT_DON_11,3
469590,4.080461158753521,FAT_006,FAT_DON_11,3
469591,6.660886924094201,FAT_006,FAT_DON_11,3
469592,6.533976008699163,FAT_006,FAT_DON_11,3
469593,8.2737050034132,FAT_006,FAT_DON_11,3
469596,3.6636329585637157,FAT_006,FAT_DON_11,3
469610,1.7388086297456882,FAT_006,FAT_DON_11,3
470145,3.6285056116687806,FAT_006,FAT_DON_11,3
470146,9.88720754622362,FAT_006,FAT_DON_11,3
471870,2.2295704499867957,FAT_006,FAT_DON_11,3
471872,1.629432033682074,FAT_006,FAT_DON_11,3
471875,6.81013291037792,FAT_006,FAT_DON_11,3
473819,2.404408627213808,FAT_006,FAT_DON_11,3
476272,5.125248629945079,FAT_006,FAT_DON_11,3
478749,4.119809800810627,FAT_006,FAT_DON_11,3
479436,2.412482668692355,FAT_006,FAT_DON_11,3
479437,5.670328781890838,FAT_006,FAT_DON_11,3
483215,6.818864892223978,FAT_006,FAT_DON_11,3
483216,4.20526888768357,FAT_006,FAT_DON_11,3
483217,5.5144872641372755,FAT_006,FAT_DON_11,3
483218,6.150589493856525,FAT_006,FAT_DON_11,3
484018,8.274681127432517,FAT_006,FAT_DON_11,3
484020,7.523066671489047,FAT_006,FAT_DON_11,3
500632,6.569270845808227,FAT_006,FAT_DON_11,3
500635,2.5722351252631337,FAT_006,FAT_DON_11,3
511680,8.6939381243486,FAT_006,FAT_DON_11,3
515619,10.218818258423077,FAT_006,FAT_DON_11,3
515620,12.139076345002264,FAT_006,FAT_DON_11,3
518635,11.882052378252553,FAT_006,FAT_DON_11,3
518636,5.847471393991988,FAT_006,FAT_DON_11,3
518637,7.771895802382474,FAT_006,FAT_DON_11,3
521003,3.6156381839615377,FAT_006,FAT_DON_11,3
525259,3.95204030457799,FAT_006,FAT_DON_11,3
525306,3.824583198715898,FAT_006,FAT_DON_11,3
525337,3.2477461964047327,FAT_006,FAT_DON_11,3
525362,3.8530410936706736,FAT_006,FAT_DON_11,3
536231,7.6161894673522355,FAT_006,FAT_DON_11,3
537006,2.1997000652107315,FAT_006,FAT_DON_11,3
537007,6.084752526808708,FAT_006,FAT_DON_11,3
537011,9.553250769757526,FAT_006,FAT_DON_11,3
537012,5.010414218997756,FAT_006,FAT_DON_11,3
537013,3.9831272636222743,FAT_006,FAT_DON_11,3
537937,6.334768972930381,FAT_006,FAT_DON_11,3
537973,3.2281960263245075,FAT_006,FAT_DON_11,3
543734,2.1290989942621734,FAT_006,FAT_DON_11,3
545696,5.526455161127733,FAT_006,FAT_DON_11,3
545697,4.016057692777646,FAT_006,FAT_DON_11,3
546273,5.697055921152438,FAT_006,FAT_DON_11,3
547042,5.340557748856955,FAT_006,FAT_DON_11,3
547043,4.485947448545402,FAT_006,FAT_DON_11,3
548480,6.48653356174976,FAT_006,FAT_DON_11,3
552396,6.447504339707685,FAT_006,FAT_DON_11,3
552398,7.664811989739917,FAT_006,FAT_DON_11,3
552531,2.41554490268869,FAT_006,FAT_DON_11,3
553174,3.4481563348759408,FAT_006,FAT_DON_11,3
555970,2.4171072735057693,FAT_006,FAT_DON_11,3
556258,3.0104555895940703,FAT_006,FAT_DON_11,3
556259,1.5485741333666292,FAT_006,FAT_DON_11,3
556270,0.9720142808757882,FAT_006,FAT_DON_11,3
563192,2.8344003629837027,FAT_006,FAT_DON_11,3
563193,6.318494087718878,FAT_006,FAT_DON_11,3
565040,6.088962385949948,FAT_006,FAT_DON_11,3
565042,6.321786881794942,FAT_006,FAT_DON_11,3
566550,4.679113074173261,FAT_006,FAT_DON_11,3
566552,5.718796870050908,FAT_006,FAT_DON_11,3
568703,1.6544677991636656,FAT_006,FAT_DON_11,3
568816,2.488280512852272,FAT_006,FAT_DON_11,3
573236,2.4138267207615933,FAT_006,FAT_DON_11,3
580050,2.4028482061588394,FAT_006,FAT_DON_11,3
585394,8.98534711090619,FAT_006,FAT_DON_11,3
585543,10.448374400650119,FAT_006,FAT_DON_11,3
585544,1.1675051748415817,FAT_006,FAT_DON_11,3
591001,2.34735146453789,FAT_006,FAT_DON_11,3
592028,0.0,FAT_006,FAT_DON_11,3
622312,8.738421888833718,FAT_006,FAT_DON_11,3
626522,1.599664840009104,FAT_006,FAT_DON_11,3
626939,8.831856398240708,FAT_006,FAT_DON_11,3
633147,5.683493143897579,FAT_006,FAT_DON_11,3
641112,3.1025351611659935,FAT_006,FAT_DON_11,3
645463,4.321842037525521,FAT_006,FAT_DON_11,3
649757,8.01423827562003,FAT_006,FAT_DON_11,3
649764,2.4524601047075874,FAT_006,FAT_DON_11,3
657308,6.194457903214374,FAT_006,FAT_DON_11,3
657309,1.7422134280086887,FAT_006,FAT_DON_11,3
657313,9.606982791802537,FAT_006,FAT_DON_11,3
657314,7.693537449336783,FAT_006,FAT_DON_11,3
657317,10.026555706472097,FAT_006,FAT_DON_11,3
657319,8.446434098843257,FAT_006,FAT_DON_11,3
657321,10.992250388452801,FAT_006,FAT_DON_11,3
657322,10.98071600304259,FAT_006,FAT_DON_11,3
657323,14.082900730363008,FAT_006,FAT_DON_11,3
658089,8.415424720999587,FAT_006,FAT_DON_11,3
658659,5.670168827791197,FAT_006,FAT_DON_11,3
665943,3.0287252633270967,FAT_006,FAT_DON_11,3
665951,5.924881717560315,FAT_006,FAT_DON_11,3
665953,4.290217714205634,FAT_006,FAT_DON_11,3
679189,2.2666759111209545,FAT_006,FAT_DON_11,3
679192,2.3038930965390225,FAT_006,FAT_DON_11,3
679935,6.035051766689553,FAT_006,FAT_DON_11,3
702443,7.343298088756139,FAT_006,FAT_DON_11,3
702444,3.4585177607293933,FAT_006,FAT_DON_11,3
702447,4.161509678511053,FAT_006,FAT_DON_11,3
702459,2.427474453272349,FAT_006,FAT_DON_11,3
706433,2.2816090237358018,FAT_006,FAT_DON_11,3
709991,8.720689065665953,FAT_006,FAT_DON_11,3
717959,8.515887077407639,FAT_006,FAT_DON_11,3
717960,8.833018050086794,FAT_006,FAT_DON_11,3
717962,12.996903855797507,FAT_006,FAT_DON_11,3
718252,11.852481714115676,FAT_006,FAT_DON_11,3
742725,2.8998094096019407,FAT_006,FAT_DON_11,3
742726,5.5357979657930585,FAT_006,FAT_DON_11,3
742727,1.7374104674465454,FAT_006,FAT_DON_11,3
742729,2.40580304192279,FAT_006,FAT_DON_11,3
742733,4.4539774043510345,FAT_006,FAT_DON_11,3
742740,6.657695090518522,FAT_006,FAT_DON_11,3
742741,5.626831262593868,FAT_006,FAT_DON_11,3
742742,3.8452392335681314,FAT_006,FAT_DON_11,3
742743,2.5435366449424026,FAT_006,FAT_DON_11,3
742817,0.0,FAT_006,FAT_DON_11,3
742818,1.9437388887692038,FAT_006,FAT_DON_11,3
742820,3.384429343537932,FAT_006,FAT_DON_11,3
742821,3.391721987267316,FAT_006,FAT_DON_11,3
748224,11.929913860639909,FAT_006,FAT_DON_11,3
752555,2.4842736768427236,FAT_006,FAT_DON_11,3
759350,4.944016946811956,FAT_006,FAT_DON_11,3
762966,2.2963672393167003,FAT_006,FAT_DON_11,3
762968,12.696470389019042,FAT_006,FAT_DON_11,3
762982,7.607531800186425,FAT_006,FAT_DON_11,3
762983,2.6002368372283673,FAT_006,FAT_DON_11,3
762984,1.426075986878276,FAT_006,FAT_DON_11,3
763034,4.0765108725219585,FAT_006,FAT_DON_11,3
767031,2.8575430673458655,FAT_006,FAT_DON_11,3
862962,3.8191930801461567,FAT_006,FAT_DON_11,3
862965,3.6158727711637693,FAT_006,FAT_DON_11,3
866771,2.265666827214378,FAT_006,FAT_DON_11,3
866776,3.4403018361490996,FAT_006,FAT_DON_11,3
868129,7.227105923260176,FAT_006,FAT_DON_11,3
873513,2.954628270039722,FAT_006,FAT_DON_11,3
883156,3.578323702758977,FAT_006,FAT_DON_11,3
888048,2.538958226489146,FAT_006,FAT_DON_11,3
888832,1.9497243287755854,FAT_006,FAT_DON_11,3
888833,2.5108373726024764,FAT_006,FAT_DON_11,3
889204,1.546399933954019,FAT_006,FAT_DON_11,3
890402,6.24550958711584,FAT_006,FAT_DON_11,3
904306,3.2400263098451663,FAT_006,FAT_DON_11,3
927666,3.5106953502714453,FAT_006,FAT_DON_11,3
997884,0.0,FAT_006,FAT_DON_11,3
999410,5.826316196739555,FAT_006,FAT_DON_11,3
999412,3.6778790836946924,FAT_006,FAT_DON_11,3
999413,5.128527437697765,FAT_006,FAT_DON_11,3
1002367,7.75951776062075,FAT_006,FAT_DON_11,3
1035839,3.2427643840439,FAT_006,FAT_DON_11,3
1042156,7.617465801504398,FAT_006,FAT_DON_11,3
1042403,2.4067498845902335,FAT_006,FAT_DON_11,3
1064535,11.314512554353213,FAT_006,FAT_DON_11,3
1077285,4.988684827685527,FAT_006,FAT_DON_11,3
1121100,4.966624098458358,FAT_006,FAT_DON_11,3
1121101,5.164985092277084,FAT_006,FAT_DON_11,3
1121111,3.3588381057183745,FAT_006,FAT_DON_11,3
1121114,4.540099427608609,FAT_006,FAT_DON_11,3
1121115,11.001095941141024,FAT_006,FAT_DON_11,3
1121130,5.825915147057683,FAT_006,FAT_DON_11,3
1121315,3.3390022735992075,FAT_006,FAT_DON_11,3
1121333,4.635255164557887,FAT_006,FAT_DON_11,3
1121334,2.5753017158570137,FAT_006,FAT_DON_11,3
1121344,3.5006587618998033,FAT_006,FAT_DON_11,3
1122975,2.1104211900233945,FAT_006,FAT_DON_11,3
1122978,3.4027013382958238,FAT_006,FAT_DON_11,3
1122981,2.019071347438071,FAT_006,FAT_DON_11,3
1122982,2.03241244502922,FAT_006,FAT_DON_11,3
1122992,2.3783856610680534,FAT_006,FAT_DON_11,3
1122993,2.011024314162119,FAT_006,FAT_DON_11,3
1123075,3.446523318436979,FAT_006,FAT_DON_11,3
1123263,4.060525802684482,FAT_006,FAT_DON_11,3
1123313,3.3023312874111963,FAT_006,FAT_DON_11,3
1125712,3.819285164727445,FAT_006,FAT_DON_11,3
1150460,5.9960207775283765,FAT_006,FAT_DON_11,3
1156431,2.053477197209362,FAT_006,FAT_DON_11,3
1156433,1.937346403849484,FAT_006,FAT_DON_11,3
1160721,11.099235234005064,FAT_006,FAT_DON_11,3
1197728,2.0891045053419552,FAT_006,FAT_DON_11,3
1203465,2.172590081803182,FAT_006,FAT_DON_11,3
1203540,2.7850798812370017,FAT_006,FAT_DON_11,3
1203606,5.811373545475916,FAT_006,FAT_DON_11,3
1203610,1.172462765414098,FAT_006,FAT_DON_11,3
1203611,4.99667861994427,FAT_006,FAT_DON_11,3
1233170,3.78634882189148,FAT_006,FAT_DON_11,3
1235789,1.5520103330299957,FAT_006,FAT_DON_11,3
1235811,2.234132434112531,FAT_006,FAT_DON_11,3
1256908,7.154716792725657,FAT_006,FAT_DON_11,3
1280705,2.0850772042574053,FAT_006,FAT_DON_11,3
1282887,1.9430691224051435,FAT_006,FAT_DON_11,3
1292036,4.58427477153574,FAT_006,FAT_DON_11,3
1322347,6.233326750572119,FAT_006,FAT_DON_11,3
1384484,2.7559823041292724,FAT_006,FAT_DON_11,3
1401079,2.1434979858907313,FAT_006,FAT_DON_11,3
1408437,7.6444246778465335,FAT_006,FAT_DON_11,3
1408472,2.4624367388302413,FAT_006,FAT_DON_11,3
1410645,3.1623564864058498,FAT_006,FAT_DON_11,3
1410647,9.571593902061421,FAT_006,FAT_DON_11,3
1410657,3.748258289654567,FAT_006,FAT_DON_11,3
1410665,2.4385416708448924,FAT_006,FAT_DON_11,3
1410676,3.1483823303480274,FAT_006,FAT_DON_11,3
1437612,9.865891697056641,FAT_006,FAT_DON_11,3
1899017,0.0,FAT_006,FAT_DON_11,3
561,4.117191577228744,FAT_015,FAT_DON_11,3
818,6.775084083508358,FAT_015,FAT_DON_11,3
904,0.8665377150540117,FAT_015,FAT_DON_11,3
1547,0.9199062738837384,FAT_015,FAT_DON_11,3
205913,5.876184418857549,FAT_015,FAT_DON_11,3
206672,5.392304217230573,FAT_015,FAT_DON_11,3
207244,1.2884640838818044,FAT_015,FAT_DON_11,3
213810,4.7534246482813565,FAT_015,FAT_DON_11,3
226186,7.2854992882114935,FAT_015,FAT_DON_11,3
246201,0.0,FAT_015,FAT_DON_11,3
264199,8.125380888319466,FAT_015,FAT_DON_11,3
272559,5.529905988082651,FAT_015,FAT_DON_11,3
272621,4.185060154969754,FAT_015,FAT_DON_11,3
272623,1.2139263212558282,FAT_015,FAT_DON_11,3
295405,5.795760743261876,FAT_015,FAT_DON_11,3
300267,1.9602788547761705,FAT_015,FAT_DON_11,3
300269,2.2889303881318046,FAT_015,FAT_DON_11,3
314315,2.8025614030188337,FAT_015,FAT_DON_11,3
321967,3.533662816782905,FAT_015,FAT_DON_11,3
334413,1.6129851842305192,FAT_015,FAT_DON_11,3
347253,8.732491172883888,FAT_015,FAT_DON_11,3
349741,12.647466020454255,FAT_015,FAT_DON_11,3
364106,4.196754307905697,FAT_015,FAT_DON_11,3
367928,5.356453899813077,FAT_015,FAT_DON_11,3
386585,2.2472140132957166,FAT_015,FAT_DON_11,3
391904,2.844628448351196,FAT_015,FAT_DON_11,3
398513,1.8408650435950598,FAT_015,FAT_DON_11,3
409438,2.623114736385661,FAT_015,FAT_DON_11,3
411459,8.354990822707139,FAT_015,FAT_DON_11,3
411460,8.590986832708493,FAT_015,FAT_DON_11,3
411461,11.372019672727438,FAT_015,FAT_DON_11,3
411462,11.35974294272661,FAT_015,FAT_DON_11,3
411463,5.490381597291154,FAT_015,FAT_DON_11,3
411464,6.651152468735674,FAT_015,FAT_DON_11,3
411466,2.7786507406714698,FAT_015,FAT_DON_11,3
411467,4.962969646655967,FAT_015,FAT_DON_11,3
411468,4.582194604389156,FAT_015,FAT_DON_11,3
411469,14.755973176449183,FAT_015,FAT_DON_11,3
411470,8.393557599937642,FAT_015,FAT_DON_11,3
411471,7.780023645903584,FAT_015,FAT_DON_11,3
411473,7.253353108577308,FAT_015,FAT_DON_11,3
411474,6.116636118069628,FAT_015,FAT_DON_11,3
411475,7.69840100275033,FAT_015,FAT_DON_11,3
411476,6.0931724090282415,FAT_015,FAT_DON_11,3
411477,11.520463919749112,FAT_015,FAT_DON_11,3
411479,11.207117324074735,FAT_015,FAT_DON_11,3
411483,11.583338646168722,FAT_015,FAT_DON_11,3
411484,14.897928864496379,FAT_015,FAT_DON_11,3
411485,11.668071879929267,FAT_015,FAT_DON_11,3
411486,8.604047791245614,FAT_015,FAT_DON_11,3
411487,9.267477953245631,FAT_015,FAT_DON_11,3
411489,8.255384097190841,FAT_015,FAT_DON_11,3
411490,5.54429537839355,FAT_015,FAT_DON_11,3
411901,3.9893670908881007,FAT_015,FAT_DON_11,3
411902,5.966170343512733,FAT_015,FAT_DON_11,3
411903,14.34054143232548,FAT_015,FAT_DON_11,3
428125,5.182012029915019,FAT_015,FAT_DON_11,3
428126,2.752528762420438,FAT_015,FAT_DON_11,3
428127,5.533650095124443,FAT_015,FAT_DON_11,3
428128,4.419082032792792,FAT_015,FAT_DON_11,3
435590,17.239992847648043,FAT_015,FAT_DON_11,3
435591,8.346843302825713,FAT_015,FAT_DON_11,3
442563,4.174174904827751,FAT_015,FAT_DON_11,3
445970,15.446383167339917,FAT_015,FAT_DON_11,3
445972,7.436262824711363,FAT_015,FAT_DON_11,3
445973,8.359297194998357,FAT_015,FAT_DON_11,3
445975,1.0767240582825803,FAT_015,FAT_DON_11,3
449673,6.259971879532723,FAT_015,FAT_DON_11,3
450749,4.912759023905082,FAT_015,FAT_DON_11,3
451640,1.8061987378032864,FAT_015,FAT_DON_11,3
457387,4.620519048092942,FAT_015,FAT_DON_11,3
457388,6.09640590709386,FAT_015,FAT_DON_11,3
457390,5.3206822973436,FAT_015,FAT_DON_11,3
457391,7.396633952575257,FAT_015,FAT_DON_11,3
457392,4.307407178654523,FAT_015,FAT_DON_11,3
457393,9.842840971957608,FAT_015,FAT_DON_11,3
457394,11.185471526594208,FAT_015,FAT_DON_11,3
457395,7.971535418197156,FAT_015,FAT_DON_11,3
457400,2.9287113585209497,FAT_015,FAT_DON_11,3
457401,3.0073458307740477,FAT_015,FAT_DON_11,3
457412,10.13576804828119,FAT_015,FAT_DON_11,3
457416,4.897064070187832,FAT_015,FAT_DON_11,3
457421,3.986847148466847,FAT_015,FAT_DON_11,3
457424,5.48223273593852,FAT_015,FAT_DON_11,3
469585,4.788872406616947,FAT_015,FAT_DON_11,3
469588,4.060810944066854,FAT_015,FAT_DON_11,3
469589,6.262938538186231,FAT_015,FAT_DON_11,3
469590,5.236334687251625,FAT_015,FAT_DON_11,3
469591,7.567121400286873,FAT_015,FAT_DON_11,3
469592,6.5359225554014655,FAT_015,FAT_DON_11,3
469593,11.050988191330484,FAT_015,FAT_DON_11,3
469596,5.988112027659919,FAT_015,FAT_DON_11,3
469610,7.2241374166982615,FAT_015,FAT_DON_11,3
470145,4.530247905547501,FAT_015,FAT_DON_11,3
470146,10.481976348337383,FAT_015,FAT_DON_11,3
471870,6.518883704273775,FAT_015,FAT_DON_11,3
471872,1.7086513123943905,FAT_015,FAT_DON_11,3
471875,8.01673185019843,FAT_015,FAT_DON_11,3
471881,1.9864334600362827,FAT_015,FAT_DON_11,3
476272,5.41802329106099,FAT_015,FAT_DON_11,3
478749,4.2217870017078765,FAT_015,FAT_DON_11,3
479436,5.704342419958533,FAT_015,FAT_DON_11,3
479437,3.978732914449626,FAT_015,FAT_DON_11,3
483215,9.531224529315443,FAT_015,FAT_DON_11,3
483216,5.724755888442626,FAT_015,FAT_DON_11,3
483217,8.508074560346932,FAT_015,FAT_DON_11,3
483218,5.741509687006585,FAT_015,FAT_DON_11,3
484018,6.304757931910952,FAT_015,FAT_DON_11,3
484020,4.6431586794619415,FAT_015,FAT_DON_11,3
500632,6.405322129319497,FAT_015,FAT_DON_11,3
500635,2.256521436772229,FAT_015,FAT_DON_11,3
502347,1.5835640115715173,FAT_015,FAT_DON_11,3
511145,3.400616208129685,FAT_015,FAT_DON_11,3
511680,9.819414626782402,FAT_015,FAT_DON_11,3
515619,10.611105973482674,FAT_015,FAT_DON_11,3
515620,15.342539786601279,FAT_015,FAT_DON_11,3
518635,2.131743108476867,FAT_015,FAT_DON_11,3
518636,6.2671042866510485,FAT_015,FAT_DON_11,3
518637,6.050247649050314,FAT_015,FAT_DON_11,3
525259,4.962500265169504,FAT_015,FAT_DON_11,3
525306,3.971461673159229,FAT_015,FAT_DON_11,3
525337,3.389757148914048,FAT_015,FAT_DON_11,3
525362,0.7545741985451254,FAT_015,FAT_DON_11,3
536231,8.135092928766754,FAT_015,FAT_DON_11,3
537006,7.5857631321648356,FAT_015,FAT_DON_11,3
537007,6.158646533452367,FAT_015,FAT_DON_11,3
537011,3.5668180521616937,FAT_015,FAT_DON_11,3
537012,12.865629400096338,FAT_015,FAT_DON_11,3
537013,4.471465653813294,FAT_015,FAT_DON_11,3
537937,5.586041998874376,FAT_015,FAT_DON_11,3
537973,3.360649097429279,FAT_015,FAT_DON_11,3
543734,3.1904208033352397,FAT_015,FAT_DON_11,3
545696,5.655284899964461,FAT_015,FAT_DON_11,3
545697,2.9011056686341923,FAT_015,FAT_DON_11,3
546269,2.1031955978439068,FAT_015,FAT_DON_11,3
546273,10.951110037179506,FAT_015,FAT_DON_11,3
547042,5.638282400881014,FAT_015,FAT_DON_11,3
547043,2.5780247672527055,FAT_015,FAT_DON_11,3
548480,5.924827614584667,FAT_015,FAT_DON_11,3
552396,6.863413525268878,FAT_015,FAT_DON_11,3
552398,6.6807424450249995,FAT_015,FAT_DON_11,3
552531,4.197747613184536,FAT_015,FAT_DON_11,3
555970,4.207947697565281,FAT_015,FAT_DON_11,3
556258,4.071274692192175,FAT_015,FAT_DON_11,3
556259,4.515529649180244,FAT_015,FAT_DON_11,3
556270,3.079808347091815,FAT_015,FAT_DON_11,3
563192,4.801406872231484,FAT_015,FAT_DON_11,3
563193,6.2296447392058845,FAT_015,FAT_DON_11,3
565040,5.4594447927370515,FAT_015,FAT_DON_11,3
565042,5.360644744263368,FAT_015,FAT_DON_11,3
566550,5.641574401606161,FAT_015,FAT_DON_11,3
566552,2.0131716338326044,FAT_015,FAT_DON_11,3
568703,2.725810276515757,FAT_015,FAT_DON_11,3
573236,4.188229385035303,FAT_015,FAT_DON_11,3
580050,4.194980629955179,FAT_015,FAT_DON_11,3
585054,2.092757669994786,FAT_015,FAT_DON_11,3
585394,7.247406583007732,FAT_015,FAT_DON_11,3
585543,9.933092950706149,FAT_015,FAT_DON_11,3
585544,4.28809220648741,FAT_015,FAT_DON_11,3
591020,2.2368713681859105,FAT_015,FAT_DON_11,3
592028,3.1342311639162364,FAT_015,FAT_DON_11,3
622312,8.914402782599016,FAT_015,FAT_DON_11,3
626522,0.0,FAT_015,FAT_DON_11,3
626939,5.656052085489928,FAT_015,FAT_DON_11,3
641112,5.919572737372104,FAT_015,FAT_DON_11,3
645463,6.137749122276368,FAT_015,FAT_DON_11,3
649757,12.966385164558368,FAT_015,FAT_DON_11,3
655811,1.548796602919605,FAT_015,FAT_DON_11,3
657308,5.962161664329379,FAT_015,FAT_DON_11,3
657309,6.151564466007109,FAT_015,FAT_DON_11,3
657313,8.638806353628565,FAT_015,FAT_DON_11,3
657314,8.294737071822329,FAT_015,FAT_DON_11,3
657317,10.539697147999801,FAT_015,FAT_DON_11,3
657319,6.9968956412073995,FAT_015,FAT_DON_11,3
657321,8.446540712551608,FAT_015,FAT_DON_11,3
657322,11.025934641569316,FAT_015,FAT_DON_11,3
657323,11.803267438866206,FAT_015,FAT_DON_11,3
658089,12.675887039352034,FAT_015,FAT_DON_11,3
658659,5.2252805924500825,FAT_015,FAT_DON_11,3
665943,2.477256761620281,FAT_015,FAT_DON_11,3
665951,8.672252921172124,FAT_015,FAT_DON_11,3
665953,5.919287011915568,FAT_015,FAT_DON_11,3
679935,7.090998466625629,FAT_015,FAT_DON_11,3
702443,6.25028849422806,FAT_015,FAT_DON_11,3
702444,4.302340895102743,FAT_015,FAT_DON_11,3
702447,5.051238071959632,FAT_015,FAT_DON_11,3
702459,1.378951892147863,FAT_015,FAT_DON_11,3
709991,10.746181277340304,FAT_015,FAT_DON_11,3
717959,9.78802361879748,FAT_015,FAT_DON_11,3
717960,7.814950187642428,FAT_015,FAT_DON_11,3
717962,11.89659302514397,FAT_015,FAT_DON_11,3
718252,11.339007937521584,FAT_015,FAT_DON_11,3
742725,3.144175606558097,FAT_015,FAT_DON_11,3
742726,8.31533295775637,FAT_015,FAT_DON_11,3
742727,6.272502488433805,FAT_015,FAT_DON_11,3
742729,4.183169498954083,FAT_015,FAT_DON_11,3
742733,5.703001778650248,FAT_015,FAT_DON_11,3
742740,8.307959915369727,FAT_015,FAT_DON_11,3
742741,6.180393144622904,FAT_015,FAT_DON_11,3
742742,2.0608908306543587,FAT_015,FAT_DON_11,3
742743,2.249094457256636,FAT_015,FAT_DON_11,3
742817,1.6205748560737703,FAT_015,FAT_DON_11,3
742818,0.833209683400335,FAT_015,FAT_DON_11,3
742820,3.0603549247517847,FAT_015,FAT_DON_11,3
742821,1.8347606775667673,FAT_015,FAT_DON_11,3
748224,11.809255289612324,FAT_015,FAT_DON_11,3
759350,4.1384574823903195,FAT_015,FAT_DON_11,3
762966,7.638358032063244,FAT_015,FAT_DON_11,3
762967,1.4733213979787632,FAT_015,FAT_DON_11,3
762968,17.44751363514799,FAT_015,FAT_DON_11,3
762982,9.610802507709701,FAT_015,FAT_DON_11,3
762983,2.2611759636055613,FAT_015,FAT_DON_11,3
762984,5.408680072559414,FAT_015,FAT_DON_11,3
763034,6.110503500093398,FAT_015,FAT_DON_11,3
862962,5.3840923965769845,FAT_015,FAT_DON_11,3
862965,10.390537826334256,FAT_015,FAT_DON_11,3
866771,0.9501542332840568,FAT_015,FAT_DON_11,3
866776,7.681397439808866,FAT_015,FAT_DON_11,3
868129,4.276070986894184,FAT_015,FAT_DON_11,3
873513,1.4553518075800813,FAT_015,FAT_DON_11,3
883156,3.35765887173977,FAT_015,FAT_DON_11,3
888048,5.498768566403004,FAT_015,FAT_DON_11,3
888833,2.525258665864761,FAT_015,FAT_DON_11,3
889204,2.6172408380600696,FAT_015,FAT_DON_11,3
890402,5.2998073724459,FAT_015,FAT_DON_11,3
904306,5.813782664693089,FAT_015,FAT_DON_11,3
908338,2.078360607739378,FAT_015,FAT_DON_11,3
927666,3.3582518986692214,FAT_015,FAT_DON_11,3
981539,1.3771025133537318,FAT_015,FAT_DON_11,3
997884,2.9621082559456924,FAT_015,FAT_DON_11,3
999410,6.20680641968161,FAT_015,FAT_DON_11,3
999412,6.973159982699701,FAT_015,FAT_DON_11,3
999413,5.786495918162814,FAT_015,FAT_DON_11,3
1002367,4.184346093205399,FAT_015,FAT_DON_11,3
1035839,3.003814736301801,FAT_015,FAT_DON_11,3
1042156,5.953819690468619,FAT_015,FAT_DON_11,3
1042403,4.183734122147132,FAT_015,FAT_DON_11,3
1077285,5.350370506582749,FAT_015,FAT_DON_11,3
1121100,5.9193137503892155,FAT_015,FAT_DON_11,3
1121101,9.539893033123919,FAT_015,FAT_DON_11,3
1121114,4.4864120393604665,FAT_015,FAT_DON_11,3
1121115,11.456591605319494,FAT_015,FAT_DON_11,3
1121130,6.7264473131297216,FAT_015,FAT_DON_11,3
1121315,3.455254076268063,FAT_015,FAT_DON_11,3
1121333,6.338962811190515,FAT_015,FAT_DON_11,3
1121344,3.042435363961133,FAT_015,FAT_DON_11,3
1122949,1.1931068007966656,FAT_015,FAT_DON_11,3
1122975,2.78940345311025,FAT_015,FAT_DON_11,3
1122981,1.8407925870707567,FAT_015,FAT_DON_11,3
1123075,2.278747927162844,FAT_015,FAT_DON_11,3
1123263,4.032554522805119,FAT_015,FAT_DON_11,3
1123313,4.3408760344753965,FAT_015,FAT_DON_11,3
1124991,3.74674937428502,FAT_015,FAT_DON_11,3
1150460,2.117336366896624,FAT_015,FAT_DON_11,3
1156431,1.9741379053361396,FAT_015,FAT_DON_11,3
1156433,1.8409374335496824,FAT_015,FAT_DON_11,3
1160721,14.961442038761275,FAT_015,FAT_DON_11,3
1203465,6.8622280162306915,FAT_015,FAT_DON_11,3
1203540,1.6245093109219952,FAT_015,FAT_DON_11,3
1203606,6.296724787119145,FAT_015,FAT_DON_11,3
1203610,4.079736333547973,FAT_015,FAT_DON_11,3
1203611,6.6656988525270435,FAT_015,FAT_DON_11,3
1211844,1.3222483791847182,FAT_015,FAT_DON_11,3
1233170,3.959367755367682,FAT_015,FAT_DON_11,3
1235789,5.936544895741457,FAT_015,FAT_DON_11,3
1235811,2.151872347342749,FAT_015,FAT_DON_11,3
1256908,7.866879147540364,FAT_015,FAT_DON_11,3
1282887,5.116022623644152,FAT_015,FAT_DON_11,3
1292036,4.840559625032269,FAT_015,FAT_DON_11,3
1322347,5.411137618444307,FAT_015,FAT_DON_11,3
1384484,4.204232481861407,FAT_015,FAT_DON_11,3
1408437,8.283697299192687,FAT_015,FAT_DON_11,3
1410647,4.390543527622363,FAT_015,FAT_DON_11,3
1410665,4.146997223595728,FAT_015,FAT_DON_11,3
1437612,4.112320760928161,FAT_015,FAT_DON_11,3
1440052,1.396191534060561,FAT_015,FAT_DON_11,3
1899017,2.4099546785135733,FAT_015,FAT_DON_11,3
818,5.459546684554261,FAT_008,FAT_DON_11,3
904,1.8082004677754846,FAT_008,FAT_DON_11,3
1547,2.0419723866982635,FAT_008,FAT_DON_11,3
205913,2.0622034642979403,FAT_008,FAT_DON_11,3
206672,1.9380517653741316,FAT_008,FAT_DON_11,3
207244,3.301857517624279,FAT_008,FAT_DON_11,3
213810,3.7939842438035103,FAT_008,FAT_DON_11,3
226186,6.612232211605899,FAT_008,FAT_DON_11,3
246201,0.0,FAT_008,FAT_DON_11,3
264199,8.405672634951303,FAT_008,FAT_DON_11,3
272559,3.3815603235462324,FAT_008,FAT_DON_11,3
272621,4.274017094600697,FAT_008,FAT_DON_11,3
295405,4.568736831723362,FAT_008,FAT_DON_11,3
314315,3.156830548613596,FAT_008,FAT_DON_11,3
321956,7.219959432017759,FAT_008,FAT_DON_11,3
321967,4.270814865622361,FAT_008,FAT_DON_11,3
347253,7.852732660098983,FAT_008,FAT_DON_11,3
349741,14.322742403970082,FAT_008,FAT_DON_11,3
354242,2.862728866699367,FAT_008,FAT_DON_11,3
367928,3.3303536810870944,FAT_008,FAT_DON_11,3
390333,7.111729159866535,FAT_008,FAT_DON_11,3
391904,3.3940205441209192,FAT_008,FAT_DON_11,3
411459,7.602235398354293,FAT_008,FAT_DON_11,3
411460,6.662966940288325,FAT_008,FAT_DON_11,3
411461,12.959304162031913,FAT_008,FAT_DON_11,3
411462,9.4362694532535,FAT_008,FAT_DON_11,3
411463,5.571035926385577,FAT_008,FAT_DON_11,3
411464,2.2898980558020274,FAT_008,FAT_DON_11,3
411466,4.527184316931969,FAT_008,FAT_DON_11,3
411467,5.100648363654844,FAT_008,FAT_DON_11,3
411468,6.338170308707135,FAT_008,FAT_DON_11,3
411469,12.134591924634334,FAT_008,FAT_DON_11,3
411470,8.499792289947095,FAT_008,FAT_DON_11,3
411471,11.197298225908577,FAT_008,FAT_DON_11,3
411472,2.477461731972891,FAT_008,FAT_DON_11,3
411473,6.749000541006111,FAT_008,FAT_DON_11,3
411474,4.207927243679732,FAT_008,FAT_DON_11,3
411475,9.357996587698551,FAT_008,FAT_DON_11,3
411476,5.205092758767422,FAT_008,FAT_DON_11,3
411477,7.453563575878995,FAT_008,FAT_DON_11,3
411479,10.49574054676051,FAT_008,FAT_DON_11,3
411483,14.624537745111434,FAT_008,FAT_DON_11,3
411484,10.69671040771518,FAT_008,FAT_DON_11,3
411485,10.519585129309824,FAT_008,FAT_DON_11,3
411486,10.477769936738229,FAT_008,FAT_DON_11,3
411487,8.348393342026153,FAT_008,FAT_DON_11,3
411489,8.338351773936767,FAT_008,FAT_DON_11,3
411490,5.858185688560291,FAT_008,FAT_DON_11,3
411901,1.349610191865988,FAT_008,FAT_DON_11,3
411902,6.286832361910864,FAT_008,FAT_DON_11,3
411903,12.822851109393028,FAT_008,FAT_DON_11,3
428125,5.044795410801947,FAT_008,FAT_DON_11,3
428126,3.111829989829135,FAT_008,FAT_DON_11,3
428127,6.475241054234599,FAT_008,FAT_DON_11,3
428128,4.02120489210571,FAT_008,FAT_DON_11,3
435590,14.651433303032965,FAT_008,FAT_DON_11,3
435591,6.860298765361055,FAT_008,FAT_DON_11,3
435830,2.504223551327824,FAT_008,FAT_DON_11,3
442563,2.4462902134745406,FAT_008,FAT_DON_11,3
445970,8.401617464581532,FAT_008,FAT_DON_11,3
445972,9.940855510921784,FAT_008,FAT_DON_11,3
445973,6.352518337654938,FAT_008,FAT_DON_11,3
449673,5.240201845269879,FAT_008,FAT_DON_11,3
450749,2.2559097166390605,FAT_008,FAT_DON_11,3
451640,2.145238951102559,FAT_008,FAT_DON_11,3
457387,4.888928273133783,FAT_008,FAT_DON_11,3
457388,5.733871520527956,FAT_008,FAT_DON_11,3
457390,4.27615795756362,FAT_008,FAT_DON_11,3
457391,6.113055080491759,FAT_008,FAT_DON_11,3
457392,3.453969567694377,FAT_008,FAT_DON_11,3
457393,10.578787578774074,FAT_008,FAT_DON_11,3
457394,10.266122167699509,FAT_008,FAT_DON_11,3
457395,6.391736932966922,FAT_008,FAT_DON_11,3
457412,11.46699251127981,FAT_008,FAT_DON_11,3
457416,2.267066000187174,FAT_008,FAT_DON_11,3
457421,4.846209127021427,FAT_008,FAT_DON_11,3
457424,6.599571033751502,FAT_008,FAT_DON_11,3
469585,5.25822553867797,FAT_008,FAT_DON_11,3
469588,3.704096610010991,FAT_008,FAT_DON_11,3
469589,4.607239567317553,FAT_008,FAT_DON_11,3
469590,4.586388820791778,FAT_008,FAT_DON_11,3
469591,5.504459353083242,FAT_008,FAT_DON_11,3
469592,5.31340942426947,FAT_008,FAT_DON_11,3
469593,10.182728986460104,FAT_008,FAT_DON_11,3
469596,4.307860733821741,FAT_008,FAT_DON_11,3
469610,2.50154152326027,FAT_008,FAT_DON_11,3
470145,4.439772407141209,FAT_008,FAT_DON_11,3
470146,9.53863489902429,FAT_008,FAT_DON_11,3
471870,5.829622308491839,FAT_008,FAT_DON_11,3
471872,1.7968319507530868,FAT_008,FAT_DON_11,3
471875,8.516499067517232,FAT_008,FAT_DON_11,3
473819,2.6210608058177947,FAT_008,FAT_DON_11,3
476272,7.3063036872170235,FAT_008,FAT_DON_11,3
478749,5.446498045604002,FAT_008,FAT_DON_11,3
479436,2.810657719840154,FAT_008,FAT_DON_11,3
479437,9.194231137903415,FAT_008,FAT_DON_11,3
483215,7.006728702385842,FAT_008,FAT_DON_11,3
483216,6.088072584411814,FAT_008,FAT_DON_11,3
483217,7.100868081143652,FAT_008,FAT_DON_11,3
483218,5.1602406333969215,FAT_008,FAT_DON_11,3
484018,3.952134511700978,FAT_008,FAT_DON_11,3
484020,2.2029042848908853,FAT_008,FAT_DON_11,3
500632,6.3634424330750035,FAT_008,FAT_DON_11,3
502558,2.4339790491557216,FAT_008,FAT_DON_11,3
511680,5.257086437370911,FAT_008,FAT_DON_11,3
515619,11.725545033523849,FAT_008,FAT_DON_11,3
515620,11.11214582638357,FAT_008,FAT_DON_11,3
518635,3.1385711581302984,FAT_008,FAT_DON_11,3
518636,5.926316699480481,FAT_008,FAT_DON_11,3
518637,5.9636679517143305,FAT_008,FAT_DON_11,3
525259,6.25334185939099,FAT_008,FAT_DON_11,3
525306,4.087294067966058,FAT_008,FAT_DON_11,3
525337,4.019938861083316,FAT_008,FAT_DON_11,3
525362,1.5608326876604082,FAT_008,FAT_DON_11,3
536231,7.606621188362593,FAT_008,FAT_DON_11,3
537006,2.5405795799294384,FAT_008,FAT_DON_11,3
537007,6.404023536835832,FAT_008,FAT_DON_11,3
537011,3.1434084157545192,FAT_008,FAT_DON_11,3
537012,9.73187589575831,FAT_008,FAT_DON_11,3
537013,3.5539295231209613,FAT_008,FAT_DON_11,3
537937,2.07181652442377,FAT_008,FAT_DON_11,3
537973,3.994987268708706,FAT_008,FAT_DON_11,3
543734,2.42946379115554,FAT_008,FAT_DON_11,3
545696,9.406598185886018,FAT_008,FAT_DON_11,3
545697,4.869751131400788,FAT_008,FAT_DON_11,3
546273,5.560387997786463,FAT_008,FAT_DON_11,3
547042,4.4996425015748445,FAT_008,FAT_DON_11,3
547043,7.90905355943642,FAT_008,FAT_DON_11,3
548480,4.462324109655498,FAT_008,FAT_DON_11,3
552396,6.419796691257889,FAT_008,FAT_DON_11,3
552398,7.03498496196318,FAT_008,FAT_DON_11,3
552531,2.465987944127719,FAT_008,FAT_DON_11,3
555970,2.4672700292971226,FAT_008,FAT_DON_11,3
556258,3.7381065113297667,FAT_008,FAT_DON_11,3
556259,3.857672220495907,FAT_008,FAT_DON_11,3
556270,3.054919083051018,FAT_008,FAT_DON_11,3
563192,3.0738639676623336,FAT_008,FAT_DON_11,3
563193,5.980772070990739,FAT_008,FAT_DON_11,3
565040,1.9776379744583539,FAT_008,FAT_DON_11,3
565042,1.932123425878487,FAT_008,FAT_DON_11,3
566550,5.409045223523154,FAT_008,FAT_DON_11,3
566552,2.8031410579011635,FAT_008,FAT_DON_11,3
568703,1.978539786447058,FAT_008,FAT_DON_11,3
568816,1.3524216976026586,FAT_008,FAT_DON_11,3
573236,2.4645384168585642,FAT_008,FAT_DON_11,3
580050,2.455053433464095,FAT_008,FAT_DON_11,3
585394,8.154829841226691,FAT_008,FAT_DON_11,3
585543,10.610833576380854,FAT_008,FAT_DON_11,3
585544,4.687269498786981,FAT_008,FAT_DON_11,3
592028,2.1679170097512936,FAT_008,FAT_DON_11,3
622312,8.259506080192887,FAT_008,FAT_DON_11,3
626522,0.0,FAT_008,FAT_DON_11,3
626939,6.0769077170022525,FAT_008,FAT_DON_11,3
641112,3.4661658915858777,FAT_008,FAT_DON_11,3
645463,6.793993464332938,FAT_008,FAT_DON_11,3
649757,8.207764010268301,FAT_008,FAT_DON_11,3
657308,4.960635949778251,FAT_008,FAT_DON_11,3
657309,4.917231446561648,FAT_008,FAT_DON_11,3
657313,9.57130559861623,FAT_008,FAT_DON_11,3
657314,9.65793075747692,FAT_008,FAT_DON_11,3
657317,11.413644496119517,FAT_008,FAT_DON_11,3
657319,6.4480316276523775,FAT_008,FAT_DON_11,3
657321,4.463620685868276,FAT_008,FAT_DON_11,3
657322,10.211215713084494,FAT_008,FAT_DON_11,3
657323,12.4225527253302,FAT_008,FAT_DON_11,3
658089,8.549659027085228,FAT_008,FAT_DON_11,3
658659,5.339440692683307,FAT_008,FAT_DON_11,3
665943,8.013403009569004,FAT_008,FAT_DON_11,3
665951,7.602872594993333,FAT_008,FAT_DON_11,3
665953,4.8059204068729775,FAT_008,FAT_DON_11,3
679935,7.851649133389067,FAT_008,FAT_DON_11,3
680646,2.2645056725711354,FAT_008,FAT_DON_11,3
702443,5.427417438867983,FAT_008,FAT_DON_11,3
702444,4.239888081206657,FAT_008,FAT_DON_11,3
702447,4.661390997264488,FAT_008,FAT_DON_11,3
709991,8.039727453201385,FAT_008,FAT_DON_11,3
717959,7.7634485802274495,FAT_008,FAT_DON_11,3
717960,10.518003422947869,FAT_008,FAT_DON_11,3
717962,12.566289973950978,FAT_008,FAT_DON_11,3
718252,11.718490532686614,FAT_008,FAT_DON_11,3
742725,4.123241265111079,FAT_008,FAT_DON_11,3
742726,7.9611620978128785,FAT_008,FAT_DON_11,3
742727,4.857537616480414,FAT_008,FAT_DON_11,3
742729,2.4576451746563035,FAT_008,FAT_DON_11,3
742733,5.573025120664885,FAT_008,FAT_DON_11,3
742740,9.94994879213264,FAT_008,FAT_DON_11,3
742741,5.879866065538827,FAT_008,FAT_DON_11,3
742743,2.4601142601517147,FAT_008,FAT_DON_11,3
742817,2.8730219920219504,FAT_008,FAT_DON_11,3
742820,3.871162412031487,FAT_008,FAT_DON_11,3
748224,12.188465413097822,FAT_008,FAT_DON_11,3
759350,2.1591679301549687,FAT_008,FAT_DON_11,3
762966,2.6326855348184632,FAT_008,FAT_DON_11,3
762968,9.42748210638606,FAT_008,FAT_DON_11,3
762982,3.693710620331737,FAT_008,FAT_DON_11,3
762984,5.430131513290302,FAT_008,FAT_DON_11,3
763034,5.692506035390001,FAT_008,FAT_DON_11,3
862962,3.954083564811763,FAT_008,FAT_DON_11,3
862965,4.093891731278119,FAT_008,FAT_DON_11,3
866771,2.449268901580131,FAT_008,FAT_DON_11,3
866776,3.6966767470478783,FAT_008,FAT_DON_11,3
868129,1.6253009615388663,FAT_008,FAT_DON_11,3
883156,4.503451671686906,FAT_008,FAT_DON_11,3
888048,5.790811644282106,FAT_008,FAT_DON_11,3
888833,4.522798576387456,FAT_008,FAT_DON_11,3
889204,1.7497475860800475,FAT_008,FAT_DON_11,3
890402,1.9162367882784135,FAT_008,FAT_DON_11,3
903814,3.0999618421842645,FAT_008,FAT_DON_11,3
904306,3.4338803480657867,FAT_008,FAT_DON_11,3
927666,4.030291808524113,FAT_008,FAT_DON_11,3
997884,2.0692592952466966,FAT_008,FAT_DON_11,3
999410,7.613441094273227,FAT_008,FAT_DON_11,3
999412,4.3468797822669005,FAT_008,FAT_DON_11,3
999413,5.975435331348417,FAT_008,FAT_DON_11,3
1002367,4.35355901629012,FAT_008,FAT_DON_11,3
1035839,3.7132372176755055,FAT_008,FAT_DON_11,3
1042156,5.893207813236455,FAT_008,FAT_DON_11,3
1042403,2.458468335319196,FAT_008,FAT_DON_11,3
1064535,2.5566549663664095,FAT_008,FAT_DON_11,3
1077285,4.098012542751246,FAT_008,FAT_DON_11,3
1121100,5.374326754553391,FAT_008,FAT_DON_11,3
1121101,5.633582549098584,FAT_008,FAT_DON_11,3
1121114,4.992508982238049,FAT_008,FAT_DON_11,3
1121115,12.693604353100616,FAT_008,FAT_DON_11,3
1121130,5.120498616671728,FAT_008,FAT_DON_11,3
1121315,3.961596739956661,FAT_008,FAT_DON_11,3
1121333,8.085999854431767,FAT_008,FAT_DON_11,3
1121344,0.0,FAT_008,FAT_DON_11,3
1121864,2.1218734761850744,FAT_008,FAT_DON_11,3
1122975,0.0,FAT_008,FAT_DON_11,3
1122981,1.7275889517066068,FAT_008,FAT_DON_11,3
1123075,3.3420560176214544,FAT_008,FAT_DON_11,3
1123263,4.082122761678117,FAT_008,FAT_DON_11,3
1123313,4.658804191514502,FAT_008,FAT_DON_11,3
1130798,3.2571154603535555,FAT_008,FAT_DON_11,3
1150460,4.478660736303471,FAT_008,FAT_DON_11,3
1156431,2.355416251995232,FAT_008,FAT_DON_11,3
1156433,2.232409597443952,FAT_008,FAT_DON_11,3
1160721,15.132201153471357,FAT_008,FAT_DON_11,3
1203465,6.7966898847712995,FAT_008,FAT_DON_11,3
1203606,7.387262853181958,FAT_008,FAT_DON_11,3
1203610,4.3399994736933465,FAT_008,FAT_DON_11,3
1203611,12.186118608258374,FAT_008,FAT_DON_11,3
1211844,3.0676802313360483,FAT_008,FAT_DON_11,3
1233170,4.734990819600442,FAT_008,FAT_DON_11,3
1235789,1.7242414371992973,FAT_008,FAT_DON_11,3
1235811,0.0,FAT_008,FAT_DON_11,3
1256908,6.847711399093992,FAT_008,FAT_DON_11,3
1282887,2.408054978320249,FAT_008,FAT_DON_11,3
1292036,5.610218403932796,FAT_008,FAT_DON_11,3
1322347,1.9264943628752302,FAT_008,FAT_DON_11,3
1384484,8.655551300570515,FAT_008,FAT_DON_11,3
1408437,9.042500503827338,FAT_008,FAT_DON_11,3
1410645,2.19774109025012,FAT_008,FAT_DON_11,3
1437612,3.8839862923186703,FAT_008,FAT_DON_11,3
1899017,0.0,FAT_008,FAT_DON_11,3
818,6.7503501273141255,FAT_020,FAT_DON_19,1
904,7.438221651788292,FAT_020,FAT_DON_19,1
205913,5.08809734592729,FAT_020,FAT_DON_19,1
206672,5.276918427071724,FAT_020,FAT_DON_19,1
213810,2.834168557381383,FAT_020,FAT_DON_19,1
226186,7.931575096244151,FAT_020,FAT_DON_19,1
246198,0.0,FAT_020,FAT_DON_19,1
264199,7.73309649546357,FAT_020,FAT_DON_19,1
272559,4.193650793511077,FAT_020,FAT_DON_19,1
272623,5.754630640334567,FAT_020,FAT_DON_19,1
295405,4.81374968276914,FAT_020,FAT_DON_19,1
347253,8.399835719270202,FAT_020,FAT_DON_19,1
349741,4.128959225611949,FAT_020,FAT_DON_19,1
354242,4.388812676904097,FAT_020,FAT_DON_19,1
367928,12.867602879224783,FAT_020,FAT_DON_19,1
391904,3.647548014630626,FAT_020,FAT_DON_19,1
411459,8.953509438544241,FAT_020,FAT_DON_19,1
411460,5.975812474281382,FAT_020,FAT_DON_19,1
411461,12.635599393962158,FAT_020,FAT_DON_19,1
411462,14.052543835027349,FAT_020,FAT_DON_19,1
411463,8.670332516614316,FAT_020,FAT_DON_19,1
411464,0.0,FAT_020,FAT_DON_19,1
411467,5.903761954904237,FAT_020,FAT_DON_19,1
411468,4.674264674903188,FAT_020,FAT_DON_19,1
411469,15.553278425207438,FAT_020,FAT_DON_19,1
411470,6.885737385088085,FAT_020,FAT_DON_19,1
411471,11.538517774491584,FAT_020,FAT_DON_19,1
411473,8.544451004054656,FAT_020,FAT_DON_19,1
411474,4.328089788472415,FAT_020,FAT_DON_19,1
411475,10.32107826802842,FAT_020,FAT_DON_19,1
411476,10.094436621874134,FAT_020,FAT_DON_19,1
411477,5.154547277669392,FAT_020,FAT_DON_19,1
411479,13.562825074764245,FAT_020,FAT_DON_19,1
411483,12.438788827525247,FAT_020,FAT_DON_19,1
411484,9.436095420187574,FAT_020,FAT_DON_19,1
411485,11.873903275079249,FAT_020,FAT_DON_19,1
411486,11.623102907931536,FAT_020,FAT_DON_19,1
411487,9.400569167755808,FAT_020,FAT_DON_19,1
411489,7.923823559485539,FAT_020,FAT_DON_19,1
411490,6.108174540945088,FAT_020,FAT_DON_19,1
411901,11.758317947870626,FAT_020,FAT_DON_19,1
411902,6.790311691680593,FAT_020,FAT_DON_19,1
411903,13.011706939499035,FAT_020,FAT_DON_19,1
428125,5.348543181610078,FAT_020,FAT_DON_19,1
428126,3.1082684343153404,FAT_020,FAT_DON_19,1
428127,7.339646065394445,FAT_020,FAT_DON_19,1
428128,5.697455573907922,FAT_020,FAT_DON_19,1
435590,16.93033721461943,FAT_020,FAT_DON_19,1
435591,11.533295372526457,FAT_020,FAT_DON_19,1
445970,14.384404692076725,FAT_020,FAT_DON_19,1
445972,6.794732247357933,FAT_020,FAT_DON_19,1
445973,8.051912552595569,FAT_020,FAT_DON_19,1
445975,2.117223105997773,FAT_020,FAT_DON_19,1
449673,6.028334198304239,FAT_020,FAT_DON_19,1
451640,2.508803311911616,FAT_020,FAT_DON_19,1
457387,6.582911498291762,FAT_020,FAT_DON_19,1
457388,9.424511178213956,FAT_020,FAT_DON_19,1
457390,7.811856906674025,FAT_020,FAT_DON_19,1
457391,10.253731410759524,FAT_020,FAT_DON_19,1
457392,2.859543068502808,FAT_020,FAT_DON_19,1
457393,10.637311981323668,FAT_020,FAT_DON_19,1
457394,10.282309842168187,FAT_020,FAT_DON_19,1
457395,9.49523564303796,FAT_020,FAT_DON_19,1
457412,9.680893797386233,FAT_020,FAT_DON_19,1
457421,5.242748316997428,FAT_020,FAT_DON_19,1
457424,7.962028292479135,FAT_020,FAT_DON_19,1
469585,6.957588340288727,FAT_020,FAT_DON_19,1
469588,6.654914384599597,FAT_020,FAT_DON_19,1
469589,6.581055262862296,FAT_020,FAT_DON_19,1
469590,7.759125384262191,FAT_020,FAT_DON_19,1
469591,6.4571768483353225,FAT_020,FAT_DON_19,1
469592,7.643167211040835,FAT_020,FAT_DON_19,1
469593,10.165666269957043,FAT_020,FAT_DON_19,1
469596,6.532690268067118,FAT_020,FAT_DON_19,1
470145,5.7741677920906165,FAT_020,FAT_DON_19,1
470146,12.473595754807334,FAT_020,FAT_DON_19,1
471870,17.49995890023805,FAT_020,FAT_DON_19,1
471875,8.393294502245643,FAT_020,FAT_DON_19,1
476272,5.790171095630694,FAT_020,FAT_DON_19,1
478749,3.769839434575036,FAT_020,FAT_DON_19,1
483215,6.367507453514936,FAT_020,FAT_DON_19,1
483216,7.225779538908886,FAT_020,FAT_DON_19,1
483217,14.136235817525556,FAT_020,FAT_DON_19,1
483218,7.873874294408518,FAT_020,FAT_DON_19,1
484018,4.993434904761882,FAT_020,FAT_DON_19,1
484020,7.882742374348735,FAT_020,FAT_DON_19,1
500632,6.24014656880682,FAT_020,FAT_DON_19,1
511680,5.685077488792728,FAT_020,FAT_DON_19,1
515619,13.168211166203424,FAT_020,FAT_DON_19,1
515620,15.630000884982232,FAT_020,FAT_DON_19,1
518635,6.221188263929004,FAT_020,FAT_DON_19,1
518636,7.31220168715366,FAT_020,FAT_DON_19,1
518637,7.347189797962595,FAT_020,FAT_DON_19,1
525259,5.444794074083761,FAT_020,FAT_DON_19,1
525362,3.210714090163516,FAT_020,FAT_DON_19,1
536231,13.56520310922896,FAT_020,FAT_DON_19,1
537006,4.288248743412675,FAT_020,FAT_DON_19,1
537007,6.324445801648578,FAT_020,FAT_DON_19,1
537011,0.0,FAT_020,FAT_DON_19,1
537012,10.022659873344598,FAT_020,FAT_DON_19,1
537013,0.0,FAT_020,FAT_DON_19,1
537937,5.333305979138298,FAT_020,FAT_DON_19,1
545696,5.849316134145343,FAT_020,FAT_DON_19,1
547042,5.853854642122757,FAT_020,FAT_DON_19,1
547043,15.925104462203308,FAT_020,FAT_DON_19,1
548480,5.358982418629484,FAT_020,FAT_DON_19,1
552396,6.421039360530126,FAT_020,FAT_DON_19,1
552398,9.584712928154437,FAT_020,FAT_DON_19,1
553174,0.0,FAT_020,FAT_DON_19,1
556258,6.665298006816807,FAT_020,FAT_DON_19,1
556259,6.811593567715474,FAT_020,FAT_DON_19,1
556268,0.0,FAT_020,FAT_DON_19,1
563192,7.995599841219932,FAT_020,FAT_DON_19,1
563193,7.748589246599986,FAT_020,FAT_DON_19,1
565040,5.170662731258152,FAT_020,FAT_DON_19,1
565042,5.146159556705333,FAT_020,FAT_DON_19,1
566550,6.271845548661514,FAT_020,FAT_DON_19,1
566552,8.088058531203336,FAT_020,FAT_DON_19,1
568816,9.281419415499409,FAT_020,FAT_DON_19,1
585394,8.410826495081636,FAT_020,FAT_DON_19,1
585543,10.824629344715676,FAT_020,FAT_DON_19,1
585544,6.559401599233093,FAT_020,FAT_DON_19,1
591001,0.0,FAT_020,FAT_DON_19,1
622312,9.930343376448093,FAT_020,FAT_DON_19,1
626939,9.72974448574774,FAT_020,FAT_DON_19,1
645463,6.4900705255148905,FAT_020,FAT_DON_19,1
649757,10.534129428536088,FAT_020,FAT_DON_19,1
657308,5.907503873055102,FAT_020,FAT_DON_19,1
657309,9.003693377331237,FAT_020,FAT_DON_19,1
657313,13.79815957318057,FAT_020,FAT_DON_19,1
657314,7.641640280320333,FAT_020,FAT_DON_19,1
657317,13.01825909812625,FAT_020,FAT_DON_19,1
657319,8.150150818973879,FAT_020,FAT_DON_19,1
657321,17.892676212725938,FAT_020,FAT_DON_19,1
657322,11.153045478062005,FAT_020,FAT_DON_19,1
657323,13.911358132554076,FAT_020,FAT_DON_19,1
658089,8.302372696364774,FAT_020,FAT_DON_19,1
658659,6.294278885791609,FAT_020,FAT_DON_19,1
665951,7.904836307744252,FAT_020,FAT_DON_19,1
665953,5.886545826004515,FAT_020,FAT_DON_19,1
679189,0.0,FAT_020,FAT_DON_19,1
679935,5.779659272475183,FAT_020,FAT_DON_19,1
702443,11.989460297303175,FAT_020,FAT_DON_19,1
702444,6.636278920552593,FAT_020,FAT_DON_19,1
702447,7.118095818929687,FAT_020,FAT_DON_19,1
709991,6.891091632981235,FAT_020,FAT_DON_19,1
717959,11.037912024703171,FAT_020,FAT_DON_19,1
717960,10.411581818363029,FAT_020,FAT_DON_19,1
717962,14.792452715786728,FAT_020,FAT_DON_19,1
718252,12.809426160362907,FAT_020,FAT_DON_19,1
742725,4.049967195029417,FAT_020,FAT_DON_19,1
742726,10.36751303567448,FAT_020,FAT_DON_19,1
742727,8.232600738923214,FAT_020,FAT_DON_19,1
742733,5.985741488599585,FAT_020,FAT_DON_19,1
742740,8.468086967391613,FAT_020,FAT_DON_19,1
742741,6.8730490299228695,FAT_020,FAT_DON_19,1
742742,0.0,FAT_020,FAT_DON_19,1
742817,6.233759951809192,FAT_020,FAT_DON_19,1
742818,2.028827210443872,FAT_020,FAT_DON_19,1
742821,9.841989298552765,FAT_020,FAT_DON_19,1
748224,15.443676682706847,FAT_020,FAT_DON_19,1
752555,0.0,FAT_020,FAT_DON_19,1
759350,3.6225321435498823,FAT_020,FAT_DON_19,1
762967,0.0,FAT_020,FAT_DON_19,1
762968,5.56150541361753,FAT_020,FAT_DON_19,1
762982,3.351861081009777,FAT_020,FAT_DON_19,1
762984,12.314946933428295,FAT_020,FAT_DON_19,1
763034,6.0988059220238,FAT_020,FAT_DON_19,1
767031,0.0,FAT_020,FAT_DON_19,1
862962,3.3341207579296244,FAT_020,FAT_DON_19,1
866771,5.769190940309301,FAT_020,FAT_DON_19,1
868129,0.0,FAT_020,FAT_DON_19,1
873513,0.0,FAT_020,FAT_DON_19,1
890402,5.676362060017476,FAT_020,FAT_DON_19,1
903814,5.038447539059424,FAT_020,FAT_DON_19,1
904306,4.072842259641281,FAT_020,FAT_DON_19,1
997884,4.277700017984412,FAT_020,FAT_DON_19,1
999410,8.096367905808961,FAT_020,FAT_DON_19,1
999412,3.930814740792729,FAT_020,FAT_DON_19,1
999413,7.8117734336629905,FAT_020,FAT_DON_19,1
1002367,3.118643338166014,FAT_020,FAT_DON_19,1
1042156,6.212568049699588,FAT_020,FAT_DON_19,1
1064535,0.0,FAT_020,FAT_DON_19,1
1077285,5.114104170171548,FAT_020,FAT_DON_19,1
1121100,4.458765005383081,FAT_020,FAT_DON_19,1
1121101,6.612514308149544,FAT_020,FAT_DON_19,1
1121114,3.708278797054244,FAT_020,FAT_DON_19,1
1121115,11.94523901873335,FAT_020,FAT_DON_19,1
1121130,6.016048184509463,FAT_020,FAT_DON_19,1
1121333,10.67579031821189,FAT_020,FAT_DON_19,1
1122975,0.0,FAT_020,FAT_DON_19,1
1122978,0.0,FAT_020,FAT_DON_19,1
1122988,0.0,FAT_020,FAT_DON_19,1
1122992,0.0,FAT_020,FAT_DON_19,1
1122993,0.0,FAT_020,FAT_DON_19,1
1123263,8.214917519617345,FAT_020,FAT_DON_19,1
1123313,3.0964519914788995,FAT_020,FAT_DON_19,1
1150460,11.848614208324904,FAT_020,FAT_DON_19,1
1160721,14.763434867431004,FAT_020,FAT_DON_19,1
1203465,9.791572004924468,FAT_020,FAT_DON_19,1
1203606,6.175682172452197,FAT_020,FAT_DON_19,1
1203610,8.969851649056526,FAT_020,FAT_DON_19,1
1203611,9.157134361700091,FAT_020,FAT_DON_19,1
1235789,8.677207188000331,FAT_020,FAT_DON_19,1
1235815,0.0,FAT_020,FAT_DON_19,1
1256908,9.928232329020242,FAT_020,FAT_DON_19,1
1280705,0.0,FAT_020,FAT_DON_19,1
1322347,5.25218407342008,FAT_020,FAT_DON_19,1
1384484,5.668197655336412,FAT_020,FAT_DON_19,1
1408437,8.354667050830532,FAT_020,FAT_DON_19,1
1410647,9.468389166886087,FAT_020,FAT_DON_19,1
1410665,0.0,FAT_020,FAT_DON_19,1
1437612,12.001327264900093,FAT_020,FAT_DON_19,1
1899017,0.0,FAT_020,FAT_DON_19,1
561,3.0742279095181977,FAT_012,FAT_DON_8,1
818,3.6688592131262014,FAT_012,FAT_DON_8,1
904,2.302682706828116,FAT_012,FAT_DON_8,1
195103,4.183426498012577,FAT_012,FAT_DON_8,1
205913,4.345067091155451,FAT_012,FAT_DON_8,1
206672,4.570584714063623,FAT_012,FAT_DON_8,1
213810,3.182802922508217,FAT_012,FAT_DON_8,1
218495,3.0081767987563004,FAT_012,FAT_DON_8,1
226185,3.163985376528648,FAT_012,FAT_DON_8,1
226186,3.110136968402626,FAT_012,FAT_DON_8,1
264199,14.657343511600654,FAT_012,FAT_DON_8,1
272559,0.0,FAT_012,FAT_DON_8,1
272623,0.0,FAT_012,FAT_DON_8,1
295405,2.728325838279285,FAT_012,FAT_DON_8,1
326426,0.0,FAT_012,FAT_DON_8,1
334413,2.580878885982132,FAT_012,FAT_DON_8,1
339860,0.0,FAT_012,FAT_DON_8,1
347253,8.884321283988312,FAT_012,FAT_DON_8,1
349741,0.0,FAT_012,FAT_DON_8,1
367928,12.01006064921572,FAT_012,FAT_DON_8,1
391904,2.36858941689178,FAT_012,FAT_DON_8,1
398513,0.0,FAT_012,FAT_DON_8,1
409438,3.912420704065733,FAT_012,FAT_DON_8,1
411459,7.241694130836384,FAT_012,FAT_DON_8,1
411460,3.891974939320538,FAT_012,FAT_DON_8,1
411461,12.635273570136174,FAT_012,FAT_DON_8,1
411462,10.70104029492556,FAT_012,FAT_DON_8,1
411463,7.264157390543469,FAT_012,FAT_DON_8,1
411464,6.55977311966666,FAT_012,FAT_DON_8,1
411466,3.974181278953394,FAT_012,FAT_DON_8,1
411467,4.717332776118759,FAT_012,FAT_DON_8,1
411468,4.211043162312111,FAT_012,FAT_DON_8,1
411469,12.669452248863328,FAT_012,FAT_DON_8,1
411470,6.302823673204743,FAT_012,FAT_DON_8,1
411471,6.598243069029875,FAT_012,FAT_DON_8,1
411473,5.526972886051985,FAT_012,FAT_DON_8,1
411474,3.074898645104068,FAT_012,FAT_DON_8,1
411475,6.420988400137088,FAT_012,FAT_DON_8,1
411476,3.619937054337636,FAT_012,FAT_DON_8,1
411477,6.90084903862621,FAT_012,FAT_DON_8,1
411479,8.30837203251793,FAT_012,FAT_DON_8,1
411483,11.049668995107297,FAT_012,FAT_DON_8,1
411484,10.257856835093351,FAT_012,FAT_DON_8,1
411485,8.5942366868474,FAT_012,FAT_DON_8,1
411486,8.153340581860274,FAT_012,FAT_DON_8,1
411487,10.57157870896478,FAT_012,FAT_DON_8,1
411489,5.8805191189933606,FAT_012,FAT_DON_8,1
411490,3.709095392326722,FAT_012,FAT_DON_8,1
411901,0.0,FAT_012,FAT_DON_8,1
411902,4.757210062271478,FAT_012,FAT_DON_8,1
411903,13.965962979599109,FAT_012,FAT_DON_8,1
420247,4.0295819045008665,FAT_012,FAT_DON_8,1
428125,3.436784601650995,FAT_012,FAT_DON_8,1
428126,2.5086618330753554,FAT_012,FAT_DON_8,1
428127,4.529732399830797,FAT_012,FAT_DON_8,1
428128,7.270023578487769,FAT_012,FAT_DON_8,1
435590,10.566972517249484,FAT_012,FAT_DON_8,1
435591,5.159881249301004,FAT_012,FAT_DON_8,1
442563,0.0,FAT_012,FAT_DON_8,1
445970,9.442469466038393,FAT_012,FAT_DON_8,1
445972,4.857827250573544,FAT_012,FAT_DON_8,1
445973,7.321775306528968,FAT_012,FAT_DON_8,1
445975,2.9178105276418345,FAT_012,FAT_DON_8,1
449673,4.603373271205311,FAT_012,FAT_DON_8,1
451640,3.8434294138497984,FAT_012,FAT_DON_8,1
457387,4.424926944187535,FAT_012,FAT_DON_8,1
457388,4.435623643509803,FAT_012,FAT_DON_8,1
457390,3.8369563078882414,FAT_012,FAT_DON_8,1
457391,5.647835035403059,FAT_012,FAT_DON_8,1
457392,0.0,FAT_012,FAT_DON_8,1
457393,8.152525168339924,FAT_012,FAT_DON_8,1
457394,7.38047871614571,FAT_012,FAT_DON_8,1
457395,5.47471716423803,FAT_012,FAT_DON_8,1
457400,5.569843316724684,FAT_012,FAT_DON_8,1
457401,6.063110609336263,FAT_012,FAT_DON_8,1
457412,10.939946571837565,FAT_012,FAT_DON_8,1
457421,3.230973819695663,FAT_012,FAT_DON_8,1
457424,4.696282280742958,FAT_012,FAT_DON_8,1
469585,0.0,FAT_012,FAT_DON_8,1
469588,3.693548093339736,FAT_012,FAT_DON_8,1
469589,3.3633014039789906,FAT_012,FAT_DON_8,1
469590,3.9854810197865502,FAT_012,FAT_DON_8,1
469591,4.511584863329791,FAT_012,FAT_DON_8,1
469592,4.948200299662957,FAT_012,FAT_DON_8,1
469593,7.31653403748046,FAT_012,FAT_DON_8,1
469596,4.699176017694132,FAT_012,FAT_DON_8,1
469610,2.9461191850281883,FAT_012,FAT_DON_8,1
470145,3.95018056852538,FAT_012,FAT_DON_8,1
470146,9.662781101322702,FAT_012,FAT_DON_8,1
471870,3.653580804003929,FAT_012,FAT_DON_8,1
471872,3.425127618501413,FAT_012,FAT_DON_8,1
471875,6.966814656759508,FAT_012,FAT_DON_8,1
473819,0.0,FAT_012,FAT_DON_8,1
476272,5.26577166764416,FAT_012,FAT_DON_8,1
478749,3.220257082785018,FAT_012,FAT_DON_8,1
479437,3.003981139744368,FAT_012,FAT_DON_8,1
483215,3.757103651809635,FAT_012,FAT_DON_8,1
483216,4.279510844288956,FAT_012,FAT_DON_8,1
483217,6.362813681743174,FAT_012,FAT_DON_8,1
483218,5.230759403560846,FAT_012,FAT_DON_8,1
484018,3.433745221477173,FAT_012,FAT_DON_8,1
484020,0.0,FAT_012,FAT_DON_8,1
500632,4.366743398365109,FAT_012,FAT_DON_8,1
502558,0.0,FAT_012,FAT_DON_8,1
511145,7.29897127801524,FAT_012,FAT_DON_8,1
511680,4.115433044506302,FAT_012,FAT_DON_8,1
515619,10.974514167395997,FAT_012,FAT_DON_8,1
515620,13.484802690409968,FAT_012,FAT_DON_8,1
518635,3.00920416965335,FAT_012,FAT_DON_8,1
518636,6.086816238189283,FAT_012,FAT_DON_8,1
518637,12.259908537110288,FAT_012,FAT_DON_8,1
521003,2.661462795813048,FAT_012,FAT_DON_8,1
525259,3.7365526668495055,FAT_012,FAT_DON_8,1
525362,2.7265217173444447,FAT_012,FAT_DON_8,1
536231,8.977389681500876,FAT_012,FAT_DON_8,1
537006,0.0,FAT_012,FAT_DON_8,1
537007,6.534665125692834,FAT_012,FAT_DON_8,1
537011,4.139884929922928,FAT_012,FAT_DON_8,1
537012,4.5335713730399565,FAT_012,FAT_DON_8,1
537013,2.474513513917779,FAT_012,FAT_DON_8,1
537937,4.702945573875301,FAT_012,FAT_DON_8,1
545696,5.735849146030608,FAT_012,FAT_DON_8,1
545697,3.4934034226129413,FAT_012,FAT_DON_8,1
547042,4.308653365607138,FAT_012,FAT_DON_8,1
547043,3.087155009159515,FAT_012,FAT_DON_8,1
548480,4.752339534806139,FAT_012,FAT_DON_8,1
552396,5.252239650565317,FAT_012,FAT_DON_8,1
552398,5.932063176444112,FAT_012,FAT_DON_8,1
552531,0.0,FAT_012,FAT_DON_8,1
555970,0.0,FAT_012,FAT_DON_8,1
556258,3.721995580662354,FAT_012,FAT_DON_8,1
556259,2.77638559850863,FAT_012,FAT_DON_8,1
556268,3.285073151937832,FAT_012,FAT_DON_8,1
556270,2.4347967642798283,FAT_012,FAT_DON_8,1
563192,5.26721925280304,FAT_012,FAT_DON_8,1
563193,4.466803268807643,FAT_012,FAT_DON_8,1
565040,4.57915528369203,FAT_012,FAT_DON_8,1
565042,4.595795299785354,FAT_012,FAT_DON_8,1
566550,4.414044898071756,FAT_012,FAT_DON_8,1
566552,3.516195485628019,FAT_012,FAT_DON_8,1
568816,2.237391611045418,FAT_012,FAT_DON_8,1
573236,0.0,FAT_012,FAT_DON_8,1
580050,0.0,FAT_012,FAT_DON_8,1
585394,6.331199504978484,FAT_012,FAT_DON_8,1
585543,9.692286629688017,FAT_012,FAT_DON_8,1
585544,4.306401285832626,FAT_012,FAT_DON_8,1
586220,0.0,FAT_012,FAT_DON_8,1
591001,0.0,FAT_012,FAT_DON_8,1
592028,0.0,FAT_012,FAT_DON_8,1
622312,6.003789592139532,FAT_012,FAT_DON_8,1
626939,9.352329263074846,FAT_012,FAT_DON_8,1
633147,2.5960735055308266,FAT_012,FAT_DON_8,1
641112,5.8564691147250025,FAT_012,FAT_DON_8,1
645463,4.066257430746909,FAT_012,FAT_DON_8,1
645464,0.0,FAT_012,FAT_DON_8,1
649757,7.700214353234702,FAT_012,FAT_DON_8,1
657308,4.369964931560804,FAT_012,FAT_DON_8,1
657309,4.9657544720315485,FAT_012,FAT_DON_8,1
657313,13.055588631200555,FAT_012,FAT_DON_8,1
657314,6.0074732645535,FAT_012,FAT_DON_8,1
657317,11.04332235521905,FAT_012,FAT_DON_8,1
657319,7.034909868467447,FAT_012,FAT_DON_8,1
657321,15.556725067152929,FAT_012,FAT_DON_8,1
657322,8.984052049837558,FAT_012,FAT_DON_8,1
657323,14.25532373080842,FAT_012,FAT_DON_8,1
657324,2.4322609127499244,FAT_012,FAT_DON_8,1
658089,11.51777685693159,FAT_012,FAT_DON_8,1
658659,4.906130762118411,FAT_012,FAT_DON_8,1
665943,2.9188850924857115,FAT_012,FAT_DON_8,1
665951,5.313366163740794,FAT_012,FAT_DON_8,1
665953,4.54554564796116,FAT_012,FAT_DON_8,1
679935,5.076778282975017,FAT_012,FAT_DON_8,1
697329,2.452190445403587,FAT_012,FAT_DON_8,1
702443,4.494341467250001,FAT_012,FAT_DON_8,1
702444,3.685671728662125,FAT_012,FAT_DON_8,1
702447,3.804374400798944,FAT_012,FAT_DON_8,1
702459,3.2164191230917005,FAT_012,FAT_DON_8,1
709991,5.157973057702168,FAT_012,FAT_DON_8,1
717959,7.650235053346324,FAT_012,FAT_DON_8,1
717960,12.227397040690834,FAT_012,FAT_DON_8,1
717962,14.071858652743476,FAT_012,FAT_DON_8,1
718252,8.744103996052214,FAT_012,FAT_DON_8,1
720554,0.0,FAT_012,FAT_DON_8,1
742725,5.111213590925769,FAT_012,FAT_DON_8,1
742726,4.77851353557026,FAT_012,FAT_DON_8,1
742727,3.866954691852556,FAT_012,FAT_DON_8,1
742729,0.0,FAT_012,FAT_DON_8,1
742733,4.423995882775524,FAT_012,FAT_DON_8,1
742740,7.264109106807974,FAT_012,FAT_DON_8,1
742741,5.4343789132229015,FAT_012,FAT_DON_8,1
742742,3.0514103169561104,FAT_012,FAT_DON_8,1
742743,0.0,FAT_012,FAT_DON_8,1
742818,0.0,FAT_012,FAT_DON_8,1
742821,4.962924441877947,FAT_012,FAT_DON_8,1
748224,8.679869253016587,FAT_012,FAT_DON_8,1
759350,3.553490483471616,FAT_012,FAT_DON_8,1
762966,2.68224017792528,FAT_012,FAT_DON_8,1
762967,1.8674232101920465,FAT_012,FAT_DON_8,1
762968,10.682267083366105,FAT_012,FAT_DON_8,1
762982,5.414088381090561,FAT_012,FAT_DON_8,1
762984,7.601528337184936,FAT_012,FAT_DON_8,1
763034,3.9420904463141824,FAT_012,FAT_DON_8,1
862962,0.0,FAT_012,FAT_DON_8,1
866771,0.0,FAT_012,FAT_DON_8,1
883062,0.0,FAT_012,FAT_DON_8,1
883156,2.5193819080617863,FAT_012,FAT_DON_8,1
888048,5.982996057495092,FAT_012,FAT_DON_8,1
888833,5.9599530855809935,FAT_012,FAT_DON_8,1
890402,4.554184501047134,FAT_012,FAT_DON_8,1
903814,0.0,FAT_012,FAT_DON_8,1
904306,7.622526907267835,FAT_012,FAT_DON_8,1
997884,3.10647165392891,FAT_012,FAT_DON_8,1
999410,5.673686952277523,FAT_012,FAT_DON_8,1
999412,4.231738994621013,FAT_012,FAT_DON_8,1
999413,5.609731383670277,FAT_012,FAT_DON_8,1
1002367,3.91846785633802,FAT_012,FAT_DON_8,1
1042156,4.223924826603976,FAT_012,FAT_DON_8,1
1042403,0.0,FAT_012,FAT_DON_8,1
1077285,3.224660682221578,FAT_012,FAT_DON_8,1
1121100,4.492752505846116,FAT_012,FAT_DON_8,1
1121101,4.998432782684969,FAT_012,FAT_DON_8,1
1121111,2.55579714942552,FAT_012,FAT_DON_8,1
1121114,3.72728410733308,FAT_012,FAT_DON_8,1
1121115,10.551687266859163,FAT_012,FAT_DON_8,1
1121130,3.838612160143262,FAT_012,FAT_DON_8,1
1121315,3.944929771940287,FAT_012,FAT_DON_8,1
1121333,4.735807903437298,FAT_012,FAT_DON_8,1
1121334,0.0,FAT_012,FAT_DON_8,1
1121344,3.111325256097744,FAT_012,FAT_DON_8,1
1121864,4.098587155853516,FAT_012,FAT_DON_8,1
1122981,4.375167826970863,FAT_012,FAT_DON_8,1
1123075,3.101621282381319,FAT_012,FAT_DON_8,1
1123263,5.4841595828701495,FAT_012,FAT_DON_8,1
1123313,2.885713083679461,FAT_012,FAT_DON_8,1
1150460,4.035493370465027,FAT_012,FAT_DON_8,1
1156431,4.789752866987564,FAT_012,FAT_DON_8,1
1156433,4.648138994807193,FAT_012,FAT_DON_8,1
1160721,12.570177455508516,FAT_012,FAT_DON_8,1
1203465,3.083915524392986,FAT_012,FAT_DON_8,1
1203540,0.0,FAT_012,FAT_DON_8,1
1203606,8.682220285713637,FAT_012,FAT_DON_8,1
1203610,0.0,FAT_012,FAT_DON_8,1
1203611,4.912214241327392,FAT_012,FAT_DON_8,1
1233170,2.8901969462778454,FAT_012,FAT_DON_8,1
1235789,0.0,FAT_012,FAT_DON_8,1
1256908,8.63172248493621,FAT_012,FAT_DON_8,1
1282887,2.7430382121568875,FAT_012,FAT_DON_8,1
1292036,3.486308834584813,FAT_012,FAT_DON_8,1
1295400,0.0,FAT_012,FAT_DON_8,1
1322347,4.710694832611563,FAT_012,FAT_DON_8,1
1336236,4.807609515227244,FAT_012,FAT_DON_8,1
1384484,2.378120722691132,FAT_012,FAT_DON_8,1
1401079,2.2922472283932795,FAT_012,FAT_DON_8,1
1408437,8.626255039808331,FAT_012,FAT_DON_8,1
1410645,2.973108434209203,FAT_012,FAT_DON_8,1
1410647,7.786553559516574,FAT_012,FAT_DON_8,1
1410657,0.0,FAT_012,FAT_DON_8,1
1410665,0.0,FAT_012,FAT_DON_8,1
1437612,7.741171052338608,FAT_012,FAT_DON_8,1
561,3.231353370355388,FAT_010,FAT_010,1
904,2.485867102273088,FAT_010,FAT_010,1
213810,3.4884444595640445,FAT_010,FAT_010,1
300269,1.907366007583775,FAT_010,FAT_010,1
347253,3.3429308693116084,FAT_010,FAT_010,1
349741,9.865522435197056,FAT_010,FAT_010,1
354242,3.9926384640907058,FAT_010,FAT_010,1
364106,4.17859716336767,FAT_010,FAT_010,1
367928,9.467782168916733,FAT_010,FAT_010,1
398513,1.5721750862589787,FAT_010,FAT_010,1
409438,1.7769109360897215,FAT_010,FAT_010,1
411459,7.241281083305127,FAT_010,FAT_010,1
411460,5.285914213906241,FAT_010,FAT_010,1
411461,7.239315101389105,FAT_010,FAT_010,1
411462,9.154052910470856,FAT_010,FAT_010,1
411463,3.604607770022896,FAT_010,FAT_010,1
411466,3.4024897283690647,FAT_010,FAT_010,1
411467,3.602998199831172,FAT_010,FAT_010,1
411468,3.0191539240233025,FAT_010,FAT_010,1
411469,6.616380902006232,FAT_010,FAT_010,1
411470,4.978666519546978,FAT_010,FAT_010,1
411471,9.321561355768852,FAT_010,FAT_010,1
411473,5.027383232874369,FAT_010,FAT_010,1
411474,2.792036482310213,FAT_010,FAT_010,1
411475,3.8271306276463455,FAT_010,FAT_010,1
411479,2.026167223636185,FAT_010,FAT_010,1
411483,5.169992070677845,FAT_010,FAT_010,1
411484,4.54705734671683,FAT_010,FAT_010,1
411485,5.554212034797905,FAT_010,FAT_010,1
411486,6.56384013633406,FAT_010,FAT_010,1
411487,5.737144121589144,FAT_010,FAT_010,1
411489,9.83677975820132,FAT_010,FAT_010,1
411490,4.478135764635922,FAT_010,FAT_010,1
411902,2.6415172284691386,FAT_010,FAT_010,1
411903,3.1256335333939798,FAT_010,FAT_010,1
428125,3.7620204825066734,FAT_010,FAT_010,1
428127,4.063836250161679,FAT_010,FAT_010,1
428128,2.099223444217512,FAT_010,FAT_010,1
435590,1.796372264191616,FAT_010,FAT_010,1
435830,2.0148180995864133,FAT_010,FAT_010,1
445970,3.734028777028514,FAT_010,FAT_010,1
445972,3.134636118310026,FAT_010,FAT_010,1
445973,4.843902732003,FAT_010,FAT_010,1
445975,3.838664721166922,FAT_010,FAT_010,1
457391,1.366847802215689,FAT_010,FAT_010,1
457393,3.674168993660788,FAT_010,FAT_010,1
457394,1.313021990879638,FAT_010,FAT_010,1
457395,1.312967550527684,FAT_010,FAT_010,1
457400,1.9641464569215643,FAT_010,FAT_010,1
457401,2.0358186372815323,FAT_010,FAT_010,1
457412,4.786340893997432,FAT_010,FAT_010,1
457421,1.996010647948812,FAT_010,FAT_010,1
469593,1.441408042260948,FAT_010,FAT_010,1
469596,3.302206990702876,FAT_010,FAT_010,1
470145,2.0990938240033232,FAT_010,FAT_010,1
470146,9.671268545021205,FAT_010,FAT_010,1
471870,2.266674975214909,FAT_010,FAT_010,1
471875,8.641093447823389,FAT_010,FAT_010,1
476272,4.732113154272069,FAT_010,FAT_010,1
478749,2.1994546299734807,FAT_010,FAT_010,1
479437,2.289198103201206,FAT_010,FAT_010,1
483217,1.7014772178112605,FAT_010,FAT_010,1
483218,4.38738913503546,FAT_010,FAT_010,1
500632,4.248238675907318,FAT_010,FAT_010,1
502558,1.8629776007603984,FAT_010,FAT_010,1
511145,2.324768602650877,FAT_010,FAT_010,1
511680,2.58628353601263,FAT_010,FAT_010,1
515619,7.177103514696181,FAT_010,FAT_010,1
515620,6.842637130533667,FAT_010,FAT_010,1
518635,3.481318740456646,FAT_010,FAT_010,1
518636,4.110624072519338,FAT_010,FAT_010,1
518637,4.568222476845585,FAT_010,FAT_010,1
521003,8.817013043353937,FAT_010,FAT_010,1
525259,3.899480332388035,FAT_010,FAT_010,1
525362,2.327821342857562,FAT_010,FAT_010,1
536231,5.800232214262948,FAT_010,FAT_010,1
537007,4.240364900870354,FAT_010,FAT_010,1
537013,2.1241447000693605,FAT_010,FAT_010,1
545696,3.2584584768695706,FAT_010,FAT_010,1
547043,3.029996067792732,FAT_010,FAT_010,1
548480,1.957600131850788,FAT_010,FAT_010,1
552396,4.806963854675691,FAT_010,FAT_010,1
552398,5.3330664584967336,FAT_010,FAT_010,1
562973,2.3362773388550666,FAT_010,FAT_010,1
563192,2.961045349916489,FAT_010,FAT_010,1
566550,3.496762408544838,FAT_010,FAT_010,1
566552,3.1851521438063912,FAT_010,FAT_010,1
568816,2.1895041620006186,FAT_010,FAT_010,1
585394,4.369803462583014,FAT_010,FAT_010,1
585543,3.5388161576504387,FAT_010,FAT_010,1
622312,4.326500123999301,FAT_010,FAT_010,1
626939,4.195774901081674,FAT_010,FAT_010,1
633147,2.0155864548783007,FAT_010,FAT_010,1
645463,3.8264826491935886,FAT_010,FAT_010,1
645464,2.598336433110352,FAT_010,FAT_010,1
649757,4.096968159707376,FAT_010,FAT_010,1
649764,1.922110722708472,FAT_010,FAT_010,1
657308,2.605899211585628,FAT_010,FAT_010,1
657313,9.05061865901784,FAT_010,FAT_010,1
657314,4.5748369232692285,FAT_010,FAT_010,1
657317,7.109581730990212,FAT_010,FAT_010,1
657319,6.772795371409222,FAT_010,FAT_010,1
657321,10.812765822528176,FAT_010,FAT_010,1
657322,5.200973144002417,FAT_010,FAT_010,1
657323,6.077986448319897,FAT_010,FAT_010,1
658089,3.095511049550876,FAT_010,FAT_010,1
658659,3.1759488991800597,FAT_010,FAT_010,1
665943,2.5095874171714074,FAT_010,FAT_010,1
665951,4.468319783331523,FAT_010,FAT_010,1
697329,2.353893103463163,FAT_010,FAT_010,1
702459,1.6599392059286326,FAT_010,FAT_010,1
717959,3.268371185439738,FAT_010,FAT_010,1
717960,6.028674200514926,FAT_010,FAT_010,1
717962,9.77899538366528,FAT_010,FAT_010,1
718252,5.395733529970897,FAT_010,FAT_010,1
742733,2.863130524083432,FAT_010,FAT_010,1
742740,5.321244948079701,FAT_010,FAT_010,1
742741,4.224619831978578,FAT_010,FAT_010,1
742742,3.141532237407867,FAT_010,FAT_010,1
742818,5.72993059032431,FAT_010,FAT_010,1
748224,7.968234173178414,FAT_010,FAT_010,1
762984,2.75954031027213,FAT_010,FAT_010,1
871541,1.8439610154047696,FAT_010,FAT_010,1
883077,2.224978886205242,FAT_010,FAT_010,1
883156,2.1936587215952894,FAT_010,FAT_010,1
888048,3.426443666303772,FAT_010,FAT_010,1
999410,2.889834883623866,FAT_010,FAT_010,1
999412,3.2837541786175835,FAT_010,FAT_010,1
999413,3.50585761300642,FAT_010,FAT_010,1
1042156,2.904541189119918,FAT_010,FAT_010,1
1121111,1.846801294113136,FAT_010,FAT_010,1
1121114,2.4184465289226464,FAT_010,FAT_010,1
1121115,5.298598073987657,FAT_010,FAT_010,1
1121315,1.610294472596601,FAT_010,FAT_010,1
1121333,5.334769297406214,FAT_010,FAT_010,1
1121334,3.0184934687084817,FAT_010,FAT_010,1
1121344,2.421647344656738,FAT_010,FAT_010,1
1123075,1.871896962056231,FAT_010,FAT_010,1
1123263,3.0272120082943794,FAT_010,FAT_010,1
1123313,3.336103583164692,FAT_010,FAT_010,1
1125712,1.8996133022739208,FAT_010,FAT_010,1
1150460,3.4221028826113966,FAT_010,FAT_010,1
1160721,8.389983317490021,FAT_010,FAT_010,1
1203606,4.146970472588917,FAT_010,FAT_010,1
1203611,2.8524320244541936,FAT_010,FAT_010,1
1256908,6.935194524770398,FAT_010,FAT_010,1
1295400,2.3283291266863118,FAT_010,FAT_010,1
1384484,6.86885791313308,FAT_010,FAT_010,1
1401079,2.2405302527376527,FAT_010,FAT_010,1
1408437,4.5563574077560745,FAT_010,FAT_010,1
1410645,2.5959262088065067,FAT_010,FAT_010,1
1410647,7.15366109843678,FAT_010,FAT_010,1
1437612,8.524043380002318,FAT_010,FAT_010,1
818,3.559071562764283,FAT_014,FAT_014,1
213810,1.9378401286733964,FAT_014,FAT_014,1
226186,4.439766968344591,FAT_014,FAT_014,1
264199,3.2298054696130647,FAT_014,FAT_014,1
272559,2.211330540408309,FAT_014,FAT_014,1
295405,2.935848120618328,FAT_014,FAT_014,1
347253,7.0834312499456,FAT_014,FAT_014,1
354242,3.700772518247591,FAT_014,FAT_014,1
367928,5.957602260307556,FAT_014,FAT_014,1
411459,7.6884500964930655,FAT_014,FAT_014,1
411460,3.5345081050378475,FAT_014,FAT_014,1
411461,10.150119772034463,FAT_014,FAT_014,1
411462,9.556532333990312,FAT_014,FAT_014,1
411463,5.257644557444949,FAT_014,FAT_014,1
411467,3.022213223364001,FAT_014,FAT_014,1
411468,3.29745593198437,FAT_014,FAT_014,1
411469,10.673423700156786,FAT_014,FAT_014,1
411470,4.55167779787902,FAT_014,FAT_014,1
411471,3.632216375223536,FAT_014,FAT_014,1
411473,5.673117322304847,FAT_014,FAT_014,1
411474,7.374443328599748,FAT_014,FAT_014,1
411475,4.148024118852371,FAT_014,FAT_014,1
411476,2.696865943778931,FAT_014,FAT_014,1
411477,8.234237070268295,FAT_014,FAT_014,1
411479,8.23517945185014,FAT_014,FAT_014,1
411483,7.83127252658028,FAT_014,FAT_014,1
411484,5.368840503936359,FAT_014,FAT_014,1
411485,5.456816278083163,FAT_014,FAT_014,1
411486,6.418740482478276,FAT_014,FAT_014,1
411487,6.4460243871204455,FAT_014,FAT_014,1
411489,9.9086069168265,FAT_014,FAT_014,1
411490,4.611168980025723,FAT_014,FAT_014,1
411901,2.313975401623788,FAT_014,FAT_014,1
411902,4.032388805853558,FAT_014,FAT_014,1
411903,8.755511181580996,FAT_014,FAT_014,1
428125,3.132168851699282,FAT_014,FAT_014,1
428126,1.9504416606697124,FAT_014,FAT_014,1
428127,4.272168296100814,FAT_014,FAT_014,1
428128,2.1675608365460923,FAT_014,FAT_014,1
435590,11.44060043880153,FAT_014,FAT_014,1
435591,6.15805335346385,FAT_014,FAT_014,1
445970,10.90675117851998,FAT_014,FAT_014,1
445972,3.5222335391224298,FAT_014,FAT_014,1
445973,2.1798032635956024,FAT_014,FAT_014,1
445975,1.859123800418076,FAT_014,FAT_014,1
449673,5.8246235902377865,FAT_014,FAT_014,1
451640,1.5729698515790715,FAT_014,FAT_014,1
457387,2.5041810478635056,FAT_014,FAT_014,1
457388,3.5770108857652154,FAT_014,FAT_014,1
457390,2.072012767868389,FAT_014,FAT_014,1
457391,3.845929977923018,FAT_014,FAT_014,1
457392,2.2310382037098178,FAT_014,FAT_014,1
457393,6.91754401076542,FAT_014,FAT_014,1
457394,5.286617308272303,FAT_014,FAT_014,1
457395,4.358633583627727,FAT_014,FAT_014,1
457412,7.018244053246039,FAT_014,FAT_014,1
457421,3.479350576052981,FAT_014,FAT_014,1
457424,5.160713538669952,FAT_014,FAT_014,1
469585,1.8682027139450703,FAT_014,FAT_014,1
469588,1.7372670547479914,FAT_014,FAT_014,1
469589,3.549964547083532,FAT_014,FAT_014,1
469590,2.3664556430932078,FAT_014,FAT_014,1
469591,4.18694013433993,FAT_014,FAT_014,1
469592,3.6108014430465145,FAT_014,FAT_014,1
469593,5.3925254439328825,FAT_014,FAT_014,1
469596,3.684263319997456,FAT_014,FAT_014,1
469610,1.9665904770116227,FAT_014,FAT_014,1
470145,4.67339576975874,FAT_014,FAT_014,1
470146,8.973928217492169,FAT_014,FAT_014,1
471870,3.1932208383632017,FAT_014,FAT_014,1
471875,2.8845659746922343,FAT_014,FAT_014,1
476272,3.48617360611635,FAT_014,FAT_014,1
478749,2.443539609695645,FAT_014,FAT_014,1
479436,1.8608665897420604,FAT_014,FAT_014,1
483215,6.572667137843446,FAT_014,FAT_014,1
483216,6.196927882317212,FAT_014,FAT_014,1
483217,6.456476203895198,FAT_014,FAT_014,1
483218,5.007934286654986,FAT_014,FAT_014,1
484018,8.633746472408504,FAT_014,FAT_014,1
500632,3.858759259142109,FAT_014,FAT_014,1
511680,3.596242895085406,FAT_014,FAT_014,1
515619,6.9304106855581935,FAT_014,FAT_014,1
515620,10.55332244997308,FAT_014,FAT_014,1
518636,3.9171153896044464,FAT_014,FAT_014,1
518637,9.33782774537138,FAT_014,FAT_014,1
525259,1.9809502879021876,FAT_014,FAT_014,1
525362,1.7202258337514005,FAT_014,FAT_014,1
536231,9.737471059770918,FAT_014,FAT_014,1
537006,4.3751732951889055,FAT_014,FAT_014,1
537007,4.906723655541208,FAT_014,FAT_014,1
537011,5.247837693905991,FAT_014,FAT_014,1
537012,6.02267821635694,FAT_014,FAT_014,1
537013,2.3654103177900163,FAT_014,FAT_014,1
545696,3.523508113830862,FAT_014,FAT_014,1
546273,2.2066114192642163,FAT_014,FAT_014,1
547042,4.152560265314909,FAT_014,FAT_014,1
548480,2.3661173496442567,FAT_014,FAT_014,1
552396,4.537212407085067,FAT_014,FAT_014,1
552398,4.901948815079089,FAT_014,FAT_014,1
556258,1.7037618877578222,FAT_014,FAT_014,1
556259,2.038984232796821,FAT_014,FAT_014,1
556270,1.830348702645412,FAT_014,FAT_014,1
563192,4.624135942009826,FAT_014,FAT_014,1
563193,5.536635086762824,FAT_014,FAT_014,1
566550,4.247495414891039,FAT_014,FAT_014,1
585394,6.833205007251932,FAT_014,FAT_014,1
585543,5.273739592429406,FAT_014,FAT_014,1
585544,1.725668995594127,FAT_014,FAT_014,1
622312,7.136723336961569,FAT_014,FAT_014,1
626939,5.171299954161335,FAT_014,FAT_014,1
645463,2.5017346483354825,FAT_014,FAT_014,1
649757,6.3577033394936375,FAT_014,FAT_014,1
657308,3.610579274097741,FAT_014,FAT_014,1
657309,5.047161133282371,FAT_014,FAT_014,1
657313,9.837342756061272,FAT_014,FAT_014,1
657314,5.528094344257633,FAT_014,FAT_014,1
657317,6.849042628048116,FAT_014,FAT_014,1
657319,5.107618836787815,FAT_014,FAT_014,1
657321,10.766311972258924,FAT_014,FAT_014,1
657322,4.835896708312432,FAT_014,FAT_014,1
657323,6.024420881652562,FAT_014,FAT_014,1
658089,4.899637553842657,FAT_014,FAT_014,1
658659,3.3582983038421843,FAT_014,FAT_014,1
665951,4.092802491133623,FAT_014,FAT_014,1
665953,6.223975427329256,FAT_014,FAT_014,1
679935,7.935192461325988,FAT_014,FAT_014,1
702443,3.8841666631566527,FAT_014,FAT_014,1
702444,2.662762140497534,FAT_014,FAT_014,1
702447,3.7119902541523606,FAT_014,FAT_014,1
709991,5.616037943683984,FAT_014,FAT_014,1
717959,4.804833555223311,FAT_014,FAT_014,1
717960,7.602253427862701,FAT_014,FAT_014,1
717962,9.74825558455394,FAT_014,FAT_014,1
718252,8.137227976125388,FAT_014,FAT_014,1
742725,3.310279274498452,FAT_014,FAT_014,1
742726,6.09864491959116,FAT_014,FAT_014,1
742727,3.6708267778634,FAT_014,FAT_014,1
742733,3.567484221857105,FAT_014,FAT_014,1
742740,8.023814843935785,FAT_014,FAT_014,1
742741,4.344694830659452,FAT_014,FAT_014,1
742742,4.632643236352306,FAT_014,FAT_014,1
742817,4.319931708501001,FAT_014,FAT_014,1
742818,3.3667776287553948,FAT_014,FAT_014,1
742821,3.633147711242152,FAT_014,FAT_014,1
748224,8.52575096710262,FAT_014,FAT_014,1
762966,1.78131085265746,FAT_014,FAT_014,1
762967,3.3669626043929184,FAT_014,FAT_014,1
762968,9.991801087099873,FAT_014,FAT_014,1
762982,5.801685038991808,FAT_014,FAT_014,1
762984,5.721701660129616,FAT_014,FAT_014,1
763034,4.185820019028716,FAT_014,FAT_014,1
862962,2.406624952794054,FAT_014,FAT_014,1
866771,4.231149857386893,FAT_014,FAT_014,1
868129,2.193438769073163,FAT_014,FAT_014,1
888048,5.094952020279544,FAT_014,FAT_014,1
888833,4.5952899673996495,FAT_014,FAT_014,1
904306,5.187908288686176,FAT_014,FAT_014,1
997353,1.8630232523476156,FAT_014,FAT_014,1
997884,2.941347981505905,FAT_014,FAT_014,1
999410,4.345740197966875,FAT_014,FAT_014,1
999412,2.115630130765371,FAT_014,FAT_014,1
999413,4.261589605435984,FAT_014,FAT_014,1
1002367,3.437094051466186,FAT_014,FAT_014,1
1042156,3.4286974171081672,FAT_014,FAT_014,1
1077285,2.333205322713206,FAT_014,FAT_014,1
1121100,10.401472780063925,FAT_014,FAT_014,1
1121101,2.4853593859615075,FAT_014,FAT_014,1
1121114,2.649298862741181,FAT_014,FAT_014,1
1121115,9.655531860232228,FAT_014,FAT_014,1
1121130,5.515289518931761,FAT_014,FAT_014,1
1121315,2.0593703622427224,FAT_014,FAT_014,1
1121333,6.39375384590096,FAT_014,FAT_014,1
1122975,2.481256857217196,FAT_014,FAT_014,1
1122981,2.099867834297223,FAT_014,FAT_014,1
1123075,1.8109321157758005,FAT_014,FAT_014,1
1123263,4.422142287140114,FAT_014,FAT_014,1
1123313,1.8287647873616817,FAT_014,FAT_014,1
1156431,3.355375229391968,FAT_014,FAT_014,1
1156433,3.2709783713917444,FAT_014,FAT_014,1
1160721,3.62026171004545,FAT_014,FAT_014,1
1203465,5.681404368226741,FAT_014,FAT_014,1
1203606,5.276391969805934,FAT_014,FAT_014,1
1203610,2.630972226288909,FAT_014,FAT_014,1
1203611,6.458975876326733,FAT_014,FAT_014,1
1211844,2.144481126008652,FAT_014,FAT_014,1
1256908,8.845431303227453,FAT_014,FAT_014,1
1282887,3.124030373454489,FAT_014,FAT_014,1
1384484,3.821324887851793,FAT_014,FAT_014,1
1408437,6.147344385401048,FAT_014,FAT_014,1
1410647,2.34001492065981,FAT_014,FAT_014,1
1437612,4.4397917639790645,FAT_014,FAT_014,1
1899017,5.083717802014044,FAT_014,FAT_014,1
818,3.601060342388936,FAT_017,FAT_017,1
205913,1.066846793119967,FAT_017,FAT_017,1
206672,0.9868133425361948,FAT_017,FAT_017,1
213810,3.801013105641509,FAT_017,FAT_017,1
226186,8.71109548556154,FAT_017,FAT_017,1
272559,3.273666848946964,FAT_017,FAT_017,1
295405,3.1656625349391083,FAT_017,FAT_017,1
347253,6.096342776362603,FAT_017,FAT_017,1
349741,3.3668889342488675,FAT_017,FAT_017,1
367928,10.693725011063195,FAT_017,FAT_017,1
391904,2.7468087215325867,FAT_017,FAT_017,1
398513,4.086364103609826,FAT_017,FAT_017,1
411459,6.620766999659376,FAT_017,FAT_017,1
411460,4.807949474418205,FAT_017,FAT_017,1
411461,10.935857726162135,FAT_017,FAT_017,1
411462,8.366785974568746,FAT_017,FAT_017,1
411463,4.935565059103512,FAT_017,FAT_017,1
411467,5.253182401960816,FAT_017,FAT_017,1
411468,4.229325654841707,FAT_017,FAT_017,1
411469,7.995631828580533,FAT_017,FAT_017,1
411470,6.5904841606570175,FAT_017,FAT_017,1
411471,8.742334574574617,FAT_017,FAT_017,1
411473,6.599699414040853,FAT_017,FAT_017,1
411474,5.174574119748945,FAT_017,FAT_017,1
411475,7.482612226946427,FAT_017,FAT_017,1
411476,5.991044684754638,FAT_017,FAT_017,1
411477,6.813066500964271,FAT_017,FAT_017,1
411479,7.108525823407088,FAT_017,FAT_017,1
411483,9.557906629330864,FAT_017,FAT_017,1
411484,5.53089182332607,FAT_017,FAT_017,1
411485,8.138119641279077,FAT_017,FAT_017,1
411486,7.25202813748974,FAT_017,FAT_017,1
411487,6.352605135118885,FAT_017,FAT_017,1
411489,5.46423736593255,FAT_017,FAT_017,1
411490,4.223695745293,FAT_017,FAT_017,1
411901,8.922430335050546,FAT_017,FAT_017,1
411902,4.808910652985519,FAT_017,FAT_017,1
411903,11.167617802482354,FAT_017,FAT_017,1
428125,9.06810655214444,FAT_017,FAT_017,1
428126,3.484667509167143,FAT_017,FAT_017,1
428127,6.118047143048355,FAT_017,FAT_017,1
428128,7.169156978171498,FAT_017,FAT_017,1
435590,11.238597007726126,FAT_017,FAT_017,1
435591,6.262393354114315,FAT_017,FAT_017,1
445970,6.661808730770782,FAT_017,FAT_017,1
445972,7.454571897520185,FAT_017,FAT_017,1
445973,5.262918755248085,FAT_017,FAT_017,1
449673,5.055799010632578,FAT_017,FAT_017,1
450749,3.075560848145208,FAT_017,FAT_017,1
457387,3.5640746655862445,FAT_017,FAT_017,1
457388,3.608679026849261,FAT_017,FAT_017,1
457390,2.774413069502073,FAT_017,FAT_017,1
457391,2.827104569579695,FAT_017,FAT_017,1
457393,4.309261045024463,FAT_017,FAT_017,1
457394,5.646163170733194,FAT_017,FAT_017,1
457395,2.7640579786072976,FAT_017,FAT_017,1
457412,8.619443032328263,FAT_017,FAT_017,1
457416,3.0406229602700137,FAT_017,FAT_017,1
457421,3.793691133308996,FAT_017,FAT_017,1
457424,3.8653918923738617,FAT_017,FAT_017,1
469585,4.818625903710432,FAT_017,FAT_017,1
469588,3.411509220801638,FAT_017,FAT_017,1
469589,4.797999748334401,FAT_017,FAT_017,1
469590,2.772517702724456,FAT_017,FAT_017,1
469591,3.3652841921876897,FAT_017,FAT_017,1
469592,3.7867494061129054,FAT_017,FAT_017,1
469593,5.816337771075418,FAT_017,FAT_017,1
469596,4.45123531777746,FAT_017,FAT_017,1
470145,4.244836561849864,FAT_017,FAT_017,1
470146,9.492563708808763,FAT_017,FAT_017,1
471870,7.444700636297159,FAT_017,FAT_017,1
471875,4.337534291469493,FAT_017,FAT_017,1
476272,4.883441034064584,FAT_017,FAT_017,1
478749,4.152219875111999,FAT_017,FAT_017,1
479436,3.5243044493523805,FAT_017,FAT_017,1
479437,5.6661139049521525,FAT_017,FAT_017,1
483215,9.78145192383453,FAT_017,FAT_017,1
483216,4.067980018442555,FAT_017,FAT_017,1
483217,8.051784828609721,FAT_017,FAT_017,1
483218,5.575623824047885,FAT_017,FAT_017,1
484018,5.182670640070845,FAT_017,FAT_017,1
484020,4.183397329542866,FAT_017,FAT_017,1
500632,5.078572155124943,FAT_017,FAT_017,1
511680,5.574006694823206,FAT_017,FAT_017,1
515619,7.121670475545528,FAT_017,FAT_017,1
515620,8.854106362966984,FAT_017,FAT_017,1
518635,11.388224774693674,FAT_017,FAT_017,1
518636,6.485178524116115,FAT_017,FAT_017,1
518637,10.92247647390681,FAT_017,FAT_017,1
525259,4.47039615452524,FAT_017,FAT_017,1
536231,5.953181485817717,FAT_017,FAT_017,1
537006,4.121561827887923,FAT_017,FAT_017,1
537007,4.71540377548852,FAT_017,FAT_017,1
537011,9.122655478223177,FAT_017,FAT_017,1
537012,3.6210201249829703,FAT_017,FAT_017,1
537013,4.319380275879522,FAT_017,FAT_017,1
537937,1.118947189168949,FAT_017,FAT_017,1
545696,6.765452019598546,FAT_017,FAT_017,1
546273,3.4746656422905597,FAT_017,FAT_017,1
547042,4.355586661040414,FAT_017,FAT_017,1
547043,3.285621499582746,FAT_017,FAT_017,1
548480,1.3400691031086196,FAT_017,FAT_017,1
552396,7.606367068268506,FAT_017,FAT_017,1
552398,7.000008469025784,FAT_017,FAT_017,1
556258,3.4197704754472857,FAT_017,FAT_017,1
556259,3.439924234504123,FAT_017,FAT_017,1
556268,3.726614431975249,FAT_017,FAT_017,1
563193,5.638581004747808,FAT_017,FAT_017,1
565040,1.095751339542542,FAT_017,FAT_017,1
565042,1.0935342718030634,FAT_017,FAT_017,1
566550,4.789879373497923,FAT_017,FAT_017,1
566552,3.9842832265154136,FAT_017,FAT_017,1
585394,6.255541135817387,FAT_017,FAT_017,1
585543,4.551729758514815,FAT_017,FAT_017,1
585544,3.2304177003979677,FAT_017,FAT_017,1
592028,12.110743446874064,FAT_017,FAT_017,1
622312,6.37593625183428,FAT_017,FAT_017,1
626939,5.041235923394414,FAT_017,FAT_017,1
641112,4.989460752003079,FAT_017,FAT_017,1
645463,4.731743755723914,FAT_017,FAT_017,1
649757,5.448649760010452,FAT_017,FAT_017,1
657308,6.490328266896837,FAT_017,FAT_017,1
657309,5.240299514759552,FAT_017,FAT_017,1
657313,10.73083593390686,FAT_017,FAT_017,1
657314,6.971047586219162,FAT_017,FAT_017,1
657317,7.055980385567226,FAT_017,FAT_017,1
657319,6.621485227017544,FAT_017,FAT_017,1
657321,8.667513568091422,FAT_017,FAT_017,1
657322,7.705809005303349,FAT_017,FAT_017,1
657323,6.05622420820806,FAT_017,FAT_017,1
658089,4.681911431037223,FAT_017,FAT_017,1
658659,5.527081160744471,FAT_017,FAT_017,1
665943,4.070789015226692,FAT_017,FAT_017,1
665951,5.1840830497131165,FAT_017,FAT_017,1
665953,5.1302828649633305,FAT_017,FAT_017,1
679935,6.958233468799205,FAT_017,FAT_017,1
702443,7.687316830417669,FAT_017,FAT_017,1
702444,5.090061634063077,FAT_017,FAT_017,1
702447,5.278296259489949,FAT_017,FAT_017,1
702459,4.000060313679339,FAT_017,FAT_017,1
709991,7.682394506681378,FAT_017,FAT_017,1
717959,11.34879001765603,FAT_017,FAT_017,1
717960,8.346411600187151,FAT_017,FAT_017,1
717962,11.077590803644418,FAT_017,FAT_017,1
718252,8.251056505163946,FAT_017,FAT_017,1
742725,10.093273626154822,FAT_017,FAT_017,1
742726,5.319920498961079,FAT_017,FAT_017,1
742727,4.6854163499695805,FAT_017,FAT_017,1
742733,5.228029920798081,FAT_017,FAT_017,1
742740,7.61741495524454,FAT_017,FAT_017,1
742741,5.176815901073747,FAT_017,FAT_017,1
748224,11.371366557603494,FAT_017,FAT_017,1
759350,2.8233234771575817,FAT_017,FAT_017,1
762968,3.5321074398681014,FAT_017,FAT_017,1
762982,3.246886299915761,FAT_017,FAT_017,1
762984,10.379381695844335,FAT_017,FAT_017,1
763034,4.141204866998788,FAT_017,FAT_017,1
767031,3.254498620251062,FAT_017,FAT_017,1
862962,3.1516328040553523,FAT_017,FAT_017,1
866776,3.9314175137157954,FAT_017,FAT_017,1
868129,4.550529000058583,FAT_017,FAT_017,1
873513,3.181627765819786,FAT_017,FAT_017,1
883062,3.981295055540243,FAT_017,FAT_017,1
888048,4.899478052826781,FAT_017,FAT_017,1
890402,0.977228351532672,FAT_017,FAT_017,1
997884,7.034902919493687,FAT_017,FAT_017,1
999410,5.274284091359958,FAT_017,FAT_017,1
999413,4.760473916340927,FAT_017,FAT_017,1
1002367,4.850214817927064,FAT_017,FAT_017,1
1042156,4.505425922863318,FAT_017,FAT_017,1
1077285,5.098554504185612,FAT_017,FAT_017,1
1121100,5.59009425557957,FAT_017,FAT_017,1
1121101,3.517764145524992,FAT_017,FAT_017,1
1121114,3.619954384683148,FAT_017,FAT_017,1
1121115,9.085682188863974,FAT_017,FAT_017,1
1121333,5.0049568423351065,FAT_017,FAT_017,1
1121344,4.31294405623361,FAT_017,FAT_017,1
1122978,3.237987370528196,FAT_017,FAT_017,1
1123313,4.304765248660212,FAT_017,FAT_017,1
1150460,4.715569885405753,FAT_017,FAT_017,1
1160721,5.377869000916036,FAT_017,FAT_017,1
1203465,3.69798227780433,FAT_017,FAT_017,1
1203606,6.720111884930977,FAT_017,FAT_017,1
1203611,6.8997988348997,FAT_017,FAT_017,1
1256908,7.2678744793917875,FAT_017,FAT_017,1
1322347,0.989740342562042,FAT_017,FAT_017,1
1384484,6.395043481620641,FAT_017,FAT_017,1
1408437,7.961052488034862,FAT_017,FAT_017,1
1410645,3.91431226886794,FAT_017,FAT_017,1
1410647,8.375728129549673,FAT_017,FAT_017,1
1437612,9.016240918808196,FAT_017,FAT_017,1
561,6.028157373862937,FAT_023,FAT_023,1
818,2.3756554557735945,FAT_023,FAT_023,1
904,5.149901068707107,FAT_023,FAT_023,1
205913,1.9037418935296475,FAT_023,FAT_023,1
206672,1.535466571271371,FAT_023,FAT_023,1
213810,4.912956079466094,FAT_023,FAT_023,1
226186,5.22137532210348,FAT_023,FAT_023,1
272559,3.95920047546941,FAT_023,FAT_023,1
295405,3.6028271019654547,FAT_023,FAT_023,1
300267,6.785741591118375,FAT_023,FAT_023,1
300269,8.923841311644448,FAT_023,FAT_023,1
326426,3.715683301766654,FAT_023,FAT_023,1
349741,12.960668250239618,FAT_023,FAT_023,1
352165,5.631665235617697,FAT_023,FAT_023,1
354242,4.600882762322579,FAT_023,FAT_023,1
364106,5.841022279409554,FAT_023,FAT_023,1
367928,11.332840451773253,FAT_023,FAT_023,1
386585,6.099991497605124,FAT_023,FAT_023,1
391904,4.57369690520652,FAT_023,FAT_023,1
398513,4.60465792716186,FAT_023,FAT_023,1
409438,11.103262618668728,FAT_023,FAT_023,1
411459,9.094522297373064,FAT_023,FAT_023,1
411460,5.91026594499868,FAT_023,FAT_023,1
411461,9.524107581149917,FAT_023,FAT_023,1
411462,9.067957459071971,FAT_023,FAT_023,1
411463,4.848851181116386,FAT_023,FAT_023,1
411464,9.32102912120542,FAT_023,FAT_023,1
411466,6.238892738730497,FAT_023,FAT_023,1
411467,6.691032800536897,FAT_023,FAT_023,1
411468,5.10915006276184,FAT_023,FAT_023,1
411469,7.563009622331045,FAT_023,FAT_023,1
411470,5.196054343756922,FAT_023,FAT_023,1
411471,9.196645431428124,FAT_023,FAT_023,1
411473,7.781177727928208,FAT_023,FAT_023,1
411474,4.763426134775459,FAT_023,FAT_023,1
411475,11.42100008098441,FAT_023,FAT_023,1
411476,4.0463925026119565,FAT_023,FAT_023,1
411477,9.36837243164296,FAT_023,FAT_023,1
411479,7.82726016580047,FAT_023,FAT_023,1
411483,11.751872092617472,FAT_023,FAT_023,1
411484,5.466179193168698,FAT_023,FAT_023,1
411485,6.598979663233848,FAT_023,FAT_023,1
411486,10.897076804882674,FAT_023,FAT_023,1
411487,8.307569117885624,FAT_023,FAT_023,1
411489,6.268279834394311,FAT_023,FAT_023,1
411490,5.89546768510263,FAT_023,FAT_023,1
411901,4.994019443375028,FAT_023,FAT_023,1
411902,5.612188721560121,FAT_023,FAT_023,1
411903,12.592725345816635,FAT_023,FAT_023,1
420247,7.412475870287487,FAT_023,FAT_023,1
428125,6.044540175917311,FAT_023,FAT_023,1
428127,6.613624348462158,FAT_023,FAT_023,1
428128,5.851268456275501,FAT_023,FAT_023,1
435590,8.935841362434008,FAT_023,FAT_023,1
435591,7.977790042606367,FAT_023,FAT_023,1
435830,4.004346418256464,FAT_023,FAT_023,1
445970,11.69159656788986,FAT_023,FAT_023,1
445972,9.830723271701013,FAT_023,FAT_023,1
445975,6.094347394183513,FAT_023,FAT_023,1
449673,7.080482907582395,FAT_023,FAT_023,1
457387,2.5472953200415605,FAT_023,FAT_023,1
457388,4.1854563801606295,FAT_023,FAT_023,1
457390,2.478340509367332,FAT_023,FAT_023,1
457391,4.669781798350959,FAT_023,FAT_023,1
457393,7.195098645635378,FAT_023,FAT_023,1
457394,4.333869130142935,FAT_023,FAT_023,1
457395,4.093794646248805,FAT_023,FAT_023,1
457400,6.680418269086329,FAT_023,FAT_023,1
457401,6.421645041659059,FAT_023,FAT_023,1
457412,5.346055319779402,FAT_023,FAT_023,1
457421,5.671228293054324,FAT_023,FAT_023,1
457424,7.209667069118664,FAT_023,FAT_023,1
469585,2.1069993516143697,FAT_023,FAT_023,1
469588,2.1219133441245743,FAT_023,FAT_023,1
469589,4.345267519982487,FAT_023,FAT_023,1
469590,2.950659278589885,FAT_023,FAT_023,1
469591,4.561023592869628,FAT_023,FAT_023,1
469592,4.169975960993672,FAT_023,FAT_023,1
469593,4.463528269641533,FAT_023,FAT_023,1
469596,4.945203690798843,FAT_023,FAT_023,1
470145,5.146243925193341,FAT_023,FAT_023,1
470146,7.706045061070663,FAT_023,FAT_023,1
471870,5.564010381721108,FAT_023,FAT_023,1
471875,4.789248021233594,FAT_023,FAT_023,1
473819,4.217258926878978,FAT_023,FAT_023,1
476272,8.144925355001623,FAT_023,FAT_023,1
478749,4.230608459294993,FAT_023,FAT_023,1
479437,8.576196924446055,FAT_023,FAT_023,1
483215,6.57564075800949,FAT_023,FAT_023,1
483216,5.679728790050096,FAT_023,FAT_023,1
483217,7.059509642464223,FAT_023,FAT_023,1
483218,4.84293083116654,FAT_023,FAT_023,1
484018,5.350919214428969,FAT_023,FAT_023,1
491074,4.48370803771593,FAT_023,FAT_023,1
500632,6.70016074169321,FAT_023,FAT_023,1
500635,5.225387602401811,FAT_023,FAT_023,1
502558,5.755155624725774,FAT_023,FAT_023,1
511145,6.8804386704973055,FAT_023,FAT_023,1
511680,4.406909850634042,FAT_023,FAT_023,1
515619,7.956246729414336,FAT_023,FAT_023,1
515620,8.296550574630137,FAT_023,FAT_023,1
518635,7.8662654511158365,FAT_023,FAT_023,1
518636,7.200271631466784,FAT_023,FAT_023,1
518637,11.617246160019336,FAT_023,FAT_023,1
521003,6.593795102230243,FAT_023,FAT_023,1
521095,4.751770566479023,FAT_023,FAT_023,1
525259,7.412648475487669,FAT_023,FAT_023,1
525362,7.395483336151185,FAT_023,FAT_023,1
536231,7.000393534538633,FAT_023,FAT_023,1
537006,5.599386391962364,FAT_023,FAT_023,1
537007,6.057900061245073,FAT_023,FAT_023,1
537011,6.828251369878117,FAT_023,FAT_023,1
537012,5.447226444256956,FAT_023,FAT_023,1
537013,6.061723311468053,FAT_023,FAT_023,1
537937,1.7373800028240995,FAT_023,FAT_023,1
545696,7.265931434790215,FAT_023,FAT_023,1
547042,5.192350856923618,FAT_023,FAT_023,1
547043,5.696482500291785,FAT_023,FAT_023,1
548480,1.6439705687564008,FAT_023,FAT_023,1
552396,9.106343339492264,FAT_023,FAT_023,1
552398,7.7987128339338,FAT_023,FAT_023,1
556258,2.1331823310287694,FAT_023,FAT_023,1
556259,3.0242649494656457,FAT_023,FAT_023,1
556268,6.918314811674968,FAT_023,FAT_023,1
563192,7.362882745908356,FAT_023,FAT_023,1
563193,9.197985933416728,FAT_023,FAT_023,1
565040,1.5619683576189325,FAT_023,FAT_023,1
565042,1.6834146256620026,FAT_023,FAT_023,1
566550,5.784596217338146,FAT_023,FAT_023,1
566552,7.0542378896307465,FAT_023,FAT_023,1
568816,8.251276086986524,FAT_023,FAT_023,1
585394,8.363558927970772,FAT_023,FAT_023,1
585543,5.882510071106497,FAT_023,FAT_023,1
585544,2.0750249826328835,FAT_023,FAT_023,1
591001,5.615973756930434,FAT_023,FAT_023,1
591020,7.787470572204315,FAT_023,FAT_023,1
622312,7.438827222948345,FAT_023,FAT_023,1
626939,9.943493048886074,FAT_023,FAT_023,1
633147,8.230968063670435,FAT_023,FAT_023,1
641112,6.590408989931737,FAT_023,FAT_023,1
645463,5.65609045713391,FAT_023,FAT_023,1
645464,5.139376720126212,FAT_023,FAT_023,1
649757,6.438628841392361,FAT_023,FAT_023,1
649764,5.403065020619434,FAT_023,FAT_023,1
657308,9.343795174939128,FAT_023,FAT_023,1
657309,4.306661419552485,FAT_023,FAT_023,1
657313,8.609334782019435,FAT_023,FAT_023,1
657314,6.0948946856409,FAT_023,FAT_023,1
657317,5.529535024049784,FAT_023,FAT_023,1
657319,8.381821986259713,FAT_023,FAT_023,1
657321,10.608512861568476,FAT_023,FAT_023,1
657322,6.313596921844265,FAT_023,FAT_023,1
657323,6.448395267945,FAT_023,FAT_023,1
658089,5.386027200207392,FAT_023,FAT_023,1
658659,6.254736706229272,FAT_023,FAT_023,1
665943,6.23563497556154,FAT_023,FAT_023,1
665951,6.637916286377731,FAT_023,FAT_023,1
665953,5.970085022055714,FAT_023,FAT_023,1
679935,10.938944196690343,FAT_023,FAT_023,1
697329,4.975233286798339,FAT_023,FAT_023,1
702443,5.591243137263834,FAT_023,FAT_023,1
702444,3.724984758869424,FAT_023,FAT_023,1
702447,4.15491670843883,FAT_023,FAT_023,1
702459,4.1757548174455525,FAT_023,FAT_023,1
709991,7.260574822629962,FAT_023,FAT_023,1
717959,11.026488716031611,FAT_023,FAT_023,1
717960,7.175353996558895,FAT_023,FAT_023,1
717962,9.290593692070528,FAT_023,FAT_023,1
718252,6.404464982722885,FAT_023,FAT_023,1
742725,6.998534628915536,FAT_023,FAT_023,1
742726,5.032516829207806,FAT_023,FAT_023,1
742727,4.334239647422612,FAT_023,FAT_023,1
742733,7.092410259996079,FAT_023,FAT_023,1
742740,6.9059914370408135,FAT_023,FAT_023,1
742741,7.583466347116939,FAT_023,FAT_023,1
742742,9.363685203806677,FAT_023,FAT_023,1
742743,4.700538055148961,FAT_023,FAT_023,1
742818,5.604076611688997,FAT_023,FAT_023,1
742821,5.987040402287214,FAT_023,FAT_023,1
748224,11.129474646753636,FAT_023,FAT_023,1
759350,4.684814419383066,FAT_023,FAT_023,1
762968,4.149528005419403,FAT_023,FAT_023,1
762982,4.078928778941328,FAT_023,FAT_023,1
762984,5.685545647759024,FAT_023,FAT_023,1
763034,4.3484189004038125,FAT_023,FAT_023,1
866499,6.403737194619502,FAT_023,FAT_023,1
883156,5.418676873751244,FAT_023,FAT_023,1
890402,1.824089783640013,FAT_023,FAT_023,1
997872,4.468353744252964,FAT_023,FAT_023,1
997884,5.619844537951964,FAT_023,FAT_023,1
999410,7.225748042542522,FAT_023,FAT_023,1
999412,4.795913229325933,FAT_023,FAT_023,1
999413,6.9197337654537545,FAT_023,FAT_023,1
1002367,4.6519500968916425,FAT_023,FAT_023,1
1042156,5.362504322596777,FAT_023,FAT_023,1
1064535,11.11352808817033,FAT_023,FAT_023,1
1077285,6.171802699416942,FAT_023,FAT_023,1
1121100,4.684071448233247,FAT_023,FAT_023,1
1121101,5.062318455837145,FAT_023,FAT_023,1
1121111,6.405410714913946,FAT_023,FAT_023,1
1121114,4.2708934698492085,FAT_023,FAT_023,1
1121115,7.437878606570253,FAT_023,FAT_023,1
1121130,4.471296071741985,FAT_023,FAT_023,1
1121333,6.280595587834225,FAT_023,FAT_023,1
1121334,6.354515625379978,FAT_023,FAT_023,1
1121344,6.429227999593424,FAT_023,FAT_023,1
1123075,5.214689317531571,FAT_023,FAT_023,1
1123263,5.101935535985139,FAT_023,FAT_023,1
1123313,7.360063918175674,FAT_023,FAT_023,1
1125712,6.1659677793147285,FAT_023,FAT_023,1
1150460,9.089398008685505,FAT_023,FAT_023,1
1150461,4.443745277074097,FAT_023,FAT_023,1
1160721,11.258889742977008,FAT_023,FAT_023,1
1203465,3.942732250419348,FAT_023,FAT_023,1
1203540,3.7053147314367054,FAT_023,FAT_023,1
1203606,8.945404358018827,FAT_023,FAT_023,1
1203611,9.609299368810584,FAT_023,FAT_023,1
1235789,5.024870434576694,FAT_023,FAT_023,1
1254439,5.161503410678031,FAT_023,FAT_023,1
1256908,7.393171212076652,FAT_023,FAT_023,1
1322347,1.5925223283600272,FAT_023,FAT_023,1
1384484,5.260467516263778,FAT_023,FAT_023,1
1408437,11.099904032293846,FAT_023,FAT_023,1
1410645,6.319968029119194,FAT_023,FAT_023,1
1410647,11.952972168714314,FAT_023,FAT_023,1
1410665,6.915196744833734,FAT_023,FAT_023,1
1437612,11.469103062000553,FAT_023,FAT_023,1
904,2.7566706034187254,FAT_024,FAT_024,1
1547,2.2961130026055168,FAT_024,FAT_024,1
205913,1.1240307875524609,FAT_024,FAT_024,1
206672,0.9509439284354588,FAT_024,FAT_024,1
213810,2.4898627030564007,FAT_024,FAT_024,1
246201,2.799818834234992,FAT_024,FAT_024,1
264199,10.434372574008192,FAT_024,FAT_024,1
272559,2.8580969912187326,FAT_024,FAT_024,1
272623,3.344863608145385,FAT_024,FAT_024,1
295405,2.840874226777795,FAT_024,FAT_024,1
321956,3.8644040805442414,FAT_024,FAT_024,1
321967,2.389079875936422,FAT_024,FAT_024,1
347253,5.019785393156305,FAT_024,FAT_024,1
354242,3.788861335058048,FAT_024,FAT_024,1
367928,7.826191016785995,FAT_024,FAT_024,1
390333,3.842926059437835,FAT_024,FAT_024,1
391904,2.4856546164224214,FAT_024,FAT_024,1
411459,4.513171376257617,FAT_024,FAT_024,1
411460,3.1029334294335515,FAT_024,FAT_024,1
411461,9.220785849748212,FAT_024,FAT_024,1
411462,9.145295431558276,FAT_024,FAT_024,1
411463,4.210599648208923,FAT_024,FAT_024,1
411466,2.728214450038178,FAT_024,FAT_024,1
411467,2.8104418614326234,FAT_024,FAT_024,1
411468,2.995720713925992,FAT_024,FAT_024,1
411469,10.718154825874604,FAT_024,FAT_024,1
411470,4.608164440049592,FAT_024,FAT_024,1
411471,3.16154430028267,FAT_024,FAT_024,1
411473,4.765417527832086,FAT_024,FAT_024,1
411474,3.0400111821771,FAT_024,FAT_024,1
411475,3.82186754390749,FAT_024,FAT_024,1
411479,3.7151102929050297,FAT_024,FAT_024,1
411483,4.460347152199995,FAT_024,FAT_024,1
411484,8.560987818243953,FAT_024,FAT_024,1
411485,4.449604661676638,FAT_024,FAT_024,1
411486,3.975280216446511,FAT_024,FAT_024,1
411487,7.31498725149937,FAT_024,FAT_024,1
411489,4.677985541495959,FAT_024,FAT_024,1
411490,4.197806152204663,FAT_024,FAT_024,1
411902,3.161728731555001,FAT_024,FAT_024,1
411903,10.289872684310463,FAT_024,FAT_024,1
420247,2.416682612469802,FAT_024,FAT_024,1
428125,3.3815985693668424,FAT_024,FAT_024,1
428126,2.939484499905956,FAT_024,FAT_024,1
428127,2.842446066927078,FAT_024,FAT_024,1
428128,2.4751579316390524,FAT_024,FAT_024,1
435590,5.191351839499143,FAT_024,FAT_024,1
435591,3.1132027462370457,FAT_024,FAT_024,1
445970,4.772254226098549,FAT_024,FAT_024,1
445972,2.598801715910731,FAT_024,FAT_024,1
445973,3.9498430990807303,FAT_024,FAT_024,1
445975,2.9881833918195837,FAT_024,FAT_024,1
449673,2.3532538663624565,FAT_024,FAT_024,1
451640,2.3848303542809206,FAT_024,FAT_024,1
457388,2.027707362177348,FAT_024,FAT_024,1
457391,1.6596874176667895,FAT_024,FAT_024,1
457392,2.2193106622669845,FAT_024,FAT_024,1
457393,3.364576883546941,FAT_024,FAT_024,1
457394,2.817850420936458,FAT_024,FAT_024,1
457395,1.6169948422233886,FAT_024,FAT_024,1
457412,7.389640910837471,FAT_024,FAT_024,1
469589,1.6199115246424045,FAT_024,FAT_024,1
469591,1.6433431823680045,FAT_024,FAT_024,1
469592,2.039911486360916,FAT_024,FAT_024,1
469593,2.968964611224038,FAT_024,FAT_024,1
469596,3.6461634919457673,FAT_024,FAT_024,1
470146,8.867355252342659,FAT_024,FAT_024,1
471872,2.5677227118458856,FAT_024,FAT_024,1
471875,8.448554393489662,FAT_024,FAT_024,1
476272,2.883976295377677,FAT_024,FAT_024,1
478749,2.5046925631138457,FAT_024,FAT_024,1
479437,3.3234312293380768,FAT_024,FAT_024,1
483216,2.6438266986529637,FAT_024,FAT_024,1
483217,3.0008657851488527,FAT_024,FAT_024,1
483218,3.918285764878669,FAT_024,FAT_024,1
484020,2.970275200351443,FAT_024,FAT_024,1
500632,4.226047031543686,FAT_024,FAT_024,1
511680,3.3420772240163488,FAT_024,FAT_024,1
515619,7.415507567222413,FAT_024,FAT_024,1
515620,9.435594613489949,FAT_024,FAT_024,1
518635,3.683001455668812,FAT_024,FAT_024,1
518636,3.8210327181833454,FAT_024,FAT_024,1
518637,7.763330068476814,FAT_024,FAT_024,1
521003,2.891474452910936,FAT_024,FAT_024,1
525259,3.070946496198082,FAT_024,FAT_024,1
525362,2.1433605881667277,FAT_024,FAT_024,1
536231,6.518202113264775,FAT_024,FAT_024,1
537007,3.9856163398112585,FAT_024,FAT_024,1
537012,3.464144850353167,FAT_024,FAT_024,1
537937,0.9669205322107696,FAT_024,FAT_024,1
545696,2.3796441509753765,FAT_024,FAT_024,1
547043,8.083844612567143,FAT_024,FAT_024,1
548480,0.9666162302321536,FAT_024,FAT_024,1
552396,2.9486618514928824,FAT_024,FAT_024,1
552398,4.966081237126355,FAT_024,FAT_024,1
556270,2.601671002585767,FAT_024,FAT_024,1
563193,4.541647698639959,FAT_024,FAT_024,1
565040,1.0174297171947315,FAT_024,FAT_024,1
565042,0.9447155286443716,FAT_024,FAT_024,1
566550,2.5187510919851777,FAT_024,FAT_024,1
566552,5.496255412263144,FAT_024,FAT_024,1
568816,3.1401716254391063,FAT_024,FAT_024,1
585394,4.093721092703061,FAT_024,FAT_024,1
585543,3.423475128673155,FAT_024,FAT_024,1
586220,2.270724485632494,FAT_024,FAT_024,1
592028,3.3072669417013523,FAT_024,FAT_024,1
622312,5.716904825364177,FAT_024,FAT_024,1
626939,5.243006668181363,FAT_024,FAT_024,1
645463,2.98738214086062,FAT_024,FAT_024,1
649757,5.507752423503332,FAT_024,FAT_024,1
657308,3.467228592006544,FAT_024,FAT_024,1
657313,7.7854107974633235,FAT_024,FAT_024,1
657314,5.577462563965286,FAT_024,FAT_024,1
657317,7.564919899965912,FAT_024,FAT_024,1
657319,4.407738710710091,FAT_024,FAT_024,1
657321,10.85427351476782,FAT_024,FAT_024,1
657322,4.5259750413046085,FAT_024,FAT_024,1
657323,8.637917893967632,FAT_024,FAT_024,1
658089,8.056231699745913,FAT_024,FAT_024,1
658659,2.9961913515157663,FAT_024,FAT_024,1
665943,3.308441600685756,FAT_024,FAT_024,1
665951,4.115440328320305,FAT_024,FAT_024,1
665953,2.267601301114584,FAT_024,FAT_024,1
717960,5.956960275996538,FAT_024,FAT_024,1
717962,8.38888338176634,FAT_024,FAT_024,1
718252,6.910903085983916,FAT_024,FAT_024,1
742726,3.984094743176796,FAT_024,FAT_024,1
742733,2.6035747143241563,FAT_024,FAT_024,1
742740,4.479797245542659,FAT_024,FAT_024,1
742741,3.308093225325082,FAT_024,FAT_024,1
742742,3.2069926312148915,FAT_024,FAT_024,1
742818,2.968591432990968,FAT_024,FAT_024,1
748224,8.132793570754359,FAT_024,FAT_024,1
759350,2.7032907957198957,FAT_024,FAT_024,1
762984,5.70551162814616,FAT_024,FAT_024,1
862962,2.820761122647854,FAT_024,FAT_024,1
888048,3.962531474396568,FAT_024,FAT_024,1
890402,1.080800511636263,FAT_024,FAT_024,1
904306,4.6102453107907335,FAT_024,FAT_024,1
999410,3.801297468786868,FAT_024,FAT_024,1
999412,2.6586605855457672,FAT_024,FAT_024,1
999413,5.006575032071636,FAT_024,FAT_024,1
1042156,3.160918969084615,FAT_024,FAT_024,1
1121114,3.0253314031673346,FAT_024,FAT_024,1
1121115,7.413834235606126,FAT_024,FAT_024,1
1121333,4.447109944649816,FAT_024,FAT_024,1
1121864,2.8133268679875085,FAT_024,FAT_024,1
1123075,2.4329218909610346,FAT_024,FAT_024,1
1123263,4.516257174378258,FAT_024,FAT_024,1
1123313,2.336045486760824,FAT_024,FAT_024,1
1150460,6.340506906561349,FAT_024,FAT_024,1
1160721,6.098484288452024,FAT_024,FAT_024,1
1203606,6.367915608165158,FAT_024,FAT_024,1
1203611,3.746318253968763,FAT_024,FAT_024,1
1211844,3.887965079033763,FAT_024,FAT_024,1
1215915,3.9794574671686456,FAT_024,FAT_024,1
1256908,9.354332471524136,FAT_024,FAT_024,1
1282887,2.768698093132669,FAT_024,FAT_024,1
1322347,0.9611889356596884,FAT_024,FAT_024,1
1384484,3.917417942840565,FAT_024,FAT_024,1
1408437,4.610149921653909,FAT_024,FAT_024,1
1410647,5.693706834956101,FAT_024,FAT_024,1
1437612,5.971400158721197,FAT_024,FAT_024,1
