taxon,met_independence
329,29.28
561,31.07
818,29.11
904,23.81
1246,21.03
1350,20.07
1547,28.34
28112,24.42
66692,29.13
85962,19.68
176280,25.08
190304,18.84
192222,25.48
195103,25.08
203267,17.9
205913,24.89
205921,22.17
205922,30.66
206672,25.09
207244,29.93
213810,22.4
218495,21.99
220668,24.9
223926,31.09
224308,30.22
226185,20.24
226186,29.11
234621,29.18
242619,19.75
244366,32.11
246198,18.6
246201,22.8
257314,9.86
262727,26.73
264199,24.34
264731,28.87
265669,28.27
266835,31.67
267747,27.55
272558,31.16
272559,30.39
272562,31.32
272620,32.19
272621,14.99
272623,26.74
273057,16.72
273526,30.3
278197,16.6
279010,30.55
279808,25.07
283165,19.39
290338,32.36
290339,30.64
290402,32.16
295405,30.39
299033,20.03
300267,30.93
300269,31.07
306263,21.42
314315,15.29
321955,26.39
321956,15.51
321967,22.05
324831,11.29
326426,25.0
333381,27.05
334390,22.4
334413,14.89
339860,18.53
342451,25.61
347253,25.68
347256,4.23
349741,28.37
349966,32.52
349968,32.52
351627,28.19
352165,21.76
354242,25.28
358681,30.01
360104,24.02
360105,25.78
360106,25.82
360107,25.25
362948,19.4
364106,31.07
367737,26.32
367928,25.27
370551,17.11
378753,27.08
380703,29.54
386585,31.07
387344,15.08
388919,27.33
390333,15.23
391904,26.99
393126,28.67
393127,28.67
393130,28.67
393305,32.52
398511,29.21
398513,25.15
398525,30.39
398578,28.82
405531,29.58
405534,29.44
405566,15.79
409438,31.07
411459,29.69
411460,29.93
411461,31.07
411462,28.31
411463,26.73
411464,28.1
411465,12.61
411466,23.67
411467,27.37
411468,27.59
411469,29.85
411470,31.06
411471,28.72
411472,28.51
411473,29.04
411474,27.02
411475,28.82
411476,29.68
411477,29.89
411479,30.29
411483,28.13
411484,27.82
411485,29.4
411486,26.21
411487,31.0
411489,27.23
411490,30.71
411901,29.11
411902,31.82
411903,26.62
413999,23.72
416269,28.27
420247,18.18
420889,17.59
426355,30.77
428125,26.43
428126,27.15
428127,17.97
428128,26.14
435590,30.99
435591,30.59
435830,21.31
435837,23.67
435838,23.45
439375,29.38
440497,10.13
441620,30.22
441770,23.72
441771,23.72
442563,24.15
444177,28.18
445336,24.17
445970,17.81
445971,23.4
445972,25.15
445973,29.52
445975,20.24
449673,29.11
450749,27.8
451515,25.41
451640,25.98
457387,29.03
457388,30.59
457390,29.68
457391,30.88
457392,30.19
457393,29.75
457394,30.99
457395,30.99
457396,28.18
457398,28.37
457400,31.07
457401,31.07
457405,19.04
457412,30.36
457416,27.37
457421,31.17
457424,30.39
465515,26.5
467705,25.08
469378,20.19
469585,29.25
469588,28.94
469589,30.59
469590,29.52
469591,30.59
469592,30.59
469593,30.99
469595,31.19
469596,28.15
469599,23.24
469602,18.59
469603,19.04
469604,20.17
469605,18.06
469606,18.59
469607,18.91
469609,24.73
469610,25.27
469613,30.98
469615,18.06
469616,26.73
469617,25.8
469618,24.84
469621,23.21
470145,28.33
470146,28.01
471854,30.16
471870,30.58
471871,24.34
471872,26.78
471874,29.33
471875,29.18
471881,27.28
473819,25.41
474186,20.24
476272,29.6
478749,29.95
478801,23.7
479436,27.57
479437,24.48
480119,27.05
483215,28.86
483216,29.11
483217,30.63
483218,28.19
484018,30.12
484020,25.15
491074,19.97
491077,19.92
499177,28.86
500632,27.33
500633,22.23
500635,29.62
500637,29.13
500638,30.62
500639,30.5
500640,32.19
502347,31.07
502558,24.43
502800,30.5
504472,28.77
511145,31.07
511680,26.86
512566,24.48
515608,4.34
515619,29.62
515620,31.6
518635,25.8
518636,28.81
518637,18.67
520999,28.73
521000,28.73
521003,19.03
521095,16.1
521097,18.3
523794,28.25
525246,24.8
525258,27.94
525259,27.86
525268,28.33
525278,20.09
525279,20.3
525306,14.99
525309,18.85
525310,26.38
525318,24.47
525325,21.62
525328,9.08
525337,21.8
525338,24.64
525361,21.79
525362,22.5
525365,17.02
525367,27.53
525369,27.87
525370,29.28
525379,27.05
525919,13.69
526997,29.31
527004,32.52
527012,32.52
527025,29.44
536229,29.22
536231,31.15
536233,29.71
537006,29.51
537007,29.22
537011,28.14
537012,29.72
537013,26.93
537937,25.23
537970,25.93
537971,25.68
537972,25.24
537973,21.8
543734,21.72
545696,17.82
545697,30.0
546262,24.82
546263,27.38
546266,28.27
546268,28.27
546269,16.88
546270,15.84
546273,27.7
546274,23.78
547042,28.24
547043,24.99
548476,27.79
548477,28.76
548479,22.42
548480,25.09
552396,23.33
552398,29.38
552531,24.15
553174,19.47
553175,18.67
553177,19.8
553184,16.83
553204,28.01
553206,24.77
553218,24.75
553220,24.95
553481,29.34
553482,20.29
553973,28.36
555970,24.15
556258,29.11
556259,30.68
556263,20.79
556264,18.77
556267,25.73
556268,28.57
556269,28.37
556270,28.34
557598,28.24
561177,16.35
561180,24.02
562973,26.24
562982,14.9
562983,15.79
563192,28.15
563193,30.59
563194,15.09
565040,25.09
565042,25.09
565047,27.88
565653,25.71
566550,29.11
566551,30.3
566552,25.62
568703,22.45
568816,23.68
573236,24.15
575586,26.33
575587,26.66
575594,15.05
575595,13.17
580050,24.15
585054,30.5
585394,30.74
585501,21.89
585506,18.15
585520,15.11
585524,15.06
585543,30.29
585544,29.11
586220,23.29
591001,27.06
591020,31.07
591365,19.81
592010,15.86
592022,31.56
592028,21.11
592031,12.85
596315,21.44
596320,28.15
596327,19.0
613026,24.28
622312,28.89
626095,4.22
626369,12.91
626522,18.56
626939,26.95
629741,24.69
632245,32.01
633147,21.08
634176,26.13
634498,18.17
638301,14.92
640513,30.5
641112,29.68
641118,28.91
641143,20.0
641146,18.3
642492,31.71
644042,24.54
644283,29.64
644284,15.71
645127,26.14
645462,27.69
645463,28.02
645464,25.28
649746,25.69
649747,28.38
649754,28.88
649757,27.82
649764,24.04
655811,13.32
655812,24.29
657308,20.15
657309,28.38
657313,30.1
657314,30.01
657316,28.8
657317,31.02
657319,26.02
657321,25.04
657322,29.23
657323,29.77
657324,29.9
658089,27.62
658659,27.88
663952,20.15
665943,23.67
665951,29.93
665953,29.11
675806,30.77
675812,27.51
679189,18.98
679192,10.59
679935,23.83
680646,21.93
688245,28.62
692420,27.93
695560,15.71
697329,30.23
698737,24.14
702443,29.68
702444,28.87
702447,28.94
702459,25.15
706433,14.87
709991,26.74
717959,24.46
717960,17.34
717962,28.91
718251,31.92
718252,28.53
720554,29.55
742725,28.01
742726,24.86
742727,30.68
742729,24.15
742733,31.17
742740,28.76
742741,28.31
742742,29.51
742743,25.2
742766,30.52
742816,30.81
742817,27.32
742818,22.83
742820,20.18
742821,24.75
743710,30.02
743719,30.99
748224,29.49
749219,24.57
749518,20.24
752555,29.44
754252,28.8
758678,23.81
759350,26.44
762376,28.68
762948,21.85
762966,25.41
762967,19.55
762968,29.47
762982,29.47
762983,28.25
762984,30.29
763034,29.98
767029,27.07
767031,19.45
768486,19.75
862514,14.95
862962,30.19
862965,25.23
863767,27.93
864566,25.33
866499,25.6
866771,18.53
866776,27.84
868129,19.76
871541,22.79
871585,27.31
873513,28.44
873533,25.05
878320,29.54
879088,28.27
879089,28.13
879090,28.17
879243,18.88
883062,25.15
883077,22.77
883156,27.18
883166,26.45
886872,20.58
887898,29.89
887929,29.17
888048,23.96
888050,25.55
888066,27.37
888727,19.65
888746,19.85
888826,22.28
888832,23.53
888833,23.16
889201,22.04
889204,21.06
890402,25.09
903510,30.72
903814,28.07
904306,25.52
904314,23.45
908290,30.77
908338,15.72
909954,11.7
910954,28.66
911104,22.31
927666,23.14
930942,19.82
931276,32.27
931277,17.13
935839,28.86
936154,21.39
937593,28.82
944562,17.22
945711,28.61
981539,27.9
983952,28.14
996285,29.3
997348,28.27
997350,19.99
997352,18.57
997353,18.57
997872,15.49
997884,29.11
998088,29.94
999410,31.57
999412,30.37
999413,27.68
999415,21.41
1000565,28.14
1002364,32.52
1002367,19.59
1002368,32.19
1005994,31.07
1005995,26.62
1005996,31.11
1005999,31.0
1006000,32.11
1006003,32.19
1006551,32.19
1009846,29.92
1028307,31.07
1028803,26.28
1031746,25.72
1033734,29.61
1033739,28.32
1033992,30.64
1035184,18.68
1035191,27.43
1035195,28.0
1035839,26.73
1037409,30.79
1042156,29.17
1042403,24.15
1045856,30.5
1046625,25.3
1050720,30.76
1051501,30.22
1051502,28.09
1054460,24.18
1064535,28.96
1064537,28.09
1074451,12.16
1076934,26.53
1077285,29.25
1077975,29.47
1089454,29.47
1089456,30.66
1089547,29.65
1095730,18.88
1095770,13.94
1110694,30.5
1112856,5.09
1115512,31.36
1115803,26.55
1118059,13.21
1120942,23.92
1120988,28.57
1121019,29.15
1121090,27.58
1121097,30.88
1121100,30.12
1121101,28.91
1121102,24.17
1121111,25.13
1121114,30.63
1121115,29.66
1121124,28.63
1121126,26.5
1121129,22.65
1121130,22.85
1121303,30.34
1121315,27.76
1121333,27.95
1121334,27.58
1121342,30.1
1121344,25.19
1121367,26.67
1121445,28.71
1121482,30.36
1121864,26.71
1122237,27.66
1122603,28.83
1122917,30.73
1122949,16.35
1122950,20.01
1122975,18.97
1122976,19.0
1122978,28.87
1122981,19.75
1122982,19.45
1122984,18.58
1122985,20.97
1122988,17.65
1122991,20.04
1122992,18.17
1122993,18.4
1122997,28.48
1123075,29.66
1123242,28.85
1123253,27.18
1123263,14.87
1123313,26.01
1123318,21.04
1123488,24.17
1123524,30.51
1124991,30.22
1125712,27.64
1125724,22.18
1127131,18.94
1130798,22.12
1133568,23.85
1136177,26.67
1139219,25.5
1140001,21.85
1140002,29.32
1144300,22.79
1150460,25.62
1150461,25.07
1156431,21.31
1156433,24.16
1156918,26.89
1158606,27.24
1158610,21.44
1158612,27.21
1159488,26.48
1159899,31.99
1160707,29.44
1160719,23.58
1160721,26.89
1163399,27.52
1167632,26.46
1170318,29.27
1171373,29.6
1175296,20.04
1176165,26.04
1178544,29.32
1185325,27.89
1189311,23.45
1194526,26.07
1196029,30.74
1197728,19.82
1197906,27.63
1198291,29.13
1202533,30.34
1202534,29.18
1203465,30.79
1203540,25.0
1203606,29.5
1203610,30.83
1203611,24.03
1206781,30.02
1208104,29.14
1211815,28.96
1211844,26.51
1212545,26.57
1214102,29.73
1215110,30.51
1215915,27.78
1216976,29.07
1217674,26.52
1217689,27.31
1217986,26.91
1218102,26.89
1219013,29.28
1223528,26.68
1229756,22.42
1229781,26.35
1231627,28.32
1232666,27.46
1233170,21.7
1235789,30.99
1235795,31.57
1235811,17.8
1235815,18.82
1236550,27.69
1237085,17.33
1244083,24.6
1246477,29.61
1248438,30.12
1254439,25.27
1255680,27.92
1256908,29.47
1257041,25.51
1259823,30.5
1260282,30.5
1261127,32.19
1262650,26.61
1274524,29.47
1276282,24.67
1278306,20.71
1280689,28.58
1280692,22.06
1280694,29.82
1280705,29.52
1282887,29.51
1286820,31.23
1292022,26.84
1292036,18.75
1292043,31.96
1295400,25.13
1296619,23.67
1300222,29.74
1304881,31.23
1307436,30.26
1315312,30.72
1315976,28.54
1316928,29.47
1316931,32.01
1319815,25.79
1321814,15.05
1322347,25.09
1328337,32.19
1331262,27.83
1336236,28.58
1336752,30.89
1336753,29.5
1346330,28.0
1346614,30.3
1353979,26.61
1367477,30.51
1382315,31.1
1384484,25.0
1392501,30.62
1397694,24.56
1400136,32.19
1401079,14.02
1408437,26.48
1408440,16.12
1408472,29.39
1410645,25.07
1410647,25.61
1410657,28.33
1410665,29.3
1410676,28.61
1415164,26.61
1423757,24.33
1423799,19.4
1423814,17.06
1429046,30.01
1437595,24.4
1437599,23.12
1437603,23.73
1437612,25.15
1437882,29.74
1440052,31.07
1441930,30.5
1444307,30.61
1446473,31.21
1448136,30.44
1448141,23.99
1458276,29.54
1899017,21.4
